directory,total_segs,covered_segs,inner_missing,gap_count,gap_index,gap_section,gap_local_n_start,gap_local_n_end,gap_missing_count,gap_sample_heb
menachot_59b,52,52,34,4,1,Menachot 59a,2,14,13,"וְאֵלּוּ טְעוּנוֹת שֶׁמֶן וּלְבוֹנָה: מִנְחַת הַסּוֹלֶת, וְהַמַּחֲבַת, וְהַמַּרְחֶשֶׁת, וְהַחַלּוֹת,"
menachot_59b,52,52,34,4,2,Menachot 59a,16,28,13,"אַדְּרַבָּה, לֶחֶם הַפָּנִים הֲוָה לֵיהּ לְרַבּוֹיֵי, שֶׁכֵּן צִיבּוּרָא, חוֹבָה, טַמְיָא."
menachot_59b,52,52,34,4,3,Menachot 59b,1,4,4,"שְׁתֵּי הַלֶּחֶם הֲוָה לֵיהּ לְרַבּוֹיֵי, שֶׁכֵּן: צִיבּוּר, חוֹבָה, טַמְיָא, דַּאֲכַל,"
menachot_59b,52,52,34,4,4,Menachot 59b,7,8,2,"גְּמָ׳ תָּנוּ רַבָּנַן: ״לֹא יָשִׂים עָלֶיהָ שֶׁמֶן״, וְאִם שָׂם – פָּסַל."
sanhedrin_71b,45,45,30,2,1,Sanhedrin 71a,2,4,26,אֵינוֹ נַעֲשֶׂה בֵּן סוֹרֵר וּמוֹרֶה עַד שֶׁיֹּאכַל בָּשָׂר וְיִשְׁתֶּה יַיִן. תָּנוּ רַבָּנַן: אָכַ
sanhedrin_71b,45,45,30,2,2,Sanhedrin 71b,18,19,2,"בִּשְׁלָמָא אֵשֶׁת אִישׁ, מֵעִיקָּרָא חֶנֶק וְהַשְׁתָּא חֶנֶק. אֶלָּא רוֹצֵחַ, מֵעִיקָּרָא חֶנֶק וְה"
niddah_72b,37,37,27,2,1,Niddah 72a,2,5,4,"טָבְלָה בַּיּוֹם שֶׁלְּאַחֲרָיו, וְשִׁמְּשָׁה אֶת בֵּיתָהּ, וְאַחַר כָּךְ רָאֲתָה — בֵּית שַׁמַּאי א"
niddah_72b,37,37,27,2,2,Niddah 72a,8,12,23,"אָמְרוּ לָהֶן בֵּית הִלֵּל לְבֵית שַׁמַּאי: לֹא, אִם אָמַרְתָּ בְּתוֹךְ אַחַד עָשָׂר יוֹם, שֶׁכֵּן י"
yoma_87,31,30,27,2,1,Yoma 87a,2,5,4,״שְׂאֵת פְּנֵי רָשָׁע לֹא טוֹב״ — לֹא טוֹב לָהֶם לָרְשָׁעִים שֶׁנּוֹשְׂאִין לָהֶם פָּנִים בָּעוֹלָם 
yoma_87,31,30,27,2,2,Yoma 87a,7,12,23,"הָאוֹמֵר אֶחֱטָא וְאָשׁוּב אֶחֱטָא וְאָשׁוּב. לְמָה לִי לְמֵימַר ״אֶחֱטָא וְאָשׁוּב, אֶחֱטָא וְאָשׁו"
bava_kamma_114,66,51,26,6,1,Bava Kamma 114a,27,1,4,"בִּשְׁלָמָא לְעוּלָּא, דְּאָמַר בְּיָדוּעַ קָנֵי; הָכָא נָמֵי בְּיָדוּעַ, וְדִבְרֵי הַכֹּל הִיא. אֶל"
bava_kamma_114,66,51,26,6,2,Bava Kamma 114b,3,7,5,תָּא שְׁמַע: נָטְלוּ מוֹכְסִין חֲמוֹרוֹ וְכוּ׳.
bava_kamma_114,66,51,26,6,3,Bava Kamma 114b,10,12,3,"אִי אָמְרַתְּ בִּשְׁלָמָא גַּנָּב כְּגַזְלָן דְּרַבִּי שִׁמְעוֹן קָאָמַר, מִשּׁוּם הָכִי קָנֵי; אֶלּ"
bava_kamma_114,66,51,26,6,4,Bava Kamma 114b,14,16,3,וְכֵן נְחִיל שֶׁל דְּבוֹרִים. מַאי ״וְכֵן״?
bava_kamma_114,66,51,26,6,5,Bava Kamma 114b,19,20,2,אֲמַר לֵיהּ רָבִינָא לְרַב אָשֵׁי: וְלָא? וַהֲרֵי נְחִיל שֶׁל דְּבוֹרִים – מֵסִיחַ לְפִי תּוּמּוֹ הו
bava_kamma_114,66,51,26,6,6,Bava Kamma 114b,22,23,2,בִּתְרוּמָה דְּרַבָּנַן.
berakhot_5,51,39,26,3,1,Berakhot 5a,4,7,4,"אָמַר רַבִּי יִצְחָק: כׇּל הַקּוֹרֵא קְרִיאַת שְׁמַע עַל מִטָּתוֹ, כְּאִלּוּ אוֹחֵז חֶרֶב שֶׁל שְׁתּ"
berakhot_5,51,39,26,3,2,Berakhot 5a,14,9,20,פְּלִיגִי בַּהּ רַבִּי יַעֲקֹב בַּר אִידִי וְרַבִּי אַחָא בַּר חֲנִינָא. חַד אָמַר: אֵלּוּ הֵם יִסּו
berakhot_5,51,39,26,3,3,Berakhot 5b,12,13,2,"אַמַּאי, לוֹקִים רַבִּי יוֹחָנָן לְנַפְשֵׁיהּ?"
shabbat_142,40,40,24,3,1,Shabbat 142a,12,18,7,רַבִּי יְהוּדָה אוֹמֵר: אַף מַעֲלִין וְכוּ׳. וְאַמַּאי?! הָא קָא מְתַקֵּן!
shabbat_142,40,40,24,3,2,Shabbat 142b,4,12,9,"מָעוֹת שֶׁעַל הַכַּר — מְנַעֵר אֶת הַכַּר, וְהֵן נוֹפְלוֹת. הָיְתָה עָלָיו לִשְׁלֶשֶׁת — מְקַנְּחָהּ"
shabbat_142,40,40,24,3,3,Shabbat 142b,17,18,2,"אָמַר אַבָּיֵי: אִי לָאו דְּאָדָם חָשׁוּב אֲנָא, כַּפָּא אַכִּיפֵי לְמָה לִי? הָא חֲזוּ לְמִיזְגָּא "
menachot_68,44,43,23,3,1,Menachot 68a,17,18,2,"מִשֶּׁקָּרַב הָעוֹמֶר, הוּתַּר חָדָשׁ מִיָּד! לְמִצְוָה."
menachot_68,44,43,23,3,2,Menachot 68b,2,4,3,"וְלָא יָדְעִי, דְּאֶשְׁתָּקַד לָא הֲוָה עוֹמֶר, הֵאִיר מִזְרָח מַתִּיר, וְהַשְׁתָּא דְּאִיכָּא עוֹמֶ"
menachot_68,44,43,23,3,3,Menachot 68b,9,25,17,"וְרַבָּן יוֹחָנָן בֶּן זַכַּאי מִדְּרַבָּנַן קָאָמַר, וְכִי תַּקֵּין לְיוֹם הֶנֶף – לִסְפֵיקָא לָא ת"
shabbat_67,35,35,22,3,1,Shabbat 67a,3,9,7,"יוֹמָא קַמָּא, לִיחְרוֹק בֵּיהּ פּוּרְתָּא וְלֵימָא: ״וַיֵּרָא מַלְאַךְ ה׳ אֵלָיו וְגוֹ׳״. לִמְחַר, "
shabbat_67,35,35,22,3,2,Shabbat 67a,15,8,12,הָא אֵין בּוֹ מִשּׁוּם רְפוּאָה יֵשׁ בּוֹ מִשּׁוּם דַּרְכֵי הָאֱמוֹרִי? וְהָתַנְיָא: אִילָן שֶׁמַּשּ
shabbat_67,35,35,22,3,3,Shabbat 67b,15,16,2,״חַמְרָא וְחַיֵּי לְפוּם רַבָּנַן״ — אֵין בּוֹ מִשּׁוּם דַּרְכֵי הָאֱמוֹרִי. מַעֲשֶׂה בְּרַבִּי עֲקִ
zevachim_14,42,41,22,5,1,Zevachim 14a,3,5,3,"חַטָּאוֹת הַחִיצוֹנוֹת – פְּשִׁיטָא, לָא כְּתִיב בְּהוּ ״וְטָבַל״!"
zevachim_14,42,41,22,5,2,Zevachim 14a,10,13,4,"אִי מִחוּץ לִזְמַנּוֹ – מָה לְחוּץ לִזְמַנּוֹ, שֶׁכֵּן כָּרֵת!"
zevachim_14,42,41,22,5,3,Zevachim 14a,15,18,4,"וְאִם תִּמְצֵי לוֹמַר סָבַר לַהּ כְּרַבִּי יְהוּדָה, דְּאָמַר: תּוֹךְ עֲזָרָה מְקַדֵּשׁ; אֵין מַחְשָ"
zevachim_14,42,41,22,5,4,Zevachim 14b,9,12,4,אָמַר רַב שִׁישָׁא בְּרֵיהּ דְּרַב אִידִי: מִידֵּי דְּהָוֵה אַמַּרְאוֹת נְגָעִים; דְּלָאו עֲבוֹדָה ה
zevachim_14,42,41,22,5,5,Zevachim 14b,16,18,3,"דִּלְמָא יוֹשֵׁב – דְּקָשָׁיֵיף מֵישָׁף, עוֹמֵד דּוּמְיָא דְּיוֹשֵׁב – דְּנָיֵיד פּוּרְתָּא."
arakhin_14,45,44,21,7,1,Arakhin 14a,4,5,2,"וְאִיבָּעֵית אֵימָא, אַיְּידֵי דְּקָא בָּעֵי לְמִתְנֵי סֵיפָא ״שְׂדֵה אֲחוּזָּה״, דִּבְיִשְׂרָאֵל הו"
arakhin_14,45,44,21,7,2,Arakhin 14a,9,10,2,"אֵיתִיבֵיהּ: ״בֵּית זֶרַע״ — אֵין לִי אֶלָּא בֵּית זֶרַע, שְׂדֵה גְּפָנִים וּשְׂדֵה קָנִים וּשְׂדֵה "
arakhin_14,45,44,21,7,3,Arakhin 14a,16,17,2,"אִי רַבִּי שִׁמְעוֹן, אֵימָא סֵיפָא: וְלֹא עוֹד, אֶלָּא אֲפִילּוּ הִקְדִּישׁ אִילָנוֹתָיו וְאַחַר כּ"
arakhin_14,45,44,21,7,4,Arakhin 14b,5,10,6,"אִם כֵּן, לִכְתּוֹב רַחֲמָנָא: ״אִם אֶת שְׂדֵה מִקְנָתוֹ אֲשֶׁר לֹא אֲחֻזָּתוֹ״, מַאי ״מִשְּׂדֵה״ — "
arakhin_14,45,44,21,7,5,Arakhin 14b,13,14,2,שְׂדֵה מִקְנָה נוֹתֵן שׇׁוְויוֹ. תָּנוּ רַבָּנַן: ״בְּמִכְסַת״ — מַה בָּא לִלְמוֹד? לְפִי שֶׁנֶּאֱמַ
arakhin_14,45,44,21,7,6,Arakhin 14b,18,19,2,"תַּנְיָא כְּוָותֵיהּ דְּרָבָא, וְלָא מִטַּעְמֵיהּ. תַּנְיָא: ״בְּמִכְסַת הָעֶרְכְּךָ״ — הִקִּישׁוֹ ה"
arakhin_14,45,44,21,7,7,Arakhin 14b,22,23,2,"מַתְנִי׳ בָּאוֹנֵס וּבַמְפַתֶּה לְהָקֵל וּלְהַחֲמִיר, כֵּיצַד? אֶחָד שֶׁאָנַס וּפִיתָּה אֶת גְּדוֹלָ"
gittin_85,45,45,21,3,1,Gittin 85a,4,6,3,תָּנֵי אֲבוּהּ דְּרַבִּי אָבִין קַמֵּיהּ דְּרַבִּי זֵירָא: כָּתַב גֵּט עַל תְּנַאי – דִּבְרֵי הַכֹּל
gittin_85,45,45,21,3,2,Gittin 85a,19,20,2,"אֲמַר לֵיהּ, תְּנֵיתוּהָ: ״לְאַבָּא וּלְאָבִיךָ״. וּבְמַאי? אִילֵימָא בְּנִשּׂוּאִין, אַבָּא וְאָבִי"
gittin_85,45,45,21,3,3,Gittin 85b,2,17,16,"גְּמָ׳ פְּשִׁיטָא, אָמַר לָהּ לְאִשְׁתּוֹ: ״הֲרֵי אַתְּ בַּת חוֹרִין״ – לֹא אָמַר וְלֹא כְּלוּם; אָמ"
bava_kamma_71,42,40,20,2,1,Bava Kamma 71a,15,4,13,אָמְרִי: סָבַר לַהּ כְּרַבִּי יוֹחָנָן הַסַּנְדְּלָר.
bava_kamma_71,42,40,20,2,2,Bava Kamma 71b,11,13,3,"אָמַר רַב כָּהֲנָא, אַמְרִיתָא לִשְׁמַעְתָּא קַמֵּיהּ דְּרַב זְבִיד מִנְּהַרְדְּעָא: מִי מָצֵית מוֹק"
sanhedrin_105,37,35,20,6,1,Sanhedrin 105a,2,4,3,״מַדּוּעַ שׁוֹבְבָה הָעָם הַזֶּה יְרוּשָׁלִַים מְשֻׁבָה נִצַּחַת וְגוֹ׳״. אָמַר רַב: תְּשׁוּבָה נִצּ
sanhedrin_105,37,35,20,6,2,Sanhedrin 105a,11,12,2,"רַבִּי יְהוֹשֻׁעַ הִיא, דְּתַנְיָא: רַבִּי אֱלִיעֶזֶר אוֹמֵר, ״יָשׁוּבוּ רְשָׁעִים לִשְׁאוֹלָה כׇּל "
sanhedrin_105,37,35,20,6,3,Sanhedrin 105a,14,1,5,״וַיֵּשְׁבוּ שָׂרֵי מוֹאָב עִם בִּלְעָם״. וְשָׂרֵי מִדְיָן לְהֵיכָן אֲזוּל? כֵּיוָן דַּאֲמַר לְהוּ: 
sanhedrin_105,37,35,20,6,4,Sanhedrin 105b,5,8,4,אֶלָּא מַאי ״וְיֹדֵעַ דַּעַת עֶלְיוֹן״? שֶׁהָיָה יוֹדֵעַ לְכַוֵּון אוֹתָהּ שָׁעָה שֶׁהַקָּדוֹשׁ בָּר
sanhedrin_105,37,35,20,6,5,Sanhedrin 105b,10,11,2,"תָּנָא מִשְּׁמֵיהּ דְּרַבִּי מֵאִיר: בְּשָׁעָה שֶׁהַחַמָּה זוֹרַחַת, וְהַמְּלָכִים מַנִּיחִין כִּתְר"
sanhedrin_105,37,35,20,6,6,Sanhedrin 105b,13,14,2,אֲמַר לֵיהּ רָבָא לְרַבָּה בַּר מָרִי: כְּתִיב ״יֵיטֵב אֱלֹהִים אֶת שֵׁם שְׁלֹמֹה מִשְּׁמֶךָ וִיגַדּ
sanhedrin_29b,59,36,20,1,1,Sanhedrin 29a,20,2,20,"אֲמַר לֵיהּ רָבָא, יָכְלִי לְמֵימַר: שַׁב שְׁנֵי הֲוָה כַּפְנָא, וְאַבָּבָא אוּמָּנָא לָא חֲלֵיף."
arakhin_20,42,32,19,5,1,Arakhin 20a,12,13,2,"חוֹמֶר בָּעֲרָכִין מִבַּנְּדָרִים, כֵּיצַד? אָמַר: ״עֶרְכִּי עָלַי״ וָמֵת — יִתְּנוּ יוֹרְשִׁין, ״דּ"
arakhin_20,42,32,19,5,2,Arakhin 20a,17,18,2,"וְהָא ״לֹא אָמַר כְּלוּם״ קָתָנֵי! לֹא אָמַר כְּלוּם לְרַבָּנַן, וְנוֹתֵן דָּמֶיהָ לְרַבִּי מֵאִיר."
arakhin_20,42,32,19,5,3,Arakhin 20a,24,25,2,"״חֲצִי דָּמַי עָלַי״ — נוֹתֵן כּוּ׳. ״דְּמֵי חֶצְיִי עָלַי״ — נוֹתֵן דְּמֵי כּוּלּוֹ, מַאי טַעְמָא?"
arakhin_20,42,32,19,5,4,Arakhin 20a,31,3,5,"הָאוֹמֵר ״עֶרְכּוֹ שֶׁל פְּלוֹנִי עָלַי״, וּמֵת הַנּוֹדֵר כּוּ׳. מַאי נִיהוּ? שֶׁעָמַד בַּדִּין."
arakhin_20,42,32,19,5,5,Arakhin 20b,5,9,5,"מִי אַלִּימָא מִמַּתְנִיתִין, דְּאוֹקֵימְנָא דְּקָאָמַר ״דְּמֵי״? הָכָא נָמֵי דְּקָאָמַר ״דְּמֵי״."
avodah_zarah_6,34,29,19,2,1,Avodah Zarah 6a,7,6,16,"אַיְּידֵי דִּתְנָא ״שְׁלֹשָׁה לִפְנֵיהֶם״, תְּנָא נָמֵי ״שְׁלֹשָׁה לְאַחֲרֵיהֶם״."
avodah_zarah_6,34,29,19,2,2,Avodah Zarah 6b,10,12,3,"וּצְרִיכִי, דְּאִי תְּנָא לָשֵׂאת וְלָתֵת עִמָּהֶן, מִשּׁוּם דְּקָא מַרְוַוח לְהוּ וְאָזֵיל וּמוֹדֶה"
bava_kamma_30,48,45,19,3,1,Bava Kamma 30a,24,1,6,"וְהָתְנַן, רַבִּי יְהוּדָה אוֹמֵר: בְּנֵר חֲנוּכָּה – פָּטוּר, מִפְּנֵי שֶׁהוּא בִּרְשׁוּת. מַאי, לָ"
bava_kamma_30,48,45,19,3,2,Bava Kamma 30b,5,9,5,"תְּנָא לְרֵישָׁא, וְהוּא הַדִּין לְסֵיפָא."
bava_kamma_30,48,45,19,3,3,Bava Kamma 30b,11,15,5,"תָּא שְׁמַע, מִדְּקָאָיְירִינַן גָּלָל!"
nazir_29b,27,27,19,1,1,Nazir 29a,2,4,19,"בִּשְׁלָמָא לְרַבִּי יוֹחָנָן, דְּאָמַר: הֲלָכָה הִיא בְּנָזִיר, אַמְּטוּ לְהָכִי: בְּנוֹ — אִין, בּ"
pesachim_5,38,32,19,5,1,Pesachim 5a,2,5,4,"הַשְׁבָּתַת שְׂאוֹר לַאֲכִילַת חָמֵץ, דִּכְתִיב: ״שִׁבְעַת יָמִים שְׂאֹר לֹא יִמָּצֵא בְּבָתֵּיכֶם כ"
pesachim_5,38,32,19,5,2,Pesachim 5a,7,10,4,"אֶלָּא מֵעַתָּה, ״וּלְקַחְתֶּם לָכֶם בַּיּוֹם הָרִאשׁוֹן״, הָכִי נָמֵי רִאשׁוֹן דְּמֵעִיקָּרָא מַשְׁ"
pesachim_5,38,32,19,5,3,Pesachim 5a,12,16,5,"אִיצְטְרִיךְ: סָלְקָא דַּעְתָּךְ אָמֵינָא, הוֹאִיל דִּכְתַב רַחֲמָנָא: ״וּבַיּוֹם הַשְּׁמִינִי״, וָי"
pesachim_5,38,32,19,5,4,Pesachim 5a,18,20,3,תַּנְיָא נָמֵי הָכִי: ״אַךְ בַּיּוֹם הָרִאשׁוֹן תַּשְׁבִּיתוּ שְּׂאֹר מִבָּתֵּיכֶם״ — מֵעֶרֶב יוֹם ט
pesachim_5,38,32,19,5,5,Pesachim 5b,2,3,2,תָּנוּ רַבָּנַן: ״שִׁבְעַת יָמִים שְׂאֹר לֹא יִמָּצֵא בְּבָתֵּיכֶם״. מַה תַּלְמוּד לוֹמַר? וַהֲלֹא כ
sanhedrin_103,34,32,19,5,1,Sanhedrin 103a,3,4,2,אָמַר רַבִּי יוֹחָנָן מִשּׁוּם רַבִּי שִׁמְעוֹן בֶּן יוֹחַי: מַאי דִּכְתִיב ״וַיִּשְׁמַע אֵלָיו וַיּ
sanhedrin_103,34,32,19,5,2,Sanhedrin 103a,7,9,3,וְאָמַר רַבִּי יוֹחָנָן מִשּׁוּם רַבִּי שִׁמְעוֹן בֶּן יוֹחַי: מַאי דִּכְתִיב ״אִישׁ חָכָם נִשְׁפָּט
sanhedrin_103,34,32,19,5,3,Sanhedrin 103a,13,15,3,וְאָמַר רַב חִסְדָּא אָמַר רַבִּי יִרְמְיָה בַּר אַבָּא: מַאי דִּכְתִיב ״לֹא תְאֻנֶּה אֵלֶיךָ רָעָה 
sanhedrin_103,34,32,19,5,4,Sanhedrin 103b,5,11,7,"תַּנְיָא: הָיָה רַבִּי מֵאִיר אוֹמֵר, אַבְשָׁלוֹם אֵין לוֹ חֵלֶק לָעוֹלָם הַבָּא, שֶׁנֶּאֱמַר ״וַיַּ"
sanhedrin_103,34,32,19,5,5,Sanhedrin 103b,14,15,2,"אֲמַר לֵיהּ: בִּמְלָכִים לֹא שָׁמַעְתִּי, בְּהֶדְיוֹטוֹת שָׁמַעְתִּי. מִפְּנֵי מָה לֹא מָנוּ אֶת מִי"
sanhedrin_26,57,56,19,1,1,Sanhedrin 26b,11,29,19,אָמַר רַבִּי יְהוּדָה אֵימָתַי. אָמַר רַבִּי אֲבָהוּ אָמַר רַבִּי אֶלְעָזָר: הֲלָכָה כְּרַבִּי יְהוּ
shabbat_54,42,41,19,5,1,Shabbat 54a,2,3,2,הָרְחֵלִים יוֹצְאוֹת כְּבוּלוֹת. מַאי ״כְּבוּלוֹת״? — שֶׁמְּכַבְּלִין אַלְיָה שֶׁלָּהֶן לְמַטָּה כְּ
shabbat_54,42,41,19,5,2,Shabbat 54a,5,7,3,כְּבוּנוֹת. מַאי ״כְּבוּנוֹת״? — שֶׁמְכַבְּנִין אוֹתָן לְמֵילָת. כְּדִתְנַן: שְׂאֵת — כְּצֶמֶר לָבָן
shabbat_54,42,41,19,5,3,Shabbat 54a,14,16,3,"וְאַכַּתִּי לָא דָּמֵי: בִּשְׁלָמָא רֵישָׁא וְסֵיפָא — נִיחָא, מְצִיעֲתָא קַשְׁיָא!"
shabbat_54,42,41,19,5,4,Shabbat 54b,3,6,4,"וְאֵין הַתַּרְנְגוֹלִים יוֹצְאִין בְּחוּטִין וְלֹא בִּרְצוּעָה שֶׁבְּרַגְלֵיהֶם, וְאֵין הַזְּכָרִים "
shabbat_54,42,41,19,5,5,Shabbat 54b,9,11,3,וְאֵין הַתַּרְנְגוֹלִין יוֹצְאִין בְּחוּטִין: דְּעָבְדִי לְהוּ סִימָנָא כִּי הֵיכִי דְּלָא לִיחְלְפו
shevuot_29,32,30,19,5,1,Shevuot 29a,3,5,3,נִשְׁבַּע עַל דָּבָר שֶׁאִי אֶפְשָׁר לוֹ – ״אִם לֹא רָאִיתִי גָּמָל שֶׁפּוֹרֵחַ בָּאֲוִיר״ וְ״אִם לֹ
shevuot_29,32,30,19,5,2,Shevuot 29a,12,16,5,"תָּא שְׁמַע: וְכֵן מָצִינוּ כְּשֶׁהִשְׁבִּיעַ מֹשֶׁה אֶת יִשְׂרָאֵל, אָמַר לָהֶן: ״דְּעוּ שֶׁלֹּא עַ"
shevuot_29,32,30,19,5,3,Shevuot 29b,2,4,3,וְ״אִם לֹא רָאִיתִי נָחָשׁ כְּקוֹרַת בֵּית הַבַּד״. וְלָא?! וְהָא הַהוּא דַּהֲוָה בִּשְׁנֵי שַׁבּוּר
shevuot_29,32,30,19,5,4,Shevuot 29b,8,9,2,"אַחַת זוֹ וְאַחַת זוֹ, הַמּוּשְׁבָּע מִפִּי אֲחֵרִים חַיָּיב – ״אִם לֹא אָכַלְתִּי הַיּוֹם״ וְ״לֹא ה"
shevuot_29,32,30,19,5,5,Shevuot 29b,11,14,4,וְתַנְיָא בְּבָרַיְיתָא: שְׁבוּעַת הָעֵדוּת כֵּיצַד? אָמַר לְעֵדִים: ״בּוֹאוּ וְהַעִידוּנִי״; ״שְׁבו
niddah_13,49,49,18,2,1,Niddah 13a,15,16,2,"הֵי אֲמַר לְהוּ בְּרֵישָׁא? אִילֵּימָא קַמַּיְיתָא אֲמַר לְהוּ בְּרֵישָׁא, בָּתַר דְּאָמַר לְהוּ אִי"
niddah_13,49,49,18,2,2,Niddah 13b,8,23,16,"בָּאֲנָשִׁים תִּקָּצֵץ. אִיבַּעְיָא לְהוּ: דִּינָא תְּנַן אוֹ לָטוּתָא תְּנַן? דִּינָא תְּנַן, כִּי "
shevuot_34,47,46,18,4,1,Shevuot 34a,10,12,3,אֵיפוֹךְ אֲנָא!
shevuot_34,47,46,18,4,2,Shevuot 34a,15,16,2,אִיכָּא בֵּינַיְיהוּ עֵדֵי קְנָס.
shevuot_34,47,46,18,4,3,Shevuot 34b,11,13,3,וּמַאי חוּכָא? דִּלְמָא רַבִּי שִׁמְעוֹן בְּקַל וָחוֹמֶר מַיְיתֵי לַהּ: מִפִּי אֲחֵרִים חַיָּיב – מִ
shevuot_34,47,46,18,4,4,Shevuot 34b,17,20,4,"אַדְּרַבָּה – מֵעֵדוּת הֲוָה לֵיהּ לְמֵילַף, שֶׁכֵּן ״תֶּחֱטָא״ מִ״תֶּחֱטָא״!"
temurah_30,41,32,18,4,1,Temurah 30a,5,6,2,"אִי הָכִי, מַאי טַעְמָא דְּרַבָּנַן? שִׁפְחָה לְעֶבֶד עִבְרִי מִישְׁרָא שַׁרְיָא! הָכָא בְמַאי עָסְק"
temurah_30,41,32,18,4,2,Temurah 30a,8,12,5,"אֶתְנַן הַכֶּלֶב וּמְחִיר זוֹנָה — הֲרֵי אֵלּוּ מוּתָּרִין, שֶׁנֶּאֱמַר ״שְׁנַיִם״ וְלֹא אַרְבָּעָה."
temurah_30,41,32,18,4,3,Temurah 30b,7,10,4,"אִי בָּעֵית אֵימָא קְרָא, גַּבֵּי עֲבוֹדָה זָרָה כְּתִיב: ״וְהָיִיתָ חֵרֶם כָּמוֹהוּ״, כֹּל שֶׁאַתָּ"
temurah_30,41,32,18,4,4,Temurah 30b,12,14,3,"בֵּית הִלֵּל סָבְרִי: ״הֵם״ — וְלֹא וַלְדוֹתֵיהֶן, ״הֵם״ — וְלֹא שִׁינּוּיֵיהֶן."
zevachim_119,39,36,18,3,1,Zevachim 119a,12,9,11,בִּשְׁלָמָא לְמַאן דְּאָמַר ״מְנוּחָה״ זוֹ שִׁילֹה – הַיְינוּ דִּכְתִיב: ״אֶל הַמְּנוּחָה וְאֶל הַנַ
zevachim_119,39,36,18,3,2,Zevachim 119b,11,14,4,"הִקְדִּישָׁן בִּשְׁעַת אִיסּוּר הַבָּמוֹת, וְשָׁחַט וְהֶעֱלָה בַּחוּץ בִּשְׁעַת הֶיתֵּר הַבָּמוֹת – "
zevachim_119,39,36,18,3,3,Zevachim 119b,24,25,2,לֵימָא מְסַיַּיע לֵיהּ: חָזֶה וָשׁוֹק וּתְרוּמַת לַחְמֵי תוֹדָה – נוֹהֲגִין בְּקׇדְשֵׁי בָּמָה גְּדו
arakhin_26,37,29,17,3,1,Arakhin 26a,3,4,2,"רַבִּי אֱלִיעֶזֶר אוֹמֵר: לֹא נִכְנָסִין, וְלֹא נוֹתְנִין."
arakhin_26,37,29,17,3,2,Arakhin 26a,10,16,7,"וְהָתַנְיָא: ״בִּשְׁנַת הַיּוֹבֵל יָשׁוּב הַשָּׂדֶה לַאֲשֶׁר קָנָהוּ מֵאִתּוֹ״, יָכוֹל יַחְזוֹר לַגּ"
arakhin_26,37,29,17,3,3,Arakhin 26b,5,10,6,"וְתִסְבְּרַאּ?! רַבִּי יְהוּדָה וְרַבִּי שִׁמְעוֹן הַאי ״עוֹד״ מַאי דָּרְשִׁי בֵּיהּ? אֶלָּא, הָכָא "
avodah_zarah_68,31,28,17,2,1,Avodah Zarah 68a,4,11,8,"אֵיתִיבֵיהּ רַב חַגָּא לְעוּלָּא: יַיִן שֶׁנָּפַל לְתוֹךְ עֲדָשִׁים, וְחוֹמֶץ שֶׁנָּפַל לְתוֹךְ גְּר"
avodah_zarah_68,31,28,17,2,2,Avodah Zarah 68a,13,5,6,"וְהָא הָכָא, דִּפְגַם מֵעִיקָּרָא, וּפְלִיגִי! וְכִי תֵּימָא: הָכָא נָמֵי"
bava_metzia_27,44,42,17,5,1,Bava Metzia 27a,4,5,2,גְּמָ׳ מַאי ״בִּכְלַל כׇּל אֵלּוּ״? אָמַר רָבָא: בִּכְלַל ״כׇּל אֲבֵדַת אָחִיךָ״.
bava_metzia_27,44,42,17,5,2,Bava Metzia 27a,7,8,2,"״שׁוֹר״ וָ״שֶׂה״, דִּכְתַב רַחֲמָנָא לְמָה לִי? ״שׁוֹר״ – דַּאֲפִילּוּ לְגִיזַּת זְנָבוֹ, וְ״שֶׂה״ –"
bava_metzia_27,44,42,17,5,3,Bava Metzia 27a,13,15,3,וּלְמַאן דְּנָפְקָא לֵיהּ מֵ״אֲשֶׁר תֹּאבַד״ הַאי ״וּמְצָאתָהּ״ מַאי עָבֵיד לֵיהּ?
bava_metzia_27,44,42,17,5,4,Bava Metzia 27a,17,23,7,"וְאִידַּךְ, הָא דְּרַבְנַאי מְנָא לֵיהּ? נָפְקָא לֵיהּ מִ״וּמְצָאתָהּ״."
bava_metzia_27,44,42,17,5,5,Bava Metzia 27b,3,4,2,תָּא שְׁמַע: חֲמוֹר בְּסִימָנֵי אוּכָּף. אֵימָא ״בְּעֵדֵי אוּכָּף״.
bava_metzia_32,41,41,17,2,1,Bava Metzia 32a,16,19,4,אִיצְטְרִיךְ. סָלְקָא דַּעְתָּךְ אָמֵינָא: הוֹאִיל וְהוּקַּשׁ כִּיבּוּד אָב וָאֵם לִכְבוֹדוֹ שֶׁל מָ
bava_metzia_32,41,41,17,2,2,Bava Metzia 32b,6,18,13,"תֵּדַע דְּצַעַר בַּעֲלֵי חַיִּים לָאו דְּאוֹרָיְיתָא, דְּקָתָנֵי רֵישָׁא: הָלַךְ וְיָשַׁב לוֹ וְאָמַ"
berakhot_34,47,45,17,5,1,Berakhot 34b,1,2,2,"כֹּהֵן גָּדוֹל, בְּסוֹף כׇּל בְּרָכָה וּבְרָכָה. וְהַמֶּלֶךְ, תְּחִלַּת כׇּל בְּרָכָה וּבְרָכָה וְסו"
berakhot_34,47,45,17,5,2,Berakhot 34b,6,11,6,"לָא קַשְׁיָא: הָא בַּתְּחִלָּה, הָא לְבַסּוֹף."
berakhot_34,47,45,17,5,3,Berakhot 34b,13,14,2,גְּמָ׳ אַהֵיָיא?
berakhot_34,47,45,17,5,4,Berakhot 34b,16,17,2,אָמַר רַבִּי חִיָּיא אָמַר רַב סָפְרָא מִשּׁוּם חַד דְּבֵי רַבִּי: בְּ״אָבוֹת״.
berakhot_34,47,45,17,5,5,Berakhot 34b,23,24,2,וְרַבִּי יוֹחָנָן אָמַר לְךָ: מַאי ״רָחוֹק״ — שֶׁהָיָה רָחוֹק מִדְּבַר עֲבֵירָה מֵעִיקָּרָא. וּמַאי 
hullin_120,55,54,17,3,1,Hullin 120a,9,11,3,וְהָרוֹטֶב. מַאי רוֹטֶב? אָמַר רָבָא: שׁוּמְנָא.
hullin_120,55,54,17,3,2,Hullin 120a,14,15,2,"וְהַקֵּיפֶה, מַאי קֵיפֶה? אָמַר רַבָּה: פִּירְמָא."
hullin_120,55,54,17,3,3,Hullin 120a,30,2,7,וּמַאי נִיהוּ? אִילֵּימָא חֵלֶב בְּהֵמָה לַגָּבוֹהַּ – נְבֵלָה נָמֵי אִשְׁתְּרַאי מְלִיקַת עוֹף לַגָ
yevamot_28,42,34,17,4,1,Yevamot 28a,9,16,8,"וְאַמַּאי? לֵיקוּ חָתָן לְיַיבֵּם הָךְ דְּאֵינָהּ חֲמוֹתוֹ בְּרֵישָׁא, וְתֶהֱוֵי חֲמוֹתוֹ לְגַבֵּי א"
yevamot_28,42,34,17,4,2,Yevamot 28b,4,5,2,"הָיְתָה אַחַת מֵהֶן כּוּ׳. הָא תּוּ לְמָה לִי, הַיְינוּ הָךְ: מָה לִי לְחַד מָה לִי לִתְרֵי?!"
yevamot_28,42,34,17,4,3,Yevamot 28b,8,9,2,"הָא תּוּ לְמָה לִי, הַיְינוּ הָךְ: מָה לִי לְחַד, מָה לִי לִתְרֵי?!"
yevamot_28,42,34,17,4,4,Yevamot 28b,20,21,2,כְּגוֹן דַּהֲדַר וְיַבְּמִינְהוּ נָמֵי גָּד וְאָשֵׁר.
arakhin_27,38,29,16,3,1,Arakhin 27a,2,6,5,"הַכֹּהֲנִים וְהַלְוִיִּם מַקְדִּישִׁין לְעוֹלָם וְכוּ׳. בִּשְׁלָמָא גּוֹאֲלִין אִצְטְרִיךְ, לְאַפּוֹ"
arakhin_27,38,29,16,3,2,Arakhin 27a,10,14,5,שֶׁהַבְּעָלִים נוֹתְנִין חוֹמֶשׁ וְכוּ׳. מַאי אִירְיָא שֶׁהַבְּעָלִים נוֹתְנִין חוֹמֶשׁ? תִּיפּוֹק ל
arakhin_27,38,29,16,3,3,Arakhin 27b,9,10,2,"אֶלָּא אָמַר רַב חִסְדָּא: לָא קַשְׁיָא, כָּאן בְּבַת אַחַת, כָּאן בְּזֶה אַחַר זֶה. תַּנְיָא נָמֵי "
bava_kamma_41,40,40,16,3,1,Bava Kamma 41a,6,7,2,"גְּמָ׳ וְכִי מֵאַחַר דְּמִתָּם קָטְלִינַן לֵיהּ, מוּעָד הֵיכִי מַשְׁכַּחַתְּ לַהּ?"
bava_kamma_41,40,40,16,3,2,Bava Kamma 41a,10,12,3,וּמוּעָד לִבְהֵמָה הָוֵי מוּעָד לְאָדָם? אֶלָּא אָמַר רַב שִׁימִי: כְּגוֹן שֶׁהָרַג שְׁלֹשָׁה גּוֹיִ
bava_kamma_41,40,40,16,3,3,Bava Kamma 41a,19,5,11,"מַאי מַשְׁמַע? שִׁמְעוֹן בֶּן זוֹמָא אוֹמֵר, כְּאָדָם שֶׁאוֹמֵר לַחֲבֵירוֹ: ״יָצָא אִישׁ פְּלוֹנִי נ"
bava_metzia_66,32,30,16,1,1,Bava Metzia 66b,5,19,15,"וְלָא הִיא, דַּאֲפִילּוּ בְּגוֹ זִמְנֵיהּ נָמֵי לָא קָנֵי, וְהַאי דְּקָאָמַר לֵיהּ ״קְנִי״ – קָא סָב"
gittin_63,41,27,16,2,1,Gittin 63a,8,13,6,"תָּא שְׁמַע: ״הָבֵא לִי גִּיטִּי״, וְ״אִשְׁתְּךָ אָמְרָה הִתְקַבֵּל לִי גִּיטִּי״; ״הִתְקַבֵּל לִי ג"
gittin_63,41,27,16,2,2,Gittin 63a,15,6,9,רַבִּי הַיְינוּ תַּנָּא קַמָּא! אִיבָּעֵית אֵימָא: ״אִי אֶיפְשִׁי״ אֲתָא לְאַשְׁמוֹעִינַן; וְאִיבָּע
gittin_86,59,38,16,2,1,Gittin 86a,2,3,2,גּוּפוֹ שֶׁל גֵּט שִׁחְרוּר: ״הֲרֵי אַתְּ (בַּת) [בֶּן] חוֹרִין״; ״הֲרֵי אַתְּ לְעַצְמָךְ״: אַתְקֵין
gittin_86,59,38,16,2,2,Gittin 86a,8,21,14,"הָנִיחָא לְמַאן דְּאָמַר: הָכָא תֵּצֵא, אֶלָּא לְמַאן דְּאָמַר: הָכָא לֹא תֵּצֵא, מַאי אִיכָּא לְמֵי"
makkot_11,36,28,16,1,1,Makkot 11a,12,5,15,גְּמָ׳ מְנָא הָנֵי מִילֵּי? אָמַר רַב כָּהֲנָא: דְּאָמַר קְרָא: ״וְיָשַׁב בָּהּ עַד מוֹת הַכֹּהֵן הַ
menachot_89,39,37,16,4,1,Menachot 89a,3,5,3,תַּנְיָא: רַבִּי עֲקִיבָא אוֹמֵר: מָה תַּלְמוּד לוֹמַר ״בַּשֶּׁמֶן״ ״בַּשֶּׁמֶן״ שְׁנֵי פְּעָמִים? א
menachot_89,39,37,16,4,2,Menachot 89a,14,16,3,"וְרַבָּנַן, הַאי ״לְמִנְחָה וְלֹג שֶׁמֶן״ מַאי עָבְדִי לֵיהּ? הָהוּא לַמִּתְנַדֵּב מִנְחָה, שֶׁלֹּא "
menachot_89,39,37,16,4,3,Menachot 89b,3,4,2,"הַכֶּבֶשׂ הַבָּא עִם הָעוֹמֶר, אַף עַל פִּי שֶׁמִּנְחָתוֹ כְּפוּלָה – לֹא הָיוּ נְסָכָיו כְּפוּלִים."
menachot_89,39,37,16,4,4,Menachot 89b,11,14,4,"כֶּבֶשׂ הַבָּא עִם הָעוֹמֶר, תָּנוּ רַבָּנַן: ״וּמִנְחָתוֹ שְׁנֵי עֶשְׂרוֹנִים״, לִימֵּד עַל כֶּבֶשׂ"
zevachim_8,39,39,16,3,1,Zevachim 8a,2,3,2,"וְאַשְׁכְּחַן שְׁחִיטָה וְקַבָּלָה, זְרִיקָה מְנָלַן? דְּאָמַר קְרָא: ״וְכִפֶּר עָלָיו הַכֹּהֵן מֵחַ"
zevachim_8,39,39,16,3,2,Zevachim 8a,7,9,3,"אַשְׁכְּחַן שִׁנּוּי קֹדֶשׁ, שִׁנּוּי בְּעָלִים מְנָלַן? (אִם אֵינוֹ עִנְיָן לְשִׁנּוּי קֹדֶשׁ, תְּנ"
zevachim_8,39,39,16,3,3,Zevachim 8b,7,13,7,אֵימָא כֹּל דְּשָׁחֵיט – לֶהֱוֵי כְּמוֹתָהּ!
bava_kamma_64,37,37,15,3,1,Bava Kamma 64a,2,5,4,"יֵאָמֵר ״שׁוֹר״, ״שֶׂה״ וּ״גְנֵיבָה״, וְהַכֹּל בַּכְּלָל! אִילּוּ כָּךְ, הָיִיתִי אוֹמֵר: מָה הַפְּר"
bava_kamma_64,37,37,15,3,2,Bava Kamma 64a,13,3,7,"יֵאָמֵר ״גְּנֵיבָה״ וְ״שׁוֹר״ וָ״שֶׂה״ וְחַיִּים״ – וְהַכֹּל בַּכְּלָל! אִילּוּ כֵּן, הָיִיתִי אוֹמֵ"
bava_kamma_64,37,37,15,3,3,Bava Kamma 64b,14,15,2,"וּמַאן דְּאָמַר תַּרְוַיְיהוּ בְּטוֹעֵן טַעֲנַת גַּנָּב, קָסָבַר: מוֹדֶה בִּקְנָס וְאַחַר כָּךְ בָּא"
berakhot_15b,56,50,15,2,1,Berakhot 15a,9,10,2,גְּמָ׳ מַאי טַעְמָא דְּרַבִּי יוֹסֵי? מִשּׁוּם דִּכְתִיב ״שְׁמַע״ — הַשְׁמַע לְאׇזְנְךָ מָה שֶׁאַתָּ
berakhot_15b,56,50,15,2,2,Berakhot 15a,14,25,12,"עַד כָּאן לָא קָאָמַר רַבִּי יוֹסֵי לֹא יָצָא, אֶלָּא גַּבֵּי קְרִיאַת שְׁמַע דְּאוֹרָיְיתָא, אֲבָל "
eruvin_3,49,48,15,3,1,Eruvin 3a,22,27,6,רַב אַדָּא בַּר מַתְנָה מַתְנֵי לְהָא שְׁמַעְתָּא דְּרַבָּה אִיפְּכָא. אָמַר רַבָּה: בְּמָבוֹי פָּסו
eruvin_3,49,48,15,3,2,Eruvin 3b,4,5,2,אֵימָא: ״וּלְמַעְלָה״. וְהָא ״לְמַטָּה״ קָתָנֵי!
eruvin_3,49,48,15,3,3,Eruvin 3b,17,18,2,"אֵיזוֹ הִיא קָרַחַת הַכֶּרֶם? כֶּרֶם שֶׁחָרַב אֶמְצָעִיתוֹ, אֵין שָׁם שֵׁשׁ עֶשְׂרֵה אַמּוֹת לֹא יָב"
eruvin_4,34,32,15,1,1,Eruvin 4a,11,8,12,"שִׁיעוּרִין?! דְּאוֹרָיְיתָא הוּא! דִּכְתִיב: ״אֶרֶץ חִטָּה וּשְׂעוֹרָה וְגוֹ׳״, וְאָמַר רַב חָנָן: "
eruvin_44,31,30,15,3,1,Eruvin 44a,3,5,3,"דַּיְקָא נָמֵי, דְּקָאֲמַר לֵיהּ ״יִכָּנֵס״. מַאי ״יִכָּנֵס״ — לָאו בְּלֹא מְחִיצָה?!"
eruvin_44,31,30,15,3,2,Eruvin 44a,8,14,7,"אֶלָּא לָא קַשְׁיָא: הָא — כְּרַבִּי מֵאִיר, הָא — כְּרַבִּי יְהוּדָה. דְּתַנְיָא: עֲשָׂאָהּ לִבְהֵמ"
eruvin_44,31,30,15,3,3,Eruvin 44b,3,4,2,"וְהָא דְּרַבִּי נְחֶמְיָה בְּרֵיהּ דְּרַבִּי חֲנִילַאי, לְדַעַת הֲוָה! שֶׁלֹּא מִדַּעַת הֲוָה."
eruvin_95,45,43,15,3,1,Eruvin 95a,2,5,4,"לְהַךְ לִישָּׁנָא דְּאָמְרַתְּ בְּעֶשֶׂר לָא פְּלִיגִי: בְּעֶשֶׂר, וְדִבְרֵי הַכֹּל. לְהַךְ לִישָּׁנ"
eruvin_95,45,43,15,3,2,Eruvin 95a,10,11,2,"וְאָמַר רַב יְהוּדָה אָמַר שְׁמוּאֵל: הֲלָכָה כְּרַבִּי יְהוּדָה. וְלֹא עוֹד, אֶלָּא כׇּל מָקוֹם שֶׁ"
eruvin_95,45,43,15,3,3,Eruvin 95b,13,16,4,"הָנִיחָא דְּרֹאשׁ, דְּיָד מַאי אִיכָּא לְמֵימַר?"
keritot_25b,40,26,15,1,1,Keritot 25a,17,9,14,"גְּמָ׳ מַאי טַעְמָא דְּרַבִּי אֱלִיעֶזֶר? אִי סָלְקָא דַעְתָּךְ חוֹבָה הִיא, [כִּי] מִתְיְידַע לֵיהּ"
menachot_49,37,37,15,1,1,Menachot 49a,2,15,14,תָּנֵי רַבָּה בַּר בַּר חַנָּה קַמֵּיהּ דְּרַב: כִּבְשֵׂי עֲצֶרֶת שֶׁשְּׁחָטָן לְשׁוּם אֵילִים – כְּ
menachot_74,35,33,15,4,1,Menachot 74a,13,15,3,תָּנֵי אֲבוּהּ דְּרַבִּי אָבִין: ״כׇּל מִנְחַת כֹּהֵן כָּלִיל תִּהְיֶה לֹא תֵאָכֵל״ – לַאֲכִילָה הִק
menachot_74,35,33,15,4,2,Menachot 74a,18,19,2,"וְרַבָּנַן, הַאי ״כׇּל מִנְחַת כֹּהֵן כָּלִיל תִּהְיֶה לֹא תֵאָכֵל״, מַאי עָבְדִי לֵיהּ?"
menachot_74,35,33,15,4,3,Menachot 74b,4,5,2,גְּמָ׳ וְתוּ לֵיכָּא? וְהָא אִיכָּא עוֹלָה! אִיכָּא עוֹרָהּ לַכֹּהֲנִים. וְהָא אִיכָּא עוֹלַת הָעוֹף
menachot_74,35,33,15,4,4,Menachot 74b,7,9,3,"שְׁתֵּי הַלֶּחֶם וְלֶחֶם הַפָּנִים, וְתוּ לֵיכָּא? וְהָא אִיכָּא חַטַּאת הָעוֹף! אִיכָּא דָּמָהּ."
sanhedrin_50,49,49,15,3,1,Sanhedrin 50a,8,10,3,"שְׂרֵיפָה חֲמוּרָה מִסַּיִיף, שֶׁכֵּן נִיתְּנָה לְבַת כֹּהֵן שֶׁזִּינְּתָה. וּמַאי חוּמְרָא? שֶׁכֵּן"
sanhedrin_50,49,49,15,3,2,Sanhedrin 50a,22,24,3,"מִדְּאַפְּקֵיהּ רַחֲמָנָא לִנְשׂוּאָה בַּת כֹּהֵן מִכְּלַל נְשׂוּאָה בַּת יִשְׂרָאֵל, מֵחֶנֶק לִשְׂר"
sanhedrin_50,49,49,15,3,3,Sanhedrin 50b,18,21,4,תָּנוּ רַבָּנַן: ״וּבַת אִישׁ כֹּהֵן כִּי תֵחֵל״ – יָכוֹל אֲפִילּוּ חִלְּלָה אֶת הַשַּׁבָּת? תַּלְמו
yoma_72,34,25,15,3,1,Yoma 72a,5,8,4,חוֹשֶׁן וְאֵפוֹד עֶשְׂרִים וּשְׁמוֹנָה מְנָא לַן? דִּכְתִיב: ״וְעָשִׂיתָ חֹשֶׁן מִשְׁפָּט מַעֲשֵׂה ח
yoma_72,34,25,15,3,2,Yoma 72a,10,13,4,"רַבִּי יוֹסֵי בְּרַבִּי חֲנִינָא רָמֵי, כְּתִיב: ״בְּטַבְּעוֹת הָאָרוֹן יִהְיוּ הַבַּדִּים לֹא יָסוּ"
yoma_72,34,25,15,3,3,Yoma 72b,7,12,6,"רַבִּי יוֹחָנָן רָמֵי. כְּתִיב: ״זָר״, וְקָרֵינַן ״זֵיר״. זָכָה — נַעֲשֵׂית לוֹ זֵיר, לֹא זָכָה — זָ"
Hullin_5,25,25,14,2,1,Chullin 5a,2,9,8,אֶלָּא מֵהָכָא: ״וּמֶלֶךְ יִשְׂרָאֵל וִיהוֹשָׁפָט מֶלֶךְ יְהוּדָה יֹשְׁבִים אִישׁ עַל כִּסְאוֹ מְלֻב
Hullin_5,25,25,14,2,2,Chullin 5a,11,15,5,"הָא גוּפָא קַשְׁיָא, אָמְרַתְּ: ״מִכֶּם״ – וְלֹא כּוּלְּכֶם, לְהוֹצִיא אֶת הַמְשׁוּמָּד, וַהֲדַר תָּ"
bava_batra_175,28,23,14,3,1,Bava Batra 175a,5,8,4,"אָמַר רַבָּה: שְׁכִיב מְרַע שֶׁאָמַר ״מָנֶה לִפְלוֹנִי בְּיָדִי״, וְאָמְרוּ יְתוֹמִין ״פָּרַעְנוּ״ –"
bava_batra_175,28,23,14,3,2,Bava Batra 175b,3,4,2,"מַעֲשֶׂה וּבָא לִפְנֵי רַבִּי יִשְׁמָעֵאל, וְאָמַר: גּוֹבֶה מִנְּכָסִים בְּנֵי חוֹרִין. אָמַר לוֹ בּ"
bava_batra_175,28,23,14,3,3,Bava Batra 175b,6,12,7,"גְּמָ׳ אָמַר עוּלָּא: דְּבַר תּוֹרָה – אֶחָד מִלְוֶה בִּשְׁטָר, וְאֶחָד מִלְוֶה עַל פֶּה – גּוֹבֶה מ"
bekhorot_35,38,34,14,4,1,Bekhorot 35a,6,8,3,אָמַר רַב חִסְדָּא אָמַר רַב קַטִּינָא: לֹא שָׁנוּ אֶלָּא דַּאֲמַרוּ לֵיהּ ״אֶלָּא אִם כֵּן הָיָה בּ
bekhorot_35,38,34,14,4,2,Bekhorot 35a,12,13,2,"מַהוּ דְּתֵימָא: צַעְרֵיהּ הוּא דְּמִדְּכַר, קָא מַשְׁמַע לַן."
bekhorot_35,38,34,14,4,3,Bekhorot 35a,19,20,2,"רוֹעֵי כֹּהֲנִים בֵּי יִשְׂרָאֵל — אֵין נֶאֱמָנִין, מֵימָר אָמַר: כֵּיוָן דְּקָא טָרַחְנָא בֵּיהּ, ל"
bekhorot_35,38,34,14,4,4,Bekhorot 35b,2,4,3,"וְכׇל שֶׁכֵּן כֹּהֵן לְכֹהֵן, דְּחָיְישִׁינַן לְגוֹמְלִין, וְחָיְישִׁינַן לִלְגִימָא. וַאֲתָא רַבָּן"
bekhorot_47b,39,34,14,3,1,Bekhorot 47a,8,11,4,"אֶלָּא לָאו מִגֵּר שֶׁהָיוּ לוֹ בָּנִים וְנִתְגַּיֵּיר, וְקָתָנֵי בְּכוֹר לַנַּחֲלָה!"
bekhorot_47b,39,34,14,3,2,Bekhorot 47a,15,20,6,"מָר בְּרֵיהּ דְּרַב יוֹסֵף אָמַר מִשְּׁמֵיהּ דְּרָבָא: לְעוֹלָם דְּאִיעַבַּר מִיִּשְׂרָאֵל, וְשָׁאנֵ"
bekhorot_47b,39,34,14,3,3,Bekhorot 47b,6,7,2,"בְּכוֹר לַנַּחֲלָה הוּא דְּלָא הָוֵי, הָא כְּפָשׁוּט שָׁקֵיל. וְאַמַּאי? לֵיזִיל לְגַבַּי הַאי וְלִי"
berakhot_12b,56,33,14,4,1,Berakhot 12a,25,28,4,אָמַר שְׁמוּאֵל: מַאי טַעְמָא דְרַב — דִּכְתִיב: ״ה׳ זוֹקֵף כְּפוּפִים״.
berakhot_12b,56,33,14,4,2,Berakhot 12b,12,13,2,וּמִנַּיִן דְּאַחִילוּ לֵיהּ מִן שְׁמַיָּא — שֶׁנֶּאֱמַר: ״וַיֹּאמֶר שְׁמוּאֵל אֶל שָׁאוּל (מָחָר) [
berakhot_12b,56,33,14,4,3,Berakhot 12b,15,16,2,מַאי טַעְמָא? אִילֵּימָא מִשּׁוּם דִּכְתִיב בָּהּ: ״אֵל מֹצִיאָם מִמִּצְרַיִם״ — לֵימָא פָּרָשַׁת רִ
berakhot_12b,56,33,14,4,4,Berakhot 12b,21,22,2,"בִּשְׁלָמָא הָנֵי תְּלָת מְפָרְשָׁן. עוֹל מִצְוֹת, דִּכְתִיב: ״וּרְאִיתֶם אֹתוֹ וּזְכַרְתֶּם אֶת כָּ"
berakhot_13,66,46,14,3,1,Berakhot 13a,22,23,2,גְּמָ׳ שְׁמַע מִינַּהּ מִצְוֹת צְרִיכוֹת כַּוָּונָה.
berakhot_13,66,46,14,3,2,Berakhot 13a,31,36,6,"וְרַבִּי, שֶׁלֹּא יִקְרָא לְמַפְרֵעַ מְנָא לֵיהּ? נָפְקָא לֵיהּ מִ״דְּבָרִים״ ״הַדְּבָרִים״. וְרַבָּ"
berakhot_13,66,46,14,3,3,Berakhot 13b,7,10,4,וּמַאי שְׁנָא עַד כָּאן מִצְוַת כַּוָּונָה וּקְרִיאָה דִּכְתִיב ״עַל לְבָבֶךָ … וְדִבַּרְתָּ בָּם״. 
chagigah_10,34,31,14,3,1,Chagigah 10a,10,13,4,דְּאִי מִדְּרַבִּי אֱלִיעֶזֶר — דִּלְמָא כִּדְרַבִּי יְהוּדָה שֶׁאָמַר מִשּׁוּם רַבִּי טַרְפוֹן. דְּ
chagigah_10,34,31,14,3,2,Chagigah 10b,5,8,4,וְדִלְמָא הָכִי קָאָמַר רַחֲמָנָא: חֵלֶב הַבָּא בִּזְמַן חַג — ״לֹא יָלִין״!
chagigah_10,34,31,14,3,3,Chagigah 10b,15,16,2,אָמַר רַב אָשֵׁי: מַאי קוּשְׁיָא? דִּלְמָא מִידֵּי דְּהָוֵה אַמּוֹצִיא מְעוֹת הֶקְדֵּשׁ לְחוּלִּין!
chagigah_11,40,39,14,5,1,Chagigah 11a,3,4,2,וּמַאי קוּשְׁיָא? דִּלְמָא לְכִדְרַב. דְּאָמַר רַב: כְּגוֹן שֶׁהִנִּיחָהּ עַל פִּי אֲרוּבָּה. אִי דּ
chagigah_11,40,39,14,5,2,Chagigah 11a,8,10,3,"דְּתַנְיָא, רַבִּי אוֹמֵר: ״נֶפֶשׁ תַּחַת נָפֶשׁ״ — מָמוֹן. אַתָּה אוֹמֵר מָמוֹן, אוֹ אֵינוֹ אֶלָּא "
chagigah_11,40,39,14,5,3,Chagigah 11b,2,3,2,"דְּאָמַר רָבָא, אֲמַר לִי רַבִּי יִצְחָק בַּר אַבְדִּימִי: אָתְיָא ״הֵנָּה״ ״הֵנָּה״."
chagigah_11,40,39,14,5,4,Chagigah 11b,10,11,2,אֵין דּוֹרְשִׁין בָּעֲרָיוֹת בִּשְׁלֹשָׁה. מַאי טַעְמָא? אִילֵּימָא מִשּׁוּם דִּכְתִיב: ״אִישׁ אִישׁ
chagigah_11,40,39,14,5,5,Chagigah 11b,14,15,2,"אֶלָּא, מִדִּכְתִיב: ״וּשְׁמַרְתֶּם אֶת מִשְׁמַרְתִּי״, ״וּשְׁמַרְתֶּם״ — תְּרֵי, ״מִשְׁמַרְתִּי״ — "
eruvin_63,41,36,14,3,1,Eruvin 63a,12,13,2,אָמַר רָבָא: וּלְאַפְרוֹשֵׁי מֵאִיסּוּרָא — אֲפִילּוּ בְּפָנָיו שַׁפִּיר דָּמֵי. רָבִינָא הֲוָה יָתֵ
eruvin_63,41,36,14,3,2,Eruvin 63a,21,25,5,"זְעֵירִי אָמַר רַבִּי חֲנִינָא: נִקְרָא חוֹטֵא, שֶׁנֶּאֱמַר: ״בְּלִבִּי צָפַנְתִּי אִמְרָתֶךָ לְמַעַ"
eruvin_63,41,36,14,3,3,Eruvin 63b,1,3,3,וּכְתִיב: ״נוֹן בְּנוֹ יְהוֹשֻׁעַ בְּנוֹ״.
gittin_66b,32,25,14,1,1,Gittin 66a,5,16,12,מִכְּלָל דְּרַבִּי אַבָּא סָבַר: מְצַוֶּה מֵחֲמַת מִיתָה בָּעֲיָא קִנְיָן?! וְהָא קַיְימָא לַן דְּלָ
gittin_68,36,33,14,2,1,Gittin 68b,3,12,10,"כִּי מְטָא לְהָתָם, לָא עַיְּילוּהּ לְגַבֵּיהּ דִּשְׁלֹמֹה עַד תְּלָתָא יוֹמֵי. יוֹמָא קַמָּא אֲמַר "
gittin_68,36,33,14,2,2,Gittin 68b,18,19,2,וְקָא תָבַע לְהוּ בְּנִידּוּתַיְיהוּ; וְקָא תָבַע לַהּ נָמֵי לְבַת שֶׁבַע אִימֵּיהּ. אַתְיוּהּ לִשְׁ
gittin_71,35,34,14,3,1,Gittin 71a,8,10,3,"אָמַר רַב יוֹסֵף בַּר מִנְיוֹמֵי אָמַר רַב שֵׁשֶׁת: בְּעֵדוּת אִשָּׁה, דַּאֲקִילּוּ בַּהּ רַבָּנַן."
gittin_71,35,34,14,3,2,Gittin 71a,18,3,4,וּמִי גָּזְרִינַן חֵרֵשׁ אַטּוּ פִּיקֵּחַ?!
gittin_71,35,34,14,3,3,Gittin 71b,14,16,3,"אֶלָּא הָכָא בְּמַאי עָסְקִינַן – דְּלָא אֲמַר לְבֵי תְלָתָא. אִי הָכִי, ״עַד שֶׁיֹּאמַר לִשְׁלֹשָׁה"
keritot_12,38,33,14,3,1,Keritot 12a,12,1,3,"וּמוֹדִים חֲכָמִים לְרַבִּי יְהוּדָה בַּחֲלָבִין וּבְבִיאַת מִקְדָּשׁ, אֲבָל בְּטוּמְאָה – לָא מוֹדו"
keritot_12,38,33,14,3,2,Keritot 12b,14,18,5,אִיכָּא דְּאָמַר עַל סֵיפָא: מִשְּׁנֵי מִינִין – פָּטוּר. פְּשִׁיטָא! אָמַר רֵישׁ לָקִישׁ מִשּׁוּם ב
keritot_12,38,33,14,3,3,Keritot 12b,20,21,2,"רַבָּן גַּמְלִיאֵל סָבַר: אֵין יְדִיעָה לַחֲצִי שִׁיעוּר, וְרַבָּנַן סָבְרִי: יֵשׁ יְדִיעָה לַחֲצִי "
ketubot_99,32,31,14,4,1,Ketubot 99a,5,6,2,וְאִיכָּא דְּאָמְרִי: הָא לָא תִּיבְּעֵי לָךְ הֵיכָא דַּאֲמַר לֵיהּ ״זִיל זַבֵּין לִי לִיתְכָּא״ וְז
ketubot_99,32,31,14,4,2,Ketubot 99a,9,11,3,"אִי אָמְרַתְּ בִּשְׁלָמָא: שְׁלִיחַ כִּי הַאי גַוְונָא עוֹשֶׂה שְׁלִיחוּתוֹ, וּמוֹסִיף עַל דְּבָרָיו"
ketubot_99,32,31,14,4,3,Ketubot 99b,5,7,3,"כִּדְאָמַר רַב שִׁישָׁא בְּרֵיהּ דְּרַב אִידִי, בְּקַטִּינֵי, הָכָא נָמֵי בְּקַטִּינֵי."
ketubot_99,32,31,14,4,4,Ketubot 99b,10,13,4,"הָנֵי מִילֵּי הֵיכָא דִּטְעָה בַּעַל הַבַּיִת, אֲבָל טְעָה שָׁלִיחַ, אֲמַר לֵיהּ: ״לְתַקּוֹנֵי שַׁדּ"
makkot_16,34,30,14,2,1,Makkot 16a,4,7,4,"וְרַבִּי שִׁמְעוֹן בֶּן לָקִישׁ נָמֵי, הָא וַדַּאי הַתְרָאַת סָפֵק הוּא!"
makkot_16,34,30,14,2,2,Makkot 16a,14,17,4,אִי דְּקַטְלַהּ – קָם לֵיהּ בִּדְרַבָּה מִינֵּיהּ! אָמַר רַב שִׁימִי מָחוֹזְנָאָה: כְּגוֹן שֶׁקִּיבּ
menachot_16,47,47,14,2,1,Menachot 16b,5,6,2,אָמַר רַבָּה: מַשְׁכַּחַתְּ לַהּ בְּאַרְבָּעָה פָּרִים וְאַרְבָּעָה שְׂעִירִים.
menachot_16,47,47,14,2,2,Menachot 16b,23,29,7,"הִקְטִיר שׁוּמְשׁוּם לֶאֱכוֹל שׁוּמְשׁוּם, עַד שֶׁכָּלָה קוֹמֶץ כּוּלּוֹ – רַב חִסְדָּא וְרַב הַמְנו"
menachot_79,36,31,14,3,1,Menachot 79a,5,14,10,"הִתְחִיל רַבִּי אֱלִיעֶזֶר לָדוּן: דָּנִין פְּסוּל מַחְשָׁבָה מִפְּסוּל מַחְשָׁבָה, וְאֵין דָּנִין פ"
menachot_79,36,31,14,3,2,Menachot 79a,20,1,2,"אֲפִילּוּ תֵּימָא רַבִּי אֶלְעָזָר בְּרַבִּי שִׁמְעוֹן, הָכָא בְּמַאי עָסְקִינַן – כְּגוֹן שֶׁקִּיבֵ"
menachot_79,36,31,14,3,3,Menachot 79b,5,6,2,"הַשְׁתָּא נָמֵי, גְּזֵירָה שֶׁמָּא יֹאמְרוּ: נְסָכִים שֶׁהִפְרִישָׁן לְשׁוּם זֶבַח זֶה – כְּשֵׁרִין "
niddah_21,44,34,14,2,1,Niddah 21a,13,19,7,"לִשְׁמוּאֵל בַּחֲדָא, דְּאָמַר שְׁמוּאֵל: לֹא טִימֵּא רַבִּי יְהוּדָה אֶלָּא בַּחֲתִיכָה שֶׁל אַרְבַ"
niddah_21,44,34,14,2,2,Niddah 21b,5,7,3,"קָתָנֵי ״אֲדוּמָּה וּשְׁחוֹרָה, יְרוּקָּה וּלְבָנָה״, וּפְלִיג רַבִּי יְהוּדָה!"
niddah_30,48,44,14,3,1,Niddah 30a,10,11,2,"וְהָאִיכָּא יוֹלֶדֶת בְּזוֹב? יוֹלֶדֶת בְּזוֹב קָחָשֵׁיב, זִיבָה גְּרֵידְתָּא לָא קָחָשֵׁיב."
niddah_30,48,44,14,3,2,Niddah 30b,3,5,3,"וְכֵן לְעִנְיַן נְקֵבָה, שֶׁאִם תִּרְאֶה יוֹם שִׁבְעִים וְאַרְבָּעָה, וְתַחְזוֹר וְתִרְאֶה יוֹם שְׁמ"
niddah_30,48,44,14,3,3,Niddah 30b,7,12,6,מַאי רְאָיָה מִן הַתּוֹרָה? אִילֵּימָא טִימֵּא וְטִיהֵר בְּזָכָר וְטִימֵּא וְטִיהֵר בִּנְקֵבָה כּוּ׳
sanhedrin_27,41,34,14,4,1,Sanhedrin 27a,6,7,2,וְאָמַר רַבִּי יִרְמְיָה מִדִּיפְתִּי: עֲבַד רַב פַּפִּי עוֹבָדָא כְּוָותֵיהּ דְּרָבָא. מָר בַּר רַב
sanhedrin_27,41,34,14,4,2,Sanhedrin 27a,11,15,5,"מֵיתִיבִי: ״אַל תָּשֶׁת רָשָׁע עֵד״, ״אַל תָּשֶׁת חָמָס עֵד״ – אֵלּוּ גַּזְלָנִין וּמוֹעֲלִין בִּשְׁ"
sanhedrin_27,41,34,14,4,3,Sanhedrin 27a,18,20,3,וְהִלְכְתָא כְּוָותֵיהּ דְּאַבָּיֵי. וְהָא אִיתּוֹתַב? הָהִיא רַבִּי יוֹסֵי הִיא.
sanhedrin_27,41,34,14,4,4,Sanhedrin 27b,4,5,2,מִמַּאי? אִילֵּימָא מֵהָא דִּתְנַן: כׇּל הָרָאוּי לָדוּן דִּינֵי נְפָשׁוֹת רָאוּי לָדוּן דִּינֵי מָמ
sanhedrin_62,44,44,14,4,1,Sanhedrin 62a,20,21,2,"הַאי שִׁגְגַת עֲבוֹדָה זָרָה, הֵיכִי דָּמֵי? אִי קָסָבַר בֵּית הַכְּנֶסֶת הוּא וְהִשְׁתַּחֲוָה לוֹ, "
sanhedrin_62,44,44,14,4,2,Sanhedrin 62a,23,24,2,אֶלָּא בְּאוֹמֵר ״מוּתָּר״. תִּפְשׁוֹט דִּבְעָא מִינֵּיהּ רָבָא מֵרַב נַחְמָן: הֶעְלֵם זֶה וָזֶה בְּ
sanhedrin_62,44,44,14,4,3,Sanhedrin 62b,4,5,2,וְהַיְינוּ דַּאֲמַר לֵיהּ: ״פּוֹק תְּנִי לְבָרָא!״
sanhedrin_62,44,44,14,4,4,Sanhedrin 62b,10,15,6,"עַד כָּאן לָא בְּעָא מִינֵּיהּ רָבָא מֵרַב נַחְמָן הֶעְלֵם זֶה וָזֶה – אֶלָּא אִי לְחַיּוֹבֵי חֲדָא,"
sanhedrin_63,52,38,14,2,1,Sanhedrin 63a,21,25,5,"דָּבָר אַחֵר: ״לֹא תֹאכְלוּ עַל הַדָּם״ – לֹא תֹּאכְלוּ בָּשָׂר, וַעֲדַיִן דָּם בְּמִזְרָק."
sanhedrin_63,52,38,14,2,2,Sanhedrin 63a,29,4,5,"דְּתַנְיָא: ״לֹא תוֹתִירוּ מִמֶּנּוּ עַד בֹּקֶר״ – בָּא הַכָּתוּב לִיתֵּן עֲשֵׂה אַחַר לֹא תַעֲשֶׂה,"
sanhedrin_73,29,24,14,3,1,Sanhedrin 73a,5,8,4,מֵעַתָּה הֲרֵי זֶה בָּא לְלַמֵּד וְנִמְצָא לָמֵד. מַקִּישׁ רוֹצֵחַ לְנַעֲרָה הַמְאוֹרָסָה: מָה נַעֲר
sanhedrin_73,29,24,14,3,2,Sanhedrin 73a,13,4,6,"וְאִי כְּתַב רַחֲמָנָא ״נַעֲרָה״, מִשּׁוּם דְּקָא פָגֵים לַהּ, אֲבָל נַעַר דְּלָא קָא פָגֵים לֵיהּ –"
sanhedrin_73,29,24,14,3,3,Sanhedrin 73b,8,9,2,רַבִּי יְהוּדָה אוֹמֵר: אַף הָאוֹמֶרֶת ״הַנִּיחוּ לוֹ״ שֶׁלֹּא יַהַרְגֶנָּה. בְּמַאי קָמִיפַּלְגִי?
sotah_46,47,37,14,4,1,Sotah 46a,4,7,4,"אַלְּמָה אָמַר רַב יְהוּדָה אָמַר רַב: הִנִּיחַ עָלֶיהָ עוּדָּה שֶׁל שַׂקִּין — פְּסוּלָה, וּבְעֶגְל"
sotah_46,47,37,14,4,2,Sotah 46a,13,14,2,"מַאי ״אִם נַפְשְׁךָ לוֹמַר״? וְכִי תֵּימָא, אִיכָּא לְמִיפְרַךְ: מָה לְעֶגְלָה שֶׁכֵּן שָׁנִים פּוֹס"
sotah_46,47,37,14,4,3,Sotah 46a,18,19,2,"וְתַנְיָא נָמֵי גַּבֵּי עֶגְלָה כִּי הַאי גַוְונָא: ״עֹל״, אֵין לִי אֶלָּא עוֹל. שְׁאָר עֲבוֹדוֹת מִ"
sotah_46,47,37,14,4,4,Sotah 46b,7,9,3,"וְאֵימָא: ״אֲשֶׁר לֹא יֵעָבֵד בּוֹ״ — כָּלַל, ״וְלֹא יִזָּרֵעַ״ — פָּרַט. כְּלָל וּפְרָט, אֵין בַּכּ"
temurah_23,28,28,14,3,1,Temurah 23a,3,7,5,"רֵישָׁא סְתַם לַן כְּרַבָּנַן, סֵיפָא סְתַם לַן כְּרַבִּי."
temurah_23,28,28,14,3,2,Temurah 23a,10,3,6,"וְרַבִּי אַבָּא אָמַר רַב: הַכֹּל מוֹדִים בְּמִתְכַּפֵּר בְּשֶׁאֵינָהּ אֲבוּדָה, שֶׁאֲבוּדָה מֵתָה. "
temurah_23,28,28,14,3,3,Temurah 23b,5,6,2,"מִילְּתָא דִּפְסִיקָא לֵיהּ — קָתָנֵי, מִילְּתָא דְּלָא פְּסִיקָא לֵיהּ — לָא קָתָנֵי."
avodah_zarah_25,29,29,13,1,1,Avodah Zarah 25a,8,16,9,"וְרַבִּי יוֹחָנָן אָמַר, אָתְיָא ״תֵּת״ ״תֵּת״: כְּתִיב הָכָא ״אָחֵל תֵּת פַּחְדְּךָ״, וּכְתִיב בִּי"
bava_batra_25,30,30,13,3,1,Bava Batra 25a,11,14,4,וְרַבִּי אֲבָהוּ אָמַר: שְׁכִינָה בַּמַּעֲרָב – דְּאָמַר רַבִּי אֲבָהוּ: מַאי ״אוֹרְיָה״? אֲוִיר יָה
bava_batra_25,30,30,13,3,2,Bava Batra 25b,3,5,3,הוּא הָיָה אוֹמֵר – אֲתָאן לְרַבִּי אֱלִיעֶזֶר: ״מִן הַחֶדֶר תָּבֹא סוּפָה״ – זוֹ רוּחַ דְּרוֹמִית. 
bava_batra_25,30,30,13,3,3,Bava Batra 25b,9,14,6,וְהָא רַבִּי יְהוֹשֻׁעַ בֶּן לֵוִי אָמַר: שְׁכִינָה בַּמַּעֲרָב! דְּמַצְדֵּד אַצְדּוֹדֵי. אֲמַר לֵיה
bava_kamma_18,37,35,13,2,1,Bava Kamma 18b,2,10,9,אֶלָּא כִּי קָאָמַר רַבִּי אֶלְעָזָר נֶזֶק שָׁלֵם – כְּגוֹן דְּאִיַּיעַד; וּבְהָא קָמִיפַּלְגִי – מָ
bava_kamma_18,37,35,13,2,2,Bava Kamma 18b,15,17,3,"לָא; בְּחַד זִימְנָא, וּבִפְלוּגְתָּא דְּסוֹמְכוֹס וְרַבָּנַן קָמִיפַּלְגִי. וְהָא מְשׁוּנֶּה הוּא! "
bava_kamma_70,34,33,13,2,1,Bava Kamma 70a,15,3,5,"דְּאִי רַבִּי עֲקִיבָא, הָאָמַר: ״דָּבָר״ – וְלֹא חֲצִי דָבָר!"
bava_kamma_70,34,33,13,2,2,Bava Kamma 70b,11,13,3,אָמַר רָמֵי בַּר חָמָא: כִּי תַּנְיָא הָהִיא דְּפָטוּר – בְּאוֹמֵר לוֹ: ״עֲקוֹץ לְךָ תְּאֵינָה מִתְּ
bava_kamma_90,38,38,13,2,1,Bava Kamma 90a,4,9,6,"וּבִפְלוּגְתָּא דְּהָנֵי תַּנָּאֵי, דְּתַנְיָא: הַמּוֹכֵר עַבְדּוֹ לְאַחֵר, וּפָסַק עִמּוֹ עַל מְנָת"
bava_kamma_90,38,38,13,2,2,Bava Kamma 90b,19,20,2,"קָתָנֵי מִיהַת, אָמַר לוֹ רַבִּי עֲקִיבָא: וְכִי בִּפְנֵי בֵּית דִּין הִכָּהוּ, שֶׁיּוֹדְעִין כַּמָּ"
bava_metzia_47,35,33,13,2,1,Bava Metzia 47a,13,3,9,"אֲמַר לֵיהּ: אִי הֲוָה לֵוִי הָכָא, הֲוָה מַפֵּיק לְאַפָּךְ פּוּלְסֵי דְנוּרָא! מִי סָבְרַתְּ גְּלִי"
bava_metzia_47,35,33,13,2,2,Bava Metzia 47b,9,11,3,"וְרַבִּי יוֹחָנָן אָמַר: ״מִיַּד״ – לְמַעוֹטֵי קַרְקַע, דְּלֵית בַּהּ אוֹנָאָה."
berakhot_18,31,31,13,1,1,Berakhot 18a,3,12,10,קָתָנֵי מִיהַת פָּטוּר מִקְּרִיאַת שְׁמַע וּמִן הַתְּפִלָּה וּמִן הַתְּפִילִּין וּמִכׇּל מִצְוֹת הָא
chagigah_25,30,30,13,2,1,Chagigah 25a,2,8,7,"גְּמָ׳ בִּיהוּדָה אִין, וּבַגָּלִיל לָא, מַאי טַעְמָא?"
chagigah_25,30,30,13,2,2,Chagigah 25b,14,17,4,"תְּנַן: כַּדֵּי יַיִן וְכַדֵּי שֶׁמֶן הַמְדוּמָּעוֹת. מַאי לָאו, מְדוּמָּעוֹת דִּתְרוּמָה. אָמְרִי ד"
eruvin_13,38,33,13,1,1,Eruvin 13a,16,2,8,"תַּנְיָא רַבִּי יְהוּדָה אוֹמֵר, רַבִּי מֵאִיר הָיָה אוֹמֵר: לַכֹּל מְטִילִין קַנְקַנְתּוֹם לְתוֹךְ "
eruvin_19,53,25,13,1,1,Eruvin 19b,2,13,12,״כְּעֶשֶׂר״? הָא עֶשֶׂר הָוְיָין! מִשּׁוּם דְּבָעֵי לְמִיתְנָא סֵיפָא ״כִּשְׁלֹשׁ עֶשְׂרֵה״.
hullin_131,39,36,13,3,1,Hullin 131a,17,3,4,"שְׁלֹשָׁה שֶׁבַּתְּבוּאָה: הַלֶּקֶט,"
hullin_131,39,36,13,3,2,Hullin 131b,5,7,3,"וּמַעְשַׂר עָנִי הַמִּתְחַלֵּק בְּתוֹךְ הַבַּיִת יֵשׁ בּוֹ טוֹבַת הֲנָאָה לַבְּעָלִים, מַאי טַעְמָא?"
hullin_131,39,36,13,3,3,Hullin 131b,9,10,2,"מַעֲשֵׂר רִאשׁוֹן דְּלֵוִי הוּא? כְּרַבִּי אֶלְעָזָר בֶּן עֲזַרְיָה, דְּתַנְיָא: תְּרוּמָה לַכֹּהֵן,"
keritot_27b,50,24,13,4,1,Keritot 27b,4,5,2,"יָכוֹל לֹא יֵצֵא בְּקׇרְבַּן אָבִיו בִּבְהֵמָה שֶׁהִפְרִישׁ, אֲפִילּוּ מִן הַקַּלָּה עַל הַקַּלָּה, "
keritot_27b,50,24,13,4,2,Keritot 27b,7,9,3,"יָכוֹל לֹא יֵצֵא בְּקׇרְבָּן עַצְמוֹ בִּבְהֵמָה שֶׁהִפְרִישׁ לְעַצְמוֹ, אֲפִילּוּ מִן הַקַּלָּה עַל "
keritot_27b,50,24,13,4,3,Keritot 27b,14,16,3,"גְּמָ׳ מְנָא הָנֵי מִילֵּי? דְּתָנוּ רַבָּנַן: ״מֵחַטָּאתוֹ״, ״מֵחַטָּאתוֹ״, ״עַל חַטָּאתוֹ״, מָה תּ"
keritot_27b,50,24,13,4,4,Keritot 27b,21,23,3,"וְהָכִי קָאָמַר: כִּי מַפְרִישׁ לַעֲשִׂירִית הָאֵיפָה, וְאַדְּמַיְיתֵי הֶעֱשִׁיר – נוֹסֵיף עֲלֵיהוֹן"
keritot_4,64,19,13,1,1,Keritot 4a,8,19,12,"וְרַבָּנַן סָבְרִי: אִי כְּתַב רַחֲמָנָא ״כׇּל חֵלֶב שׁוֹר״, הֲוָה אָמֵינָא: נֵילַף ״שׁוֹר״ ״שׁוֹר״ "
kiddushin_67,28,28,13,1,1,Kiddushin 67b,8,16,9,כֹּל שֶׁאֵין לָהּ עָלָיו קִידּוּשִׁין. מְנָא הָנֵי מִילֵּי? דְּאָמַר רַבִּי חִיָּיא בַּר אַבָּא אָמַ
menachot_77,37,27,13,2,1,Menachot 77a,4,5,2,"וּבַת גּוּפַהּ מְנָלַן? אִילֵּימָא מִדִּכְתִיב ״לָשֵׂאת (אֶת) מַעְשַׂר הַחֹמֶר הַבָּת״, אֵיפָה נָמֵי"
menachot_77,37,27,13,2,2,Menachot 77b,1,7,7,"מַתְנִי׳ מִכּוּלָּם הָיָה נוֹטֵל אֶחָד מֵעֲשָׂרָה תְּרוּמָה, שֶׁנֶּאֱמַר: ״וְהִקְרִיב מִמֶּנּוּ אֶחָ"
moed_katan_9,45,42,13,2,1,Moed Katan 9a,10,15,6,"אֶלָּא, אַמַּאי הָיוּ דּוֹאֲגִים? הָתָם צוֹרֶךְ גָּבוֹהַּ, הָכָא צוֹרֶךְ הֶדְיוֹט. הָכָא נָמֵי: מֶיע"
moed_katan_9,45,42,13,2,2,Moed Katan 9a,24,5,6,"לָא קַשְׁיָא: כָּאן בְּמִצְוָה שֶׁאֶפְשָׁר לַעֲשׂוֹתָהּ עַל יְדֵי אֲחֵרִים,"
niddah_20,50,49,13,1,1,Niddah 20b,14,22,9,"וּמִי מְהֵימְנָא? אִין, וְהָתַנְיָא: נֶאֱמֶנֶת אִשָּׁה לוֹמַר ״כָּזֶה רָאִיתִי וְאִבַּדְתִּיו״."
niddah_65,32,26,13,3,1,Niddah 65a,6,12,7,אֶלָּא אִי אָמְרַתְּ בּוֹגֶרֶת דְּעָלְמָא לָא יָהֲבִינַן לַהּ טְפֵי — לָא לִיתֵּב לַהּ אֶלָּא בְּעִי
niddah_65,32,26,13,3,2,Niddah 65b,2,4,3,הַיְינוּ תַּנָּא קַמָּא! אִיכָּא בֵּינַיְיהוּ חָרְפֵי וְאַפְלֵי.
niddah_65,32,26,13,3,3,Niddah 65b,11,12,2,אֲמַר לֵיהּ רָבָא: הַדּוֹרֵי אַפִּירְכָא לְמָה לִי? אוֹתֵיב מִמַּתְנִיתִין! הוּא סָבַר: מַעֲשֶׂה רַב
sanhedrin_30,59,56,13,4,1,Sanhedrin 30a,13,14,2,"וּלְמַאן דְּאָמַר ״זַכַּאי״, מְשַׁלֵּם?! לֵימָא לְהוּ: אִי לְדִידִי צָיְיתִיתוּן, אַתּוּן נָמֵי לָא "
sanhedrin_30,59,56,13,4,2,Sanhedrin 30a,25,26,2,"אִיבָּעֵית אֵימָא סְבָרָא: אַמָּנֶה דְּקָא מַסְהֵיד הַאי, לָא קָא מַסְהֵיד הַאי, וּמָנֶה דְּקָא מַסְ"
sanhedrin_30,59,56,13,4,3,Sanhedrin 30a,33,1,2,"וְאִיבָּעֵית אֵימָא קְרָא: ״אִם לוֹא יַגִּיד וְנָשָׂא עֲוֹנוֹ״,"
sanhedrin_30,59,56,13,4,4,Sanhedrin 30b,12,14,3,"מַאי ״וְכֵן שֶׁבַּבֵּן וְשֶׁבַּבַּת״? אִילֵּימָא: אֶחָד אוֹמֵר אַחַת בְּגַבָּהּ, וְאֶחָד אוֹמֵר אַחַ"
shevuot_24,31,31,13,3,1,Shevuot 24a,5,1,4,"אֶלָּא כִּדְרָבָא, דְּאָמַר רָבָא: ״שְׁבוּעָה שֶׁלֹּא אוֹכַל״, וְאָכַל עָפָר – פָּטוּר."
shevuot_24,31,31,13,3,2,Shevuot 24b,10,14,5,"וְאִם אִיתָא, מַשְׁכַּחַתְּ לַהּ חָמֵשׁ – כְּגוֹן שֶׁאָמַר ״שְׁבוּעָה שֶׁלֹּא אוֹכַל תְּמָרִים וְחֵל"
shevuot_24,31,31,13,3,3,Shevuot 24b,16,17,2,הָא אוֹקְמִינַן בִּבְכוֹר.
shevuot_5,30,29,13,3,1,Shevuot 5a,2,6,5,"אִין, בְּעָלְמָא כְּלָלֵי וּפְרָטֵי דָּרֵישׁ; וְהָכָא הַיְינוּ טַעְמָא – כִּדְתָנָא דְּבֵי רַבִּי יִ"
shevuot_5,30,29,13,3,2,Shevuot 5a,8,10,3,אָמַר מָר: ״וְנֶעְלַם״ – מִכְּלָל שֶׁיָּדַע. מַאי מַשְׁמַע? אָמַר רָבָא: מִדְּלָא כְּתִיב ״וְהִיא עֲ
shevuot_5,30,29,13,3,3,Shevuot 5a,17,19,3,וְכִי תֵּימָא: מֵהֶן לְחִיּוּב וּמֵהֶן לִפְטוּר; וְהָא דּוּמְיָא דְּמַרְאוֹת נְגָעִים קָתָנֵי – מָה 
temurah_29,46,30,13,3,1,Temurah 29b,1,3,3,שֶׁקָּדְמָה וְהִקְרִיבַתּוּ. הֵיכִי דָּמֵי? אִי נֵימָא דְּאַקְנְיֵהּ נִיהֲלַיהּ לְאַלְתַּר — פְּשִׁי
temurah_29,46,30,13,3,2,Temurah 29b,5,6,2,"הִיא גּוּפַהּ קָמִיבַּעְיָא לֵיהּ: הִקְרִיבַתּוּ, (וְהָא) [דְּהָא] לֵיתֵיהּ בִּשְׁעַת בִּיאָה — מוּת"
temurah_29,46,30,13,3,3,Temurah 29b,8,10,3,"אָמַר רַב חָנָן בַּר רַב חִסְדָּא: לָא קַשְׁיָא, הָא דְּאָמַר לַהּ ״הִבָּעֲלִי לִי בְּטָלֶה זֶה״, הָ"
yevamot_28b,42,31,13,4,1,Yevamot 28a,9,13,5,"וְאַמַּאי? לֵיקוּ חָתָן לְיַיבֵּם הָךְ דְּאֵינָהּ חֲמוֹתוֹ בְּרֵישָׁא, וְתֶהֱוֵי חֲמוֹתוֹ לְגַבֵּי א"
yevamot_28b,42,31,13,4,2,Yevamot 28a,16,1,2,אִיסּוּר מִצְוָה כּוּ׳. הָא נָמֵי תְּנֵינָא:
yevamot_28b,42,31,13,4,3,Yevamot 28b,4,6,3,"הָיְתָה אַחַת מֵהֶן כּוּ׳. הָא תּוּ לְמָה לִי, הַיְינוּ הָךְ: מָה לִי לְחַד מָה לִי לִתְרֵי?!"
yevamot_28b,42,31,13,4,4,Yevamot 28b,20,21,2,כְּגוֹן דַּהֲדַר וְיַבְּמִינְהוּ נָמֵי גָּד וְאָשֵׁר.
zevachim_36,38,37,13,4,1,Zevachim 36a,5,8,4,"חֲלִיפִין, וְולָדוֹת, תְּמוּרוֹת – מִנַּיִן? תַּלְמוּד לוֹמַר: ״וּבְשַׂר״. חַטָּאת וְאָשָׁם מִנַּיִן"
zevachim_36,38,37,13,4,2,Zevachim 36a,13,14,2,"וְלִיפְלוֹג בַּנִּיתָּנִין בִּפְנִים שֶׁנְּתָנָן בַּחוּץ, וְהַנִּיתָּנִין בַּחוּץ שֶׁנְּתָנָן בִּפְנ"
zevachim_36,38,37,13,4,3,Zevachim 36a,17,2,4,"הַשְׁתָּא וּמָה הָתָם (עָיְילִי עָיְילָא) [דְּעַיּוֹלֵי עַיְּילֵיהּ], אִי כִּיפֵּר אִין אִי לֹא כִּי"
zevachim_36,38,37,13,4,4,Zevachim 36b,14,15,2,"לִישָּׁנָא אַחֲרִינָא: הָא אֵימוּרִין לָא חֲזוּ! וְלָא הִיא; הָנָךְ חֲזוּ לְמִילְּתַיְיהוּ, וְהָנֵי "
arakhin_4,48,44,12,1,1,Arakhin 4b,12,21,10,"דָּבָר אַחֵר: ״בְּעֶרְכְּךָ״ — עֵרֶךְ כּוּלּוֹ הוּא נוֹתֵן, וְאֵינוֹ נוֹתֵן עֵרֶךְ דְּמֵי אֵבָרִים. "
bava_batra_136b,27,23,12,1,1,Bava Batra 136a,5,14,10,מָכַר הָאָב – מְכוּרִים עַד שֶׁיָּמוּת. מָכַר הַבֵּן – אֵין לַלּוֹקֵחַ בָּהֶן כְּלוּם עַד שֶׁיָּמוּת
bava_batra_171,27,27,12,1,1,Bava Batra 171a,5,5,11,"מַאי בָּרַיְיתָא? דְּתַנְיָא: הֲרֵי שֶׁהָיוּ נוֹשִׁין בּוֹ אֶלֶף זוּז, וּפָרַע מֵהֶן חֲמֵשׁ מֵאוֹת ז"
bava_batra_18,24,24,12,3,1,Bava Batra 18a,3,6,4,"תָּא שְׁמַע: מַרְחִיקִים אֶת הַזְּרָעִים, וְאֶת הַמַּחֲרֵישָׁה, וְאֶת מֵי רַגְלַיִם מִן הַכּוֹתֶל שׁ"
bava_batra_18,24,24,12,3,2,Bava Batra 18a,14,15,2,"תָּא שְׁמַע: מַרְחִיקִין אֶת הַמִּשְׁרָה מִן הַיָּרָק, וְאֶת הַכְּרֵישִׁין מִן הַבְּצָלִין, וְאֶת הַ"
bava_batra_18,24,24,12,3,3,Bava Batra 18b,7,8,2,"וְסָבַר רַבִּי יוֹסֵי עַל הַמַּזִּיק לְהַרְחִיק אֶת עַצְמוֹ?! וְהָתְנַן, רַבִּי יוֹסֵי אוֹמֵר: אַף ע"
bava_batra_78,27,20,12,4,1,Bava Batra 78a,2,3,2,מַאי ״אֵין דָּמִים רְאָיָה״ נָמֵי דְּקָתָנֵי – דְּהָוֵי בִּיטּוּל מִקָּח. וְאִיבָּעֵית אֵימָא: כִּי 
bava_batra_78,27,20,12,4,2,Bava Batra 78a,5,7,3,"מֵיתִיבִי: ״חֲמוֹר וְכֵלָיו אֲנִי מוֹכֵר לָךְ״ – הֲרֵי זֶה מָכַר אֶת הָאוּכָּף, וְאֶת הַמַּרְדַּעַת,"
bava_batra_78,27,20,12,4,3,Bava Batra 78a,11,3,4,"תָּא שְׁמַע, רַבִּי יְהוּדָה אוֹמֵר: פְּעָמִים מְכוּרִין, פְּעָמִים שֶׁאֵינָן מְכוּרִין. מַאי, לָאו "
bava_batra_78,27,20,12,4,4,Bava Batra 78b,7,8,2,"רַבִּי יְהוּדָה אוֹמֵר: פְּעָמִים מְכוּרִין וְכוּ׳. מַאי שְׁנָא ״חֲמוֹרְךָ זוֹ״, וּמַאי שְׁנָא ״חֲמו"
bava_kamma_28,50,43,12,1,1,Bava Kamma 28a,8,16,9,תָּא שְׁמַע: הַמְמַלֵּא חֲצַר חֲבֵירוֹ כַּדֵּי יַיִן וְכַדֵּי שֶׁמֶן – בַּעַל הֶחָצֵר מְשַׁבֵּר וְיו
bava_kamma_69,37,34,12,2,1,Bava Kamma 69a,10,11,2,"וְכִי תֵּימָא: מַאן תְּנָא צְנוּעִין – רַבָּן שִׁמְעוֹן בֶּן גַּמְלִיאֵל, וְרַבִּי יוֹחָנָן כִּסְתָם"
bava_kamma_69,37,34,12,2,2,Bava Kamma 69a,14,5,9,"דְּתַנְיָא, רַבִּי יְהוּדָה אוֹמֵר: שַׁחֲרִית – בַּעַל הַבַּיִת עוֹמֵד וְאוֹמֵר: ״כׇּל שֶׁיְּלַקְּטו"
bava_kamma_93,38,33,12,3,1,Bava Kamma 93a,3,5,3,אָמַר רַב חָנָן: הַמּוֹסֵר דִּין עַל חֲבֵירוֹ – הוּא נֶעֱנָשׁ תְּחִילָּה. שֶׁנֶּאֱמַר: ״וַתֹּאמֶר שׂ
bava_kamma_93,38,33,12,3,2,Bava Kamma 93a,15,17,3,"אָמַר רַב הוּנָא: לָא קַשְׁיָא; הָא דַּאֲתַי לִידֵיהּ, הָא דְּלָא אֲתַי לִידֵיהּ."
bava_kamma_93,38,33,12,3,3,Bava Kamma 93a,19,20,2,"אֲמַר לֵיהּ: עַנְיֵי דְפוּמְבְּדִיתָא מִיקָּץ קִיץ לְהוּ, וְ״לִשְׁמוֹר״ הוּא."
chagigah_9,35,33,12,1,1,Chagigah 9a,5,11,7,רַבִּי שִׁמְעוֹן בֶּן מְנַסְּיָיא אוֹמֵר: אֵיזֶהוּ מְעֻוָּות שֶׁאֵינוֹ יָכוֹל לְהִתָּקֵן? זֶה הַבָּא
ketubot_11,32,23,12,2,1,Ketubot 11a,9,14,6,אָמַר רַב יוֹסֵף: הִגְדִּילוּ — יְכוֹלִין לְמַחוֹת. אֵיתִיבֵיהּ אַבָּיֵי: הַגִּיּוֹרֶת וְהַשְּׁבוּיָ
ketubot_11,32,23,12,2,2,Ketubot 11b,4,6,3,"אִיכָּא דְּמַתְנֵי לַהּ לְהָא שְׁמַעְתָּא בְּאַפֵּי נַפְשַׁהּ: קָטָן הַבָּא עַל הַגְּדוֹלָה, רַב אָמ"
ketubot_41,23,23,12,2,1,Ketubot 41a,2,8,7,"גְּמָ׳ וְלִיתְנֵי ״אָנַסְתִּי״! לָא מִבַּעְיָא קָאָמַר: לָא מִבַּעְיָא ״אָנַסְתִּי״, דְּלָא קָא פָּג"
ketubot_41,23,23,12,2,2,Ketubot 41a,11,3,4,תְּנָא וְשַׁיַּיר: מַאי שַׁיֵּיר דְּהַאי שַׁיַּיר! שַׁיַּיר חֲצִי כוֹפֶר. אִי מִשּׁוּם חֲצִי כוֹפֶר 
kiddushin_64b,33,20,12,3,1,Kiddushin 64b,1,5,5,"דְּמוּחְזָק לַן בְּאַחֵי וְלָא מוּחְזָק לַן בִּבְנֵי, דְּאָמְרִינַן: ״מָה לִי לְשַׁקֵּר״: מַאי קָאָמ"
kiddushin_64b,33,20,12,3,2,Kiddushin 64b,9,11,3,"מִי לָא עָסְקִינַן דְּאָמְרָה לֵיהּ: ״קִדּוּשַׁיי לָךְ״? אֲפִילּוּ הָכִי, לָא שָׁבֵיק אִינִישׁ מִצְו"
kiddushin_64b,33,20,12,3,3,Kiddushin 64b,13,14,2,"״עַד פְּנֵי פֶסַח״ – רַבִּי מֵאִיר אוֹמֵר: אָסוּר עַד שֶׁיַּגִּיעַ, רַבִּי יוֹסֵי אוֹמֵר: עַד שֶׁיֵּ"
kiddushin_66b,34,30,12,1,1,Kiddushin 66a,6,16,11,"אָמַר אַבָּיֵי: מְנָא אָמֵינָא לַהּ, דְּהָהוּא סַמְיָא דַּהֲוָה מְסַדַּר מַתְנְיָיתָא קַמֵּיהּ דְּמָ"
megillah_31,33,19,12,2,1,Megillah 31a,5,13,9,וּשְׁאָר יְמוֹת הַפֶּסַח מְלַקֵּט וְקוֹרֵא מֵעִנְיָנוֹ שֶׁל פֶּסַח. מַאי הִיא? אָמַר רַב פָּפָּא: מֵ
megillah_31,33,19,12,2,2,Megillah 31a,15,17,3,וּשְׁאָר כׇּל יְמוֹת הַחַג קוֹרִין בְּקׇרְבְּנוֹת הֶחָג. יוֹם טוֹב הָאַחֲרוֹן קוֹרִין ״כׇּל הַבְּכוֹ
menachot_23,42,40,12,4,1,Menachot 23a,19,3,4,"אִי אַלִּיבָּא דְּרַבִּי יְהוּדָה, וְהָא"
menachot_23,42,40,12,4,2,Menachot 23b,8,10,3,"מַנִּי? אִי רַבָּנַן – הָא אָמְרִי: עוֹלִין הוּא דְּלָא מְבַטְּלִי הֲדָדֵי, הָא מִין בְּמִינוֹ בָּטֵ"
menachot_23,42,40,12,4,3,Menachot 23b,13,14,2,"תָּא שְׁמַע: הַקּוֹמֶץ שֶׁנִּתְעָרֵב בְּמִנְחָה שֶׁלֹּא נִקְמְצָה – לֹא יַקְטִיר, וְאִם הִקְטִיר – ז"
menachot_23,42,40,12,4,4,Menachot 23b,18,19,2,מַנִּי? אִי רַבָּנַן וְכוּ׳.
menachot_87,48,41,12,1,1,Menachot 87a,23,24,2,"חֲצִי עִשָּׂרוֹן, מָה הָיָה מְשַׁמֵּשׁ? שֶׁבּוֹ הָיָה מוֹדֵד חֲבִיתֵּי כֹּהֵן גָּדוֹל, מֶחֱצָה בַּבֹ"
menachot_92,39,37,12,3,1,Menachot 92b,5,6,2,"וְרַבִּי יְהוּדָה, לְמָה לִי לְמַעֹטִינְהוּ מִקְּרָא? וְהָא אָמַר רָבִינָא: גְּמִירִי שְׁתֵּי סְמִיכ"
menachot_92,39,37,12,3,2,Menachot 92b,13,14,2,"כִּי קֻשְׁיָא אַמַּתְנִיתִין דְּהָךְ פִּירְקָא, דְּ״כׇל הַמְּנָחוֹת בָּאוֹת״, אָמַר רַבִּי שִׁמְעוֹן"
menachot_92,39,37,12,3,3,Menachot 92b,16,20,5,"כׇּל קׇרְבְּנוֹת הַיָּחִיד טְעוּנִין סְמִיכָה, חוּץ מִבְּכוֹר וּמַעֲשֵׂר וּפֶסַח."
niddah_37,40,34,12,1,1,Niddah 37a,19,10,11,"וְאַבָּיֵי — חַד בְּזָב וְחַד בְּזָבָה. וּצְרִיכִי, דְּאִי כְּתַב רַחֲמָנָא"
niddah_59,39,35,12,3,1,Niddah 59a,13,17,5,"עֵד שֶׁהוּא נָתוּן, אִיבַּעְיָא לְהוּ: מִי פְּלִיגִי רַבָּנַן עֲלֵיהּ דְּרַבִּי אֱלִיעֶזֶר בְּרַבִּי"
niddah_59,39,35,12,3,2,Niddah 59b,4,5,2,"אָמַר שְׁמוּאֵל: בִּמְזַנֶּקֶת. מְזַנֶּקֶת נָמֵי, דִּלְמָא בָּתַר דְּתַמּוּ מַיָּא אֲתָא דָּם?"
niddah_59,39,35,12,3,3,Niddah 59b,10,11,2,"אִי הָכִי, הַשְׁתָּא רַבִּי מֵאִיר בִּסְפֵק סְפֵקָא מְטַמֵּא, בְּחַד סְפֵקָא מִיבַּעְיָא? לְהוֹדִיעֲ"
niddah_64,34,26,12,3,1,Niddah 64a,7,8,2,"מֵיתִיבִי: רָאֲתָה יוֹם עֶשְׂרִים וְאֶחָד בְּחֹדֶשׁ זֶה, יוֹם עֶשְׂרִים וּשְׁנַיִם בְּחֹדֶשׁ זֶה, יו"
niddah_64,34,26,12,3,2,Niddah 64b,2,5,4,"מַתְנִי' נָשִׁים בִּבְתוּלֵיהֶם כִּגְפָנִים, יֵשׁ גֶּפֶן שֶׁיֵּינָהּ אָדוֹם, וְיֵשׁ גֶּפֶן שֶׁיֵּינָ"
niddah_64,34,26,12,3,3,Niddah 64b,12,13,2,"הִגִּיעַ זְמַנָּהּ וְכוּ׳. אִיתְּמַר: שִׁימְּשָׁה בַּיָּמִים — רַב אָמַר: לֹא הִפְסִידָה לֵילוֹת, וְ"
pesachim_54,33,33,12,1,1,Pesachim 54b,4,15,12,"מַתְנִי׳ מָקוֹם שֶׁנָּהֲגוּ לַעֲשׂוֹת מְלָאכָה בְּתִשְׁעָה בְּאָב — עוֹשִׂין, מָקוֹם שֶׁנָּהֲגוּ שֶׁ"
rosh_hashanah_25,35,29,12,3,1,Rosh Hashanah 25a,7,8,2,"גְּמָ׳ תַּנְיָא, אָמַר לָהֶם רַבָּן גַּמְלִיאֵל לַחֲכָמִים: כָּךְ מְקוּבְּלַנִי מִבֵּית אֲבִי אַבָּא"
rosh_hashanah_25,35,29,12,3,2,Rosh Hashanah 25a,15,1,3,בָּא לוֹ אֵצֶל רַבִּי דּוֹסָא בֶּן הוֹרְכִּינָס כּוּ׳. תָּנוּ רַבָּנַן: לָמָּה לֹא נִתְפָּרְשׁוּ שְׁ
rosh_hashanah_25,35,29,12,3,3,Rosh Hashanah 25b,3,6,4,"וְאוֹמֵר: ״וּבָאתָ אֶל הַכֹּהֲנִים הַלְוִיִּם וְאֶל הַשֹּׁפֵט אֲשֶׁר יִהְיֶה בַּיָּמִים הָהֵם״, וְכִ"
sanhedrin_21,49,23,12,2,1,Sanhedrin 21a,9,13,5,הָנֵי שְׁמוֹנֶה עֶשְׂרֵה מְנָלַן? דִּכְתִיב: ״וַיִּוָּלְדוּ לְדָוִד בָּנִים בְּחֶבְרוֹן וַיְהִי בְכו
sanhedrin_21,49,23,12,2,2,Sanhedrin 21a,22,24,3,״וַיִּשְׂנָאֶהָ אַמְנוֹן שִׂנְאָה גְּדוֹלָה מְאֹד״. מַאי טַעְמָא? אָמַר רַבִּי יִצְחָק: נִימָא נִקְש
sanhedrin_4,32,32,12,3,1,Sanhedrin 4a,3,4,2,"רַבִּי, הָא דַּאֲמַרַן."
sanhedrin_4,32,32,12,3,2,Sanhedrin 4a,10,11,2,וְאֵימָא: כּוּלְּהוּ לְמִצְוָה? כַּפָּרָה בִּכְדִי לָא אַשְׁכְּחַן!
sanhedrin_4,32,32,12,3,3,Sanhedrin 4b,5,11,7,"וַהֲלֹא דִין הוּא: נֶאֱמַר דָּמִים לְמַטָּה, וְנֶאֱמַר דָּמִים לְמַעְלָה. מָה דָּמִים הָאֲמוּרִים לְ"
sanhedrin_46b,41,22,12,3,1,Sanhedrin 46b,2,8,7,"גְּמָ׳ תָּנוּ רַבָּנַן: אִילּוּ נֶאֱמַר ״חֵטְא וְתָלִיתָ״, הָיִיתִי אוֹמֵר תּוֹלִין אוֹתוֹ וְאַחַר כ"
sanhedrin_46b,41,22,12,3,2,Sanhedrin 46b,13,14,2,תָּא שְׁמַע: ״וְסָפְדוּ לוֹ כׇל יִשְׂרָאֵל וְקָבְרוּ אֹתוֹ״. דְּלָא לִישְׁתַּנֵּי מִמִּנְהֲגָא.
sanhedrin_46b,41,22,12,3,3,Sanhedrin 46b,18,19,2,"תָּא שְׁמַע: ״וְסָפְדוּ לוֹ כׇל יִשְׂרָאֵל וְקָבְרוּ אֹתוֹ״. וְאִי אָמְרַתְּ, כִּי הֵיכִי דְּתֶיהֱוֵ"
sanhedrin_88,38,29,12,3,1,Sanhedrin 88a,7,8,2,"״רִיבֹת״ – זֶה הַשְׁקָאַת סוֹטָה, וַעֲרִיפַת הָעֶגְלָה, וְטׇהֳרַת מְצוֹרָע. הַשְׁקָאַת סוֹטָה – בִּפ"
sanhedrin_88,38,29,12,3,2,Sanhedrin 88a,16,17,2,"הוּא אוֹמֵר: ״כָּךְ הוּא בְּעֵינַי״, וְהֵן אוֹמְרִין: ״כָּךְ הוּא בְּעֵינֵינוּ״ – אֵינוֹ נֶהֱרָג. וְ"
sanhedrin_88,38,29,12,3,3,Sanhedrin 88a,19,2,3,"תָּא שְׁמַע, דְּאָמַר רַבִּי יֹאשִׁיָּה: שְׁלֹשָׁה דְּבָרִים סָח לִי זְעֵירָא מֵאַנְשֵׁי יְרוּשָׁלַי"
shabbat_55,38,38,12,1,1,Shabbat 55b,11,19,9,רְאוּבֵן. בְּנֵי עֵלִי. בְּנֵי שְׁמוּאֵל. דָּוִד וּשְׁלֹמֹה. וְיוֹאָשׁ. סִימָן.
shevuot_25,46,42,12,2,1,Shevuot 25b,1,5,5,דְּרַבִּי יְהוּדָה בֶּן בְּתֵירָא וְרַבָּנַן קָמִיפַּלְגִי? דִּתְנַן: נִשְׁבַּע לְבַטֵּל אֶת הַמִּצְ
shevuot_25,46,42,12,2,2,Shevuot 25b,17,21,5,"אֲמַרוּ לֵיהּ רַבָּנַן לְאַבָּיֵי: אֵימָא בְּמֵזִיד מִיחַיַּיב חֲדָא, בְּשׁוֹגֵג מִיחַיַּיב תַּרְתֵּ"
sotah_2,42,22,12,2,1,Sotah 2a,6,7,2,"וְלִיתְנֵי סוֹטָה, וַהֲדַר לִיתְנֵי נָזִיר! אַיְּידֵי דִּתְנָא כְּתוּבּוֹת וּתְנָא ״הַמַּדִּיר״, תְּ"
sotah_2,42,22,12,2,2,Sotah 2a,11,4,7,וּתְנַן נָמֵי: עֵד אֶחָד אוֹמֵר ״אֲנִי רָאִיתִי שֶׁנִּיטְמֵאת״ — לֹא הָיְתָה שׁוֹתָה.
temurah_31,35,30,12,2,1,Temurah 31a,12,13,2,הֲדַרַן עֲלָךְ כָּל הָאֲסוּרִין.
temurah_31,35,30,12,2,2,Temurah 31b,3,8,6,גְּמָ׳ וּכְלָלָא הוּא דְּכׇל קׇדְשֵׁי מִזְבֵּחַ עוֹשִׂין תְּמוּרָה? וַהֲרֵי עוֹפוֹת דְּקׇדְשֵׁי מִזְ
zevachim_107,46,36,12,2,1,Zevachim 107a,11,12,2,"וְרַבִּי יִשְׁמָעֵאל – חַד לְמוּקְטְרֵי פְּנִים שֶׁחָסְרוּ וְהֶעֱלָן בַּחוּץ, וְחַד לְמוּקְטְרֵי חוּ"
zevachim_107,46,36,12,2,2,Zevachim 107a,15,4,10,דְּתַנְיָא: ״אֲשֶׁר יִשְׁחַט״ – אֵין לִי אֶלָּא שׁוֹחֵט בְּהֵמָה; שָׁחַט עוֹף מְנָא לַן? תַּלְמוּד ל
zevachim_108,45,45,12,2,1,Zevachim 108b,4,9,6,חוֹמֶר בְּהַעֲלָאָה כּוּ׳.
zevachim_108,45,45,12,2,2,Zevachim 108b,13,15,3,"אִיכָּא דְּאָמְרִי, אָמַר עוּלָּא: הַכֹּל מוֹדִים בְּמוּקְטְרֵי חוּץ שֶׁחָסְרוּ (וְהֶעֱלוֹ) [וְהֶעֱל"
zevachim_16,36,35,12,2,1,Zevachim 16a,12,17,6,מָה לְשֵׁם יוֹשֵׁב – שֶׁכֵּן פָּסוּל לְעֵדוּת! שֵׁם יוֹשֵׁב לָא פָּרֵיךְ. וְאִם תִּמְצָא לוֹמַר פָּר
zevachim_16,36,35,12,2,2,Zevachim 16b,9,12,4,וְלִפְרוֹךְ: מָה לְהַצַּד הַשָּׁוֶה שֶׁבָּהֶן – שֶׁכֵּן לֹא הוּתְּרוּ מִכְּלָלָן אֵצֶל כֹּהֵן גָּדוֹ
zevachim_69,40,38,12,4,1,Zevachim 69a,6,7,2,"וְכִי תֵימָא אֵין מִנְחָה בְּבָמָה, אֵין עוֹפוֹת נָמֵי בְּבָמָה!"
zevachim_69,40,38,12,4,2,Zevachim 69a,11,12,2,"(יצא) [יָצָאת] מְלִיקָה שֶׁהִיא לִפְנִים – הוֹאִיל וְהִיא מַתֶּרֶת אֶת הָאִיסּוּר, אֵין מְטַמֵּא בְּ"
zevachim_69,40,38,12,4,3,Zevachim 69a,21,22,2,וְלָא?! וְהָתַנְיָא: מִנַּיִן לְיוֹצֵא – שֶׁאִם עָלָה לֹא יֵרֵד? שֶׁהֲרֵי יוֹצֵא כָּשֵׁר בְּבָמָה.
zevachim_69,40,38,12,4,4,Zevachim 69b,14,16,3,"אֶלָּא טְרֵיפָה מִיבְּעֵי לֵיהּ – לְמַעוֹטֵי טְמֵאָה; מִי שֶׁיֵּשׁ בְּמִינָהּ טְרֵיפָה, יָצְתָה זוֹ "
bava_batra_98,28,28,11,2,1,Bava Batra 98a,13,1,2,״יָשָׁן״ – מִשֶּׁל אֶשְׁתָּקַד כּוּ׳.
bava_batra_98,28,28,11,2,2,Bava Batra 98b,5,11,7,"גְּמָ׳ לְמָה לִי לְמִיתְנָא ״בֵּית חַתְנוּת לִבְנוֹ, וּבֵית אַלְמְנוּת לְבִתּוֹ״? לִיתְנֵי ״בֵּית חַ"
bava_kamma_85,40,35,11,1,1,Bava Kamma 85a,12,18,7,"וְאָמֵינָא לְהוּ אֲנָא: אִי מַכָּה לֹא נִיתְּנָה לְאֶגֶד, רִיפּוּי נָמֵי לָא מִיחַיַּיב! אֶלָּא דְּכ"
bava_metzia_100,52,37,11,2,1,Bava Metzia 100a,15,19,5,בִּשְׁלָמָא לְרָבָא מִדְּסֵיפָא שֶׁמָּא וְשֶׁמָּא – רֵישָׁא נָמֵי שֶׁמָּא וְשֶׁמָּא. אֶלָּא לְרַבָּה
bava_metzia_100,52,37,11,2,2,Bava Metzia 100b,9,12,4,"הָא לָא קַשְׁיָא, כִּדְמַחְלֵיף רַבָּה בַּר אֲבוּהּ וְתָנֵי, רַבִּי מֵאִיר אוֹמֵר: מְשַׁלֵּם כִּשְׁע"
bava_metzia_38,36,28,11,4,1,Bava Metzia 38a,7,8,2,אַדְּרַב נַחְמָן בַּר יִצְחָק – וַדַּאי פְּלִיגָא. אַדְּרַב כָּהֲנָא מִי לֵימָא פְּלִיגָא? כִּי קָאָ
bava_metzia_38,36,28,11,4,2,Bava Metzia 38a,14,15,2,כַּיּוֹצֵא בּוֹ: גַּבָּאֵי צְדָקָה בִּזְמַן שֶׁאֵין לָהֶם עֲנִיִּים לְחַלֵּק – פּוֹרְטִין לַאֲחֵרִים
bava_metzia_38,36,28,11,4,3,Bava Metzia 38b,4,6,3,"רַבָּן שִׁמְעוֹן בֶּן גַּמְלִיאֵל אוֹמֵר יִמְכְּרֵם בְּבֵית דִּין, מִפְּנֵי שֶׁהוּא כְּמֵשִׁיב אֲבֵי"
bava_metzia_38,36,28,11,4,4,Bava Metzia 38b,9,10,2,לְמֵימְרָא דִּתְרֵי טַעְמֵי נִינְהוּ? וְהָאָמַר רַב יְהוּדָה אָמַר שְׁמוּאֵל: הֲלָכָה כְּרַבָּן שִׁמ
bava_metzia_52,33,26,11,3,1,Bava Metzia 52a,14,16,3,"פָּחוֹת מִכֵּן אִיסָּר – אָסוּר לְהוֹצִיאָהּ. מַאי קָאָמַר? אָמַר אַבָּיֵי, הָכִי קָאָמַר: פָּחֲתָה "
bava_metzia_52,33,26,11,3,2,Bava Metzia 52b,1,2,2,"יָתֵר עַל כֵּן מוֹכְרָהּ בְּשׇׁוְיָהּ. מַאי לָאו: שֶׁפָּחֲתָה יוֹתֵר מִכְּדֵי אוֹנָאָתָהּ? לָא, יְתֵ"
bava_metzia_52,33,26,11,3,3,Bava Metzia 52b,6,8,3,אֲמַר אַבָּיֵי: כִּי תְּנַן נָמֵי מַתְנִיתִין – בְּטַלִּית בִּכְרַכִּין תְּנַן. רָבָא אָמַר: טַלִּית
beitzah_19,33,32,11,3,1,Beitzah 19a,4,5,2,וְתַנָּא קַמָּא לָא בָּעֵי הֶעֱרֵב שֶׁמֶשׁ? אֲמַר רָבָא: אַשְׁכַּחְתִּינְהוּ לְרַבָּנַן דְּבֵי רַב ד
beitzah_19,33,32,11,3,2,Beitzah 19b,5,8,4,וְלֹא בָּעֲצֶרֶת — מִפְּנֵי שֶׁהוּא יוֹם טוֹב. קָסָבַר: נְדָרִים וּנְדָבוֹת אֵין קְרֵיבִין בְּיוֹם ט
beitzah_19,33,32,11,3,3,Beitzah 19b,14,15,2,"וְיוֹצֵא בָּהּ מִשּׁוּם שִׂמְחָה, וְאֵינוֹ יוֹצֵא בָּהּ מִשּׁוּם חֲגִיגָה. פְּשִׁיטָא! דָּבָר שֶׁבְּ"
chagigah_25b,30,30,11,1,1,Chagigah 25a,2,8,7,"גְּמָ׳ בִּיהוּדָה אִין, וּבַגָּלִיל לָא, מַאי טַעְמָא?"
eruvin_31,32,32,11,3,1,Eruvin 31a,6,7,2,מִכְּלָל דְּרַבִּי יְהוּדָה סָבַר מוּתָּר? קָסָבַר: מִצְוֹת לָאו לֵיהָנוֹת נִיתְּנוּ.
eruvin_31,32,32,11,3,2,Eruvin 31b,1,2,2,וְאֶת אַכְסַנְיָא דְּמַאי.
eruvin_31,32,32,11,3,3,Eruvin 31b,5,8,4,"אֲמַר לֵיהּ רַב פָּפָּא לְאַבָּיֵי: אִי הָכִי, אֲפִילּוּ הִקְדִּימוֹ בִּכְרִי נָמֵי! אֲמַר לֵיהּ: עָ"
eruvin_73,36,35,11,2,1,Eruvin 73b,5,9,5,"אֵימָא מְצִיעֲתָא: ״וְאִם נִשְׁתַּתְּפוּ בַּמָּבוֹי מוּתָּרִין כָּאן וְכָאן״, אֲתָאן לְרַבָּנַן דְּא"
eruvin_73,36,35,11,2,2,Eruvin 73b,12,16,5,אֲמַר לֵיהּ אַבָּיֵי לְרַב יוֹסֵף: מַאי טַעְמָא דְּלָא תָּנֵי פְּתוּחוֹת זוֹ לָזוֹ. קָסָבַר כׇּל שִׁ
gittin_10,27,26,11,2,1,Gittin 10b,1,2,2,"דְּאִי לָאו דְּכוּתִי חָבֵר הֲוָה, לָא מַחְתֵּים לֵיהּ מִקַּמֵּיהּ. אִי הָכִי, אֲפִילּוּ שְׁאָר שְׁט"
gittin_10,27,26,11,2,2,Gittin 10b,9,14,6,"מַתְנִי׳ כׇּל הַשְּׁטָרוֹת הָעוֹלִים בְּעַרְכָּאוֹת שֶׁל גּוֹיִם, אַף עַל פִּי שֶׁחוֹתְמֵיהֶם גּוֹיִ"
gittin_15,28,23,11,2,1,Gittin 15a,7,12,6,הֲדַרַן עֲלָךְ הַמֵּבִיא קַמָּא
gittin_15,28,23,11,2,2,Gittin 15b,2,4,3,"מַתְקֵיף לַהּ רַב אָשֵׁי: מִי אִיכָּא מִידֵּי, דְּאִילּוּ מַסֵּיק לֵיהּ אִיהוּ לְכוּלֵּיהּ דִּיבּוּר"
gittin_82,29,28,11,2,1,Gittin 82a,6,10,5,הֲדַרַן עֲלָךְ הַזּוֹרֵק
gittin_82,29,28,11,2,2,Gittin 82b,2,5,4,מַאי טַעְמָא דְּרַבִּי אֱלִיעֶזֶר? מִידֵּי דְּהָוֵה אַכֹּל תְּנָאֵי דְּעָלְמָא. וְרַבָּנַן – כֹּל תּ
horayot_10,40,38,11,2,1,Horayot 10a,11,12,2,שֶׁיָּכוֹל וַהֲלֹא דִּין הוּא: וּמָה מָשִׁיחַ שֶׁמֵּבִיא חַטָּאתוֹ מִשֶּׁעָבַר – אֵינוֹ מֵבִיא עַל ה
horayot_10,40,38,11,2,2,Horayot 10b,14,18,5,"דָּרֵשׁ רָבָא, וְאִיתֵּימָא רַבִּי יִצְחָק, מַאי דִּכְתִיב: ״לְתַאֲוָה יְבַקֵּשׁ נִפְרָד (וּבְכָל) ["
hullin_130,31,29,11,1,1,Hullin 130a,8,1,11,"גְּמָ׳ טַעְמָא דִּכְתַב רַחֲמָנָא ״אוֹתָם״, הָא לָאו הָכִי הֲוָה אָמֵינָא קָדָשִׁים חַיָּיבִין בְּמַ"
hullin_141,42,27,11,2,1,Hullin 141a,3,4,2,"אֵין שָׁם אֶפְרוֹחַ וְכוּ׳. אֲמַר לֵיהּ הָהוּא מֵרַבָּנַן לְרָבָא: אֵימָא אִיפְּכָא, אֵין שָׁם אֶפְר"
hullin_141,42,27,11,2,2,Hullin 141a,12,17,6,"וְתוּ, לְרַבִּי יְהוּדָה דְּאָמַר ״שַׁלֵּחַ״ מֵעִיקָּרָא מַשְׁמַע, אֲפִילּוּ עֲשֵׂה נָמֵי לֵיכָּא!"
kiddushin_4,34,31,11,3,1,Kiddushin 4a,5,9,5,וּמִמַּאי דְּדָרְשִׁינַן הָכִי – דְּתַנְיָא: ״וְזֶרַע אֵין לָהּ״
kiddushin_4,34,31,11,3,2,Kiddushin 4a,17,18,2,"אֶלָּא הָכָא, חַד גּוּפָא הִיא – כִּי נָפְקָא לַהּ בְּנַעֲרוּת, בַּגְרוּת מַאי בָּעֲיָא גַּבֵּיהּ?"
kiddushin_4,34,31,11,3,3,Kiddushin 4b,7,8,2,"מֵהֵיכָא קָא מַיְיתֵית לַהּ – מֵאָמָה הָעִבְרִיָּה. מָה לְאָמָה הָעִבְרִיָּה, שֶׁכֵּן יוֹצְאָה בְּכֶ"
kiddushin_46,25,24,11,3,1,Kiddushin 46a,7,8,2,"״בָּזוֹ וּבָזוֹ וּבָזוֹ״ אִם יֵשׁ בְּכוּלָּן שָׁוֶה פְּרוּטָה כּוּ׳. אַהֵיָיא? אִילֵּימָא אַרֵישָׁא,"
kiddushin_46,25,24,11,3,2,Kiddushin 46a,11,1,2,אָמַר רָבָא: שְׁמַע מִינַּהּ מִדְּרַבִּי אַמֵּי תְּלָת. שְׁמַע מִינַּהּ: הַמְקַדֵּשׁ בְּמִלְוָה אֵינ
kiddushin_46,25,24,11,3,3,Kiddushin 46b,8,13,6,"בִּתְרֵי מָנֵי – צָאֵית, בְּחַד מָנָא – לָא צָאֵית."
megillah_27,50,46,11,3,1,Megillah 27a,8,10,3,"קָתָנֵי מִיהַת: גּוֹלְלִים סֵפֶר תּוֹרָה בְּמִטְפְּחוֹת חוּמָּשִׁין, מִטְפְּחוֹת חוּמָּשִׁין — אִין,"
megillah_27,50,46,11,3,2,Megillah 27b,14,15,2,"תָּנֵי תַּנָּא קַמֵּיהּ דְּרַב נַחְמָן: הַמִּתְפַּלֵּל — מַרְחִיק אַרְבַּע אַמּוֹת וּמַשְׁתִּין, וְה"
megillah_27,50,46,11,3,3,Megillah 27b,17,18,2,"בִּשְׁלָמָא מַשְׁתִּין יִשְׁהֶה כְּדֵי הִילּוּךְ אַרְבַּע אַמּוֹת, מִשּׁוּם נִיצוֹצוֹת. אֶלָּא: מִתְ"
menachot_26,42,36,11,3,1,Menachot 26a,18,19,2,"תָּא שְׁמַע: קְמָצוֹ שֶׁלֹּא מִכְּלֵי שָׁרֵת, וְקִידְּשׁוֹ שֶׁלֹּא בִּכְלֵי שָׁרֵת, וְהֶעֱלוֹ וְהִקְ"
menachot_26,42,36,11,3,2,Menachot 26b,2,3,2,"(לֹא) חִישֵּׁב עָלֶיהָ חוּץ לִמְקוֹמוֹ – פָּסוּל, וְאֵין בּוֹ כָּרֵת. חוּץ לִזְמַנּוֹ – פִּיגּוּל, ו"
menachot_26,42,36,11,3,3,Menachot 26b,5,6,2,"לְרַבִּי יְהוּדָה בְּרֵיהּ דְּרַבִּי חִיָּיא מְסַיְּיעָא לֵיהּ, לְרַבִּי יַנַּאי לֵימָא תֶּיהְוֵי תְ"
menachot_29,36,21,11,2,1,Menachot 29a,18,2,4,"אָמַר אַשְׁיָאן בַּר נַדְבָּךְ מִשְּׁמֵיהּ דְּרַב יְהוּדָה: נִיקַּב תּוֹכוֹ שֶׁל הֵ״י כָּשֵׁר, יְרֵי"
menachot_29,36,21,11,2,2,Menachot 29b,7,10,4,"חׇטְרִי לְהוּ לְגַגֵּיהּ דְּחֵי״ת, כְּלוֹמַר: חַי הוּא בְּרוּמוֹ שֶׁל עוֹלָם, וְתָלוּ לֵיהּ לְכַרְעֵ"
menachot_58,24,23,11,3,1,Menachot 58a,2,3,2,"מִיבְּעֵי לֵיהּ לְכִדְתַנְיָא: יָכוֹל יְהֵא יָחִיד מִתְנַדֵּב וּמֵבִיא כַּיּוֹצֵא בָּהּ נְדָבָה, וְק"
menachot_58,24,23,11,3,2,Menachot 58a,6,9,4,"שְׂאוֹר הוּתַּר מִכְּלָלוֹ בַּמִּקְדָּשׁ, דְּבַשׁ לֹא הוּתַּר מִכְּלָלוֹ בַּמִּקְדָּשׁ."
menachot_58,24,23,11,3,3,Menachot 58a,11,14,4,"כֹּל שֶׁמִּמֶּנּוּ לָאִישִּׁים, אָמַר רַחֲמָנָא, וְהַאי אֵין מִמֶּנּוּ לָאִישִּׁים? אוֹ דִלְמָא כֹּל"
moed_katan_7,28,27,11,3,1,Moed Katan 7a,12,13,2,"מַתְנִי׳ רַבִּי מֵאִיר אוֹמֵר: רוֹאִין אֶת הַנְּגָעִים בַּתְּחִילָּה לְהָקֵל, אֲבָל לֹא לְהַחְמִיר. "
moed_katan_7,28,27,11,3,2,Moed Katan 7b,1,2,2,"בְּהֶסְגֵּר שֵׁנִי. מָר סָבַר: בְּכֹהֵן תַּלְיָא מִילְּתָא. אִי טָהוֹר — אָמַר לֵיהּ ״טָהוֹר״, וְאִי"
moed_katan_7,28,27,11,3,3,Moed Katan 7b,11,12,2,רַבִּי אוֹמֵר: אֵינוֹ צָרִיךְ. הֲרֵי הוּא אוֹמֵר: ״וְצִוָּה הַכֹּהֵן וּפִנּוּ אֶת הַבַּיִת״. אִם מַמ
niddah_15,37,33,11,4,1,Niddah 15a,9,10,2,"הוּא דְּאָמַר כְּשַׁמַּאי, דְּאָמַר: כׇּל הַנָּשִׁים דַּיָּין שְׁעָתָן."
niddah_15,37,33,11,4,2,Niddah 15a,15,16,2,"וְכֵן אָמַר רֵישׁ לָקִישׁ: לְמַפְרֵעַ, וְרַבִּי מֵאִיר הִיא. רַבִּי יוֹחָנָן אָמַר: מִכָּאן וּלְהַבָ"
niddah_15,37,33,11,4,3,Niddah 15a,20,21,2,"כְּלַפֵּי לְיָיא? אַדְּרַבָּה, אִיפְּכָא מִסְתַּבְּרָא! אֵין לָהּ וֶסֶת — אֵימָא חֲזַאי, יֵשׁ לָהּ ו"
niddah_15,37,33,11,4,4,Niddah 15a,23,3,4,"רַב אָשֵׁי מַתְנֵי הָכִי, אָמַר רַב הוּנָא:"
rosh_hashanah_29,34,31,11,2,1,Rosh Hashanah 29a,12,16,5,"כֹּהֲנִים אִצְטְרִיכָא לֵיהּ, סָלְקָא דַּעְתָּךְ אָמֵינָא: הוֹאִיל וּכְתִיב ״יוֹם תְּרוּעָה יִהְיֶה "
rosh_hashanah_29,34,31,11,2,2,Rosh Hashanah 29b,12,13,2,מִשֶּׁחָרַב בֵּית הַמִּקְדָּשׁ הִתְקִין רַבָּן יוֹחָנָן בֶּן זַכַּאי וְכוּ׳. תָּנוּ רַבָּנַן: פַּעַם
sanhedrin_112,33,29,11,3,1,Sanhedrin 112a,3,4,2,"תָּא שְׁמַע: הִדִּיחוּהָ נָשִׁים וּקְטַנִּים, אַמַּאי? לֶיהֱוֵי כְּהוּדְּחוּ מֵאֲלֵיהֶן! הָנָךְ בָּת"
sanhedrin_112,33,29,11,3,2,Sanhedrin 112a,16,1,4,בָּעֵי רַב יוֹסֵף: שְׂעַר נָשִׁים צִדְקָנִיּוֹת מַהוּ? אָמַר רָבָא: הָא דִּרְשָׁעִיּוֹת אָסוּר? ״תִּ
sanhedrin_112,33,29,11,3,3,Sanhedrin 112b,5,7,3,"אַדְּתָנֵי סֵיפָא: קׇדְשֵׁי בֶּדֶק הַבַּיִת יִפָּדוּ, לִיפְלוֹג וְלִיתְנֵי בְּדִידַהּ: בַּמֶּה דְּבָ"
sanhedrin_43,37,29,11,1,1,Sanhedrin 43a,21,26,6,"אָמַר עוּלָּא: וְתִסְבְּרָא? יֵשׁוּ הַנּוֹצְרִי בַּר הַפּוֹכֵי זְכוּת הוּא? מֵסִית הוּא, וְרַחֲמָנָא"
sotah_10,39,34,11,3,1,Sotah 10a,3,4,2,״וַיִּקְרָא שִׁמְשׁוֹן אֶל ה׳ וַיֹּאמֶר ה׳ אֱלֹהִים זׇכְרֵנִי נָא וְחַזְּקֵנִי נָא אַךְ הַפַּעַם הַז
sotah_10,39,34,11,3,2,Sotah 10a,19,20,2,״וַתֵּשֶׁב בְּפֶתַח עֵינַיִם״. אָמַר רַבִּי אֲלֶכְּסַנְדְּרִי: מְלַמֵּד שֶׁהָלְכָה וְיָשְׁבָה לָהּ ב
sotah_10,39,34,11,3,3,Sotah 10b,6,9,4,״וְהִיא שָׁלְחָה אֶל חָמִיהָ לֵאמֹר לְאִישׁ אֲשֶׁר אֵלֶּה לּוֹ אָנֹכִי הָרָה״. וְתֵימָא לֵיהּ מֵימָר
yevamot_108,38,26,11,3,1,Yevamot 108a,8,10,3,"וְאַכַּתִּי תִּיבְּעֵי לָךְ: דַּהֲוָה נְסִיבָא מֵעִיקָּרָא, אוֹ דִלְמָא מִיקַּדְּשָׁא? תָּא שְׁמַע: "
yevamot_108,38,26,11,3,2,Yevamot 108a,17,19,3,"הָא קָתָנֵי לְקַמַּן: הַמְמָאֶנֶת בָּאִישׁ — הוּא מוּתָּר בִּקְרוֹבוֹתֶיהָ, וְהִיא מוּתֶּרֶת בִּקְרו"
yevamot_108,38,26,11,3,3,Yevamot 108b,3,6,4,גְּמָ׳ אַלְמָא אָתֵי מֵיאוּן וּמְבַטֵּל גֵּט.
yevamot_30,28,26,11,2,1,Yevamot 30a,4,6,3,גְּמָ׳ הָא תּוּ לְמָה לִי? הַיְינוּ הָךְ! הַשְׁתָּא: וּמָה הָתָם דַּאֲחוֹת אִשָּׁה הָוְיָא צָרָה לְנ
yevamot_30,28,26,11,2,2,Yevamot 30a,8,1,8,גְּמָ׳ אָמַר רַב יְהוּדָה אָמַר רַב: כׇּל יְבָמָה שֶׁאֵין אֲנִי קוֹרֵא בָּהּ בִּשְׁעַת נְפִילָה ״יְב
yoma_41,37,34,11,4,1,Yoma 41a,3,4,2,"אָמַר רַב שִׁימִי בַּר אָשֵׁי: מַאי טַעְמָא דְּרַב חִסְדָּא, דִּכְתִיב: ״וְלָקְחָה״ ״וְעָשָׂה״. אוֹ "
yoma_41,37,34,11,4,2,Yoma 41a,15,1,2,"וּלְרַבִּי חַגָּא אָמַר רַבִּי יֹאשִׁיָּה, דְּאָמַר יָצָא,"
yoma_41,37,34,11,4,3,Yoma 41b,7,8,2,"אִי הָכִי, רֵישָׁא נָמֵי! הָא רַבִּי רַחֲמָנָא ״תּוֹרַת״, וְהָתַנְיָא: ״תּוֹרַת״, לְרַבּוֹת מְצוֹרָע"
yoma_41,37,34,11,4,4,Yoma 41b,10,11,2,"בָּא לוֹ אֵצֶל פָּרוֹ שְׁנִיָּה, וְסוֹמֵךְ שְׁתֵּי יָדָיו עָלָיו וּמִתְוַדֶּה, וְכָךְ הָיָה אוֹמֵר: "
yoma_63,31,31,11,3,1,Yoma 63a,17,1,3,"אָמַר מָר: מִשֶּׁהִגְרִיל עֲלֵיהֶן חַיָּיב עַל שֶׁל שֵׁם, וּפָטוּר עַל שֶׁל עֲזָאזֵל."
yoma_63,31,31,11,3,2,Yoma 63b,3,5,3,"וְ״לַה׳״ לְהוֹצִיא הוּא? וּרְמִינְהוּ: ״יֵרָצֶה לְקׇרְבַּן אִשֶּׁה לַה׳״, אֵלּוּ אִישִּׁים,"
yoma_63,31,31,11,3,3,Yoma 63b,11,12,2,"וּמְנָא תֵּימְרָא דְּפָסֵיל בֵּיהּ מוּמָא! דְּתַנְיָא: ״וְאִשֶּׁה לֹא תִתְּנוּ מֵהֶם״, אֵלּוּ הַחֲלָ"
zevachim_109,33,33,11,3,1,Zevachim 109a,7,8,2,"מִנַּיִן? תַּלְמוּד לוֹמַר: ״לֹא יְבִיאֶנּוּ לַעֲשׂוֹת״ – כׇּל הַמִּתְקַבֵּל בְּפֶתַח אֹהֶל מוֹעֵד, "
zevachim_109,33,33,11,3,2,Zevachim 109b,6,7,2,הַמַּקְרִיב קָדָשִׁים וְאֵימוּרִים בַּחוּץ – חַיָּיב.
zevachim_109,33,33,11,3,3,Zevachim 109b,12,13,2,"כִּי פְּלִיגִי – בְּהַקְטָרָה דִּפְנִים; דְּמָר סָבַר: ״מְלֹא חׇפְנָיו״ דַּוְקָא, וּמָר סָבַר: ״מְלֹ"
zevachim_110,37,37,11,1,1,Zevachim 110a,10,16,7,אֲמַר לֵיהּ רַבָּה בַּר רַב חָנָן לְאַבָּיֵי: מִדְּרַבִּי אֱלִיעֶזֶר פָּשֵׁיט מָר?!
zevachim_111,36,32,11,2,1,Zevachim 111b,4,10,7,גְּמָ׳ הַאי ״הֶכְשֵׁירוֹ״?! חִיּוּבוֹ הוּא! תְּנִי ״חִיּוּבוֹ״.
zevachim_111,36,32,11,2,2,Zevachim 111b,12,14,3,רָבָא אָמַר: קַבָּלָה בִּכְלִי חוֹל אִיכָּא בֵּינַיְיהוּ. וְהָכִי קָאָמַר: [וְכֵן] הַמְקַבֵּל בִּכְל
zevachim_12,41,41,11,2,1,Zevachim 12b,8,9,2,אָמַר שִׁמְעוֹן בֶּן עַזַּאי: מְקוּבְּלַנִי מִפִּי שִׁבְעִים וּשְׁנַיִם זָקֵן כּוּ׳. לְמָה לִי לְמִת
zevachim_12,41,41,11,2,2,Zevachim 12b,11,16,6,אָשָׁם נָמֵי כְּתִיב בֵּיהּ ״הוּא״!
Hullin_3,34,32,10,2,1,Chullin 3a,11,12,2,"חוּץ מֵחֵרֵשׁ שׁוֹטֶה וְקָטָן, דַּאֲפִילּוּ דִּיעֲבַד נָמֵי לָא, שֶׁמָּא יִשְׁהוּ, וְשֶׁמָּא יִדְרְס"
Hullin_3,34,32,10,2,2,Chullin 3b,10,11,2,"אֶלָּא, אַשֶּׁאֵין מוּחְזָקִין, וְהָאָמְרַתְּ: בְּ״בָרִי לִי״ סַגִּי! דְּלֵיתֵיהּ קַמַּן דְּלִישַׁיְ"
arakhin_30,43,35,10,4,1,Arakhin 30a,6,7,2,"רַבִּי אֱלִיעֶזֶר אוֹמֵר: מְכָרָהּ לוֹ כּוּ׳. תַּנְיָא, רַבִּי אֱלִיעֶזֶר אוֹמֵר: מִנַּיִן שֶׁאִם מְ"
arakhin_30,43,35,10,4,2,Arakhin 30a,10,11,2,"גְּמָ׳ תָּנוּ רַבָּנַן: מְכָרָהּ לָרִאשׁוֹן בְּמָנֶה, וּמְכָרָהּ רִאשׁוֹן לַשֵּׁנִי בְּמָאתַיִם, מִנ"
arakhin_30,43,35,10,4,3,Arakhin 30a,18,19,2,"נִמְכַּר בְּמָאתַיִם, וְהִכְסִיף וְעָמַד עַל מָנֶה, מִנַּיִן שֶׁאֵין מְחַשְּׁבִין אֶלָּא מִמָּנֶה? ש"
arakhin_30,43,35,10,4,4,Arakhin 30b,5,6,2,"לֹא הִרְגִּישׁ — לַסּוֹף מוֹכֵר אֶת שְׂדוֹתָיו, שֶׁנֶּאֱמַר: ״וְכִי יָמוּךְ אָחִיךָ וּמָכַר מֵאֲחֻזּ"
avodah_zarah_16,33,26,10,3,1,Avodah Zarah 16a,8,9,2,"תִּיבְּעֵי לְרַבִּי יְהוּדָה: עַד כָּאן לָא קָא שָׁרֵי רַבִּי יְהוּדָה אֶלָּא בִּשְׁבוּרָה, דְּלָא א"
avodah_zarah_16,33,26,10,3,2,Avodah Zarah 16a,11,12,2,"מַאי טַעְמָא, לָאו מִשּׁוּם דִּלְמָא אָתֵי לְשַׁהוֹיֵי? וְלִיטַעְמָיךְ, שֶׁאֵין מַקְרִיבִין אוֹתוֹ ה"
avodah_zarah_16,33,26,10,3,3,Avodah Zarah 16b,6,8,3,"רַב אָשֵׁי דָּיֵיק מַתְנִיתִין וּמוֹתֵיב תְּיוּבְתָּא, תְּנַן: אֵין מוֹכְרִין לָהֶן דּוּבִּים וַאֲרָ"
bava_batra_19,32,31,10,1,1,Bava Batra 19a,5,9,5,"פְּשִׁיטָא דִּ״וְסָד בְּסִיד״ תְּנַן, דְּאִי סָלְקָא דַעְתָּךְ דְּ״אוֹ סָד בְּסִיד״ תְּנַן, אִם כֵּן"
bava_kamma_119,45,43,10,2,1,Bava Kamma 119b,4,5,2,"וְלֹא יָטִיל בּוֹ יוֹתֵר מִשְּׁלֹשָׁה חוּבִּין. בָּעֵי רַבִּי יִרְמְיָה: אַמְטוֹיֵי וְאֵתוֹיֵי חַד, "
bava_kamma_119,45,43,10,2,2,Bava Kamma 119b,12,14,3,"אִם הָיָה שָׁחוֹר [וְכוּ׳]. אָמַר רַב יְהוּדָה: קַצָּרָא שְׁמֵיהּ, וְקַצְרָא שָׁקֵיל לֵיהּ. אָמַר רַ"
bava_kamma_3,42,36,10,3,1,Bava Kamma 3a,7,8,2,"אָמַר מָר: ״וּבִעֵר״ זוֹ הַשֵּׁן, וְכֵן הוּא אוֹמֵר: ״כַּאֲשֶׁר יְבַעֵר הַגָּלָל עַד תֻּמּוֹ״. טַעְמ"
bava_kamma_3,42,36,10,3,2,Bava Kamma 3a,10,13,4,"דּוּמְיָא דְשֵׁן, מָה שֵׁן – לָא שְׁנָא שַׁלְּחַהּ שַׁלּוֹחֵי, לָא שְׁנָא דְּאָזֵל מִמֵּילָא; אַף רֶ"
bava_kamma_3,42,36,10,3,3,Bava Kamma 3b,11,12,2,"לְרָבָא מִבַּעְיָא לֵיהּ, לְרַב פָּפָּא פְּשִׁיטָא לֵיהּ."
bava_kamma_40,53,47,10,2,1,Bava Kamma 40b,1,3,3,"אִם תָּם – הֲוָה מוֹדֵינָא, וּמִפְּטַרְינָא!"
bava_kamma_40,53,47,10,2,2,Bava Kamma 40b,5,7,3,"וְנֵימָא לֵיהּ: אִי אַהְדַּרְתֵּיהּ נִיהֲלִי, הֲוָה מַעֲרֵיקְנָא לֵיהּ לְאַגְמָא! מִשּׁוּם דְּאָמַר "
bava_kamma_65,33,30,10,3,1,Bava Kamma 65a,4,6,3,מַאי טַעְמָא דְּרַב? אָמַר קְרָא: ״גְּנֵיבָה״ וְ״חַיִּים״. אַמַּאי קָאָמַר רַחֲמָנָא ״חַיִּים״ בִּגְ
bava_kamma_65,33,30,10,3,2,Bava Kamma 65a,9,10,2,"הֵיכִי דָמֵי? אִילֵּימָא דְּמֵעִיקָּרָא שָׁוְיָא זוּזָא, וּלְבַסּוֹף שָׁוְיָא אַרְבְּעָה זוּזֵי – קֶ"
bava_kamma_65,33,30,10,3,3,Bava Kamma 65b,8,11,4,"מַאי שְׁנָא חוֹמֶשׁ דְּלָא מְשַׁלֵּם – דִּכְתִיב: ״בְּרֹאשׁוֹ וַחֲמִשִׁתָיו״, אָשָׁם נָמֵי לָא מְשַׁ"
bava_metzia_102,41,40,10,5,1,Bava Metzia 102a,14,15,2,"וּמִי פְּשִׁיטָא לֵיהּ לְרָבָא? וְהָא מִיבְעֵי בָּעֵי לַהּ, דְּבָעֵי רָבָא: זָרַק אַרְנָקִי בְּפֶתַח"
bava_metzia_102,41,40,10,5,2,Bava Metzia 102a,21,22,2,"אִי הָכִי, אַמַּאי אֲסוּרוֹת מִשּׁוּם גָּזֵל! אַאִמָּן."
bava_metzia_102,41,40,10,5,3,Bava Metzia 102a,24,25,2,"אִי הָכִי: אֲסוּרוֹת בְּגָזֵל מִפְּנֵי דַּרְכֵי שָׁלוֹם? אִי דְּשַׁלְּחַהּ – גָּזֵל מְעַלְּיָא הוּא,"
bava_metzia_102,41,40,10,5,4,Bava Metzia 102b,5,6,2,"הָא אָמַר רַב חֲדָא זִימְנָא. דְּאָמַר רַב הוּנָא, אָמְרִי בֵּי רַב: ״אִסְתֵּירָא מְאָה מָעֵי״ – מְא"
bava_metzia_102,41,40,10,5,5,Bava Metzia 102b,8,9,2,מִי אָמַר שְׁמוּאֵל לָא אָמְרִינַן ״תְּפוֹס לָשׁוֹן אַחֲרוֹן״? וְהָא רַב וּשְׁמוּאֵל דְּאָמְרִי תַּר
bekhorot_9,36,36,10,3,1,Bekhorot 9a,9,11,3,וְלִיגְמַר מִינֵּיהּ! הָא מַיעֵט רַחֲמָנָא ״הַזְּכָרִים״.
bekhorot_9,36,36,10,3,2,Bekhorot 9b,10,12,3,וְרַבִּי שִׁמְעוֹן מַאי טַעְמֵאּ? אָמַר עוּלָּא: יֵשׁ לְךָ דָּבָר שֶׁפִּדְיוֹנוֹ מוּתָּר וְהוּא אָסו
bekhorot_9,36,36,10,3,3,Bekhorot 9b,16,18,3,"אֶלָּא דְּכוּלֵּי עָלְמָא ״שׁוֹרֶךָ״ לְמַעוֹטֵי בְּכוֹר אָדָם הוּא דַּאֲתָא, כִּי פְּלִיגִי בְּ״צֹאנ"
berakhot_36b,44,26,10,4,1,Berakhot 36a,20,22,3,"וְנֵימָא: ״הֲלָכָה כְּרַבִּי עֲקִיבָא״! אִי אָמַר הֲלָכָה כְּרַבִּי עֲקִיבָא, הֲוָה אָמֵינָא אֲפִילּ"
berakhot_36b,44,26,10,4,2,Berakhot 36b,2,3,2,"רַבִּי עֲקִיבָא בִּמְקוֹם רַבִּי אֱלִיעֶזֶר עָבְדִינַן כְּוָתֵיהּ, וּבֵית שַׁמַּאי בִּמְקוֹם בֵּית ה"
berakhot_36b,44,26,10,4,3,Berakhot 36b,5,6,2,"אֵיתִיבֵיהּ אַבָּיֵי: פִּיטְמָא שֶׁל רִמּוֹן מִצְטָרֶפֶת, וְהַנֵּץ שֶׁלּוֹ אֵין מִצְטָרֵף. מִדְּקָאָ"
berakhot_36b,44,26,10,4,4,Berakhot 36b,14,15,2,"פִּלְפְּלֵי, רַב שֵׁשֶׁת אָמַר: ״שֶׁהַכֹּל״, רָבָא אָמַר: לָא כְלוּם. וְאָזְדָא רָבָא לְטַעְמֵיהּ, ד"
eruvin_46,36,34,10,1,1,Eruvin 46a,13,18,6,מַאי ״לְאַחַר שֶׁנִּזְכַּר״? אִילֵּימָא: לְאַחַר שֶׁנִּזְכַּר דְּאֵין הֲלָכָה כְּרַבִּי אֶלְעָזָר אֶ
eruvin_70,34,29,10,2,1,Eruvin 70a,9,11,3,"אִי דַּהֲוָה וּמִית — אֵימָא סֵיפָא, אֲבָל אֵין אֶחָד שֶׁעֵירַב נוֹתֵן רְשׁוּתוֹ לְאֶחָד שֶׁלֹּא עֵי"
eruvin_70,34,29,10,2,2,Eruvin 70a,17,20,4,אוֹ לְאֶחָד שֶׁלֹּא עֵירַב. לְמָה לִי? מַהוּ דְּתֵימָא: הָנֵי מִילֵּי — הֵיכָא דְּמִקְצָתָן עֵירְבוּ
eruvin_75,36,35,10,3,1,Eruvin 75a,2,3,2,"הַשְׁתָּא דְּאָמַר רַב אֲפִילּוּ חָצֵר, טַעְמָא דְּרַב דְּקָא סָבַר אָסוּר לַעֲשׂוֹת יָחִיד בִּמְקוֹ"
eruvin_75,36,35,10,3,2,Eruvin 75a,12,13,2,תְּנַן: עֵירְבָה זוֹ לְעַצְמָהּ וְזוֹ לְעַצְמָהּ — זוֹ מוּתֶּרֶת בִּפְנֵי עַצְמָהּ וְזוֹ מוּתֶּרֶת ב
eruvin_75,36,35,10,3,3,Eruvin 75a,15,16,2,מֵתִיב רַב בִּיבִי בַּר אַבָּיֵי: וְאִם הָיוּ שֶׁל יְחִידִים אֵין צְרִיכִין לְעָרֵב. הָא שֶׁל רַבִּי
gittin_12,39,35,10,2,1,Gittin 12a,3,5,3,"וְרַבִּי אֱלִיעֶזֶר, הַאי ״לֹא תְלַקֵּט״ – מַאי עָבֵיד לֵיהּ? מִיבְּעֵי לֵיהּ לְהַזְהִיר לְעָנִי עַל"
gittin_12,39,35,10,2,2,Gittin 12a,17,21,5,לֵימָא כְּתַנָּאֵי – רַבָּן שִׁמְעוֹן בֶּן גַּמְלִיאֵל אוֹמֵר: יָכוֹל הָעֶבֶד לוֹמַר לְרַבּוֹ בִּשְׁ
horayot_2,37,30,10,3,1,Horayot 2a,7,9,3,"אִיכָּא דְאָמְרִי, אָמַר שְׁמוּאֵל: אֵין בֵּית דִּין חַיָּיבִין עַד שֶׁיֹּאמְרוּ לָהֶם ״מוּתָּרִים א"
horayot_2,37,30,10,3,2,Horayot 2a,12,14,3,"מִילְּתָא דִּפְשִׁיטָא לֵיהּ לְרָבָא קָמִיבַּעְיָא לֵיהּ לְרָמִי בַּר חָמָא, דִּבְעַי רָמֵי בַּר חָמ"
horayot_2,37,30,10,3,3,Horayot 2a,20,2,3,בֵּין שֶׁעָשׂוּ וְעָשָׂה עִמָּהֶן כּוּ׳. לְמָה לֵיהּ לְמִיתְנָא כׇּל הָנֵי? בִּשְׁלָמָא רֵישָׁא – לֹ
hullin_31,44,39,10,1,1,Hullin 31a,4,11,8,"הָיָה שׁוֹחֵט וְהִתִּיז, אָמַר רַבִּי זֵירָא: מְלֹא צַוָּאר וְחוּץ לַצַּוָּאר."
hullin_33,32,32,10,2,1,Hullin 33a,13,14,2,"וְתוּ, אִי בְּקָדָשִׁים, כִּי לֹא יָצָא מֵהֶם דָּם לָא מִתַּכְשְׁרִי, (לִיתַּכְשְׁרִי) [לִיתַּכְשְׁר"
hullin_33,32,32,10,2,2,Hullin 33b,12,17,6,"דִּתְנַן, בּוֹ בְּיוֹם דָּרַשׁ רַבִּי עֲקִיבָא: ״וְכׇל כְּלִי חֶרֶשׂ וְגוֹ׳ יִטְמָא״, ״טָמֵא״ לֹא נֶ"
hullin_53,32,31,10,3,1,Hullin 53a,2,3,2,"לְחָתוּל וּלְחוּלְדָּה, יֵשׁ לָהֶן דְּרוּסָה אוֹ אֵין לָהֶן דְּרוּסָה? אֲמַר לֵיהּ: לְחָתוּל יֵשׁ דְ"
hullin_53,32,31,10,3,2,Hullin 53a,5,6,2,"וְהָאֲנַן תְּנַן: ״וּדְרוּסַת הַנֵּץ בְּעוֹף הַדַּק״! דְּרוּסַת הָנֵץ בְּדִכְוָותֵיהּ, וְאִינָךְ בִּ"
hullin_53,32,31,10,3,3,Hullin 53b,1,2,2,אַהֲדָדֵי. כִּי פְּלִיגִי דְּאִיהוּ קָא שָׁתֵיק וְאִינְהוּ קָמְקַרְקְרָן: מָר סָבַר מַעֲשֶׂה קָא עָב
keritot_8b,42,22,10,2,1,Keritot 8b,7,9,3,"גְּמָ׳ שְׁנָא זָב וְזָבָה דְּמָנֵי לְהוֹן בִּתְרֵין – מִשּׁוּם דַּחֲלוּקָהּ טוּמְאָתוֹ, דְּזָב לָא מ"
keritot_8b,42,22,10,2,2,Keritot 8b,13,15,3,"רַבִּי אֱלִיעֶזֶר בֶּן יַעֲקֹב אוֹמֵר: גֵּר מְחוּסָּר כּוּ׳. וְתַנָּא קַמָּא, מַאי טַעְמָא לָא תָּנֵ"
kiddushin_61,26,26,10,2,1,Kiddushin 61a,2,4,3,"וְהָוֵינַן בַּהּ: נְהִי דְּבַהֲדֵי אַרְעָא לֹא קָדְשׁוּ, נִקְדְּשׁוּ בְּאַפֵּי נַפְשַׁיְיהוּ! וְכִי "
kiddushin_61,26,26,10,2,2,Kiddushin 61b,9,14,6,"בִּשְׁלָמָא לְרַבִּי מֵאִיר, הַיְינוּ דִּכְתִיב: ״אִם תֵּיטִיב שְׂאֵת, וְאִם לֹא תֵיטִיב לַפֶּתַח חַ"
megillah_19,37,37,10,4,1,Megillah 19a,10,11,2,וְלָאו תָּרוֹצֵי מְתָרְצַתְּ? תְּנִי: קוֹרֵא עִמָּהֶן.
megillah_19,37,37,10,4,2,Megillah 19a,22,1,2,לֵוִי בַּר שְׁמוּאֵל הֲוָה קָא קָרֵי קַמֵּיהּ דְּרַב יְהוּדָה בִּמְגִילָּה
megillah_19,37,37,10,4,3,Megillah 19b,3,5,3,וְאָמַר רַבִּי חִיָּיא בַּר אַבָּא אָמַר רַבִּי יוֹחָנָן: שִׁיּוּר הַתֶּפֶר — הֲלָכָה לְמֹשֶׁה מִסִּ
megillah_19,37,37,10,4,4,Megillah 19b,10,11,2,וְדִלְמָא הָא כִּדְאִיתָא וְהָא כִּדְאִיתָא! מִדְּקָתָנֵי סֵיפָא: רַבִּי יְהוּדָה מַכְשִׁיר בְּקָטָן
meilah_11,36,34,10,2,1,Meilah 11b,3,7,5,"הָנִיחָא לְמַאן דְּאָמַר אֵיבְרֵי שָׂעִיר הַמִּשְׁתַּלֵּחַ – אֵין נֶהֱנִין מֵהֶן, אֶלָּא לְמַאן דְּא"
meilah_11,36,34,10,2,2,Meilah 11b,10,11,2,"וּכְתִיב הָתָם ״וְשָׂמוֹ אֵצֶל הַמִּזְבֵּחַ״, הָנֵי – אִין, מִידֵּי אַחֲרִינָא – לָא."
menachot_11,37,35,10,3,1,Menachot 11a,3,5,3,"וְאִי תְּנָא מֶלַח, דְּלָא אִיקְּבַע בַּהֲדֵי מִנְחָה מֵעִיקָּרָא (שֶׁאֵינוֹ מוֹלֵחַ אֶלָּא הַקּוֹמֶ"
menachot_11,37,35,10,3,2,Menachot 11a,18,19,2,"מַתְנִי׳ כֵּיצַד הוּא עוֹשֶׂה? פּוֹשֵׁט אֶת אֶצְבְּעוֹתָיו עַל פַּס יָדוֹ. רִיבָּה שַׁמְנָהּ, חִסֵּר"
menachot_11,37,35,10,3,3,Menachot 11b,7,8,2,"פְּלִיגִי בַּהּ רַבִּי אַמֵּי וְרַבִּי יִצְחָק נַפָּחָא, חַד אָמַר: מַחְלוֹקֶת בִּלְבוֹנָה הַבָּאָה "
menachot_96,35,31,10,3,1,Menachot 96a,15,18,4,גְּמָ׳ כׇּל הַמְּנָחוֹת יֵשׁ בָּהֶן מַעֲשֵׂה כְלִי מִבִּפְנִים. שָׁאֲלוּ אֶת רַבִּי: זוֹ מִנַּיִן? א
menachot_96,35,31,10,3,2,Menachot 96b,4,5,2,"אָמַר רַבִּי יוֹחָנָן: לְדִבְרֵי הָאוֹמֵר מִסְגַּרְתּוֹ לְמַטָּה הָיְתָה, טַבְלָא הַמִּתְהַפֶּכֶת טְ"
menachot_96,35,31,10,3,3,Menachot 96b,7,8,2,"מַאי טַעְמָא? דּוּמְיָא דְּשַׂק בָּעֵינַן – מָה שַׂק מִטַּלְטֵל מָלֵא וְרֵיקָן, אַף כֹּל מִטַּלְטֵל "
menachot_98,44,28,10,4,1,Menachot 98a,20,21,2,כׇּל הַכֵּלִים שֶׁבַּמִּקְדָּשׁ וְכוּ׳. תָּנוּ רַבָּנַן: כׇּל הַכֵּלִים שֶׁבַּמִּקְדָּשׁ אׇרְכָּן לְ
menachot_98,44,28,10,4,2,Menachot 98b,4,6,3,"תָּנוּ רַבָּנַן: עֲשָׂרָה שׁוּלְחָנוֹת עָשָׂה שְׁלֹמֹה הַמֶּלֶךְ, שֶׁנֶּאֱמַר: ״וַיַּעַשׂ שֻׁלְחָנוֹ"
menachot_98,44,28,10,4,3,Menachot 98b,8,9,2,"וְאִם תֹּאמַר: חֲמִשָּׁה מִימִין הַפֶּתַח וַחֲמִשָּׁה מִשְּׂמֹאל הַפֶּתַח, אִם כֵּן מָצִינוּ מְנוֹרָ"
menachot_98,44,28,10,4,4,Menachot 98b,13,14,2,וּמְנוֹרָה גּוּפַהּ מְנָלַן? מִדִּכְתִיב בְּנֵר מַעֲרָבִי ״יַעֲרֹךְ אֹתוֹ [אַהֲרֹן וְגוֹ׳] לִפְנֵי ה
niddah_28,37,31,10,2,1,Niddah 28b,1,2,2,"תְּשַׁלֵּחוּ״ — זָכָר וַדַּאי נְקֵבָה וַדָּאִית, וְלֹא טוּמְטוּם וְאַנְדְּרוֹגִינוֹס."
niddah_28,37,31,10,2,2,Niddah 28b,4,10,7,"דִּתְנַן, רַבִּי אֱלִיעֶזֶר אוֹמֵר: הַ״שֶּׁרֶץ... וְנֶעְלַם מִמֶּנּוּ״ — עַל הֶעְלֵם שֶׁרֶץ הוּא חַי"
niddah_51,40,39,10,2,1,Niddah 51a,18,1,4,"אָמַר רַב שִׁימִי בַּר אָשֵׁי, תָּא שְׁמַע: הַמַּפְקִיר אֶת כַּרְמוֹ, וְהִשְׁכִּים בַּבֹּקֶר וּבְצָר"
niddah_51,40,39,10,2,2,Niddah 51b,14,16,3,"גְּמָ' כֹּל שֶׁיֵּשׁ לוֹ קַשְׂקֶשֶׂת — דָּג טָהוֹר, יֵשׁ שֶׁיֵּשׁ לוֹ סְנַפִּיר וְאֵין לוֹ קַשְׂקֶשֶ"
pesachim_67,29,27,10,3,1,Pesachim 67a,9,10,2,אֵיתִיבֵיהּ: מְצוֹרָע שֶׁנִּכְנַס לִפְנִים מִמְּחִיצָתוֹ — בְּאַרְבָּעִים. זָבִין וְזָבוֹת שֶׁנִּכְנ
pesachim_67,29,27,10,3,2,Pesachim 67b,7,8,2,"וְרַבִּי יְהוּדָה, שַׁפִּיר קָאָמַר רַבִּי שִׁמְעוֹן?"
pesachim_67,29,27,10,3,3,Pesachim 67b,10,12,3,"מֵיתִיבִי: בַּעַל קֶרִי כְּמַגַּע שֶׁרֶץ, מַאי לָאו לְמַחֲנוֹתָם? לֹא, לְטוּמְאָתָם."
rosh_hashanah_31,36,27,10,2,1,Rosh Hashanah 31a,3,5,3,"בַּשֵּׁנִי מָה הָיוּ אוֹמְרִים — ״גָּדוֹל ה׳ וּמְהוּלָּל מְאֹד״, עַל שֵׁם שֶׁחִילֵּק מַעֲשָׂיו וּמָל"
rosh_hashanah_31,36,27,10,2,2,Rosh Hashanah 31a,14,17,4,"עֶשֶׂר מַסָּעוֹת נָסְעָה שְׁכִינָה, מִקְּרָאֵי: מִכַּפֹּרֶת לִכְרוּב, וּמִכְּרוּב לִכְרוּב, וּמִכְּר"
shabbat_120,25,16,10,1,1,Shabbat 120a,10,7,8,גְּמָ׳ אָמַר רַב יְהוּדָה אָמַר רַב: טַלִּית שֶׁאָחַז בָּהּ הָאוּר מִצַּד אֶחָד — נוֹתְנִין עָלֶיהָ 
shevuot_48,35,35,10,1,1,Shevuot 48b,10,18,9,וְאֵלּוּ נִשְׁבָּעִין. אַטּוּ בְּשׁוּפְטָנֵי עָסְקִינַן?! הָכִי קָאָמַר: וְאֵלּוּ נִשְׁבָּעִין שֶׁלּ
sotah_35,36,35,10,2,1,Sotah 35a,19,20,2,"״וַיִּחַר לְדָוִד עַל אֲשֶׁר פָּרַץ ה׳ פֶּרֶץ בְּעֻזָּה״, אָמַר רַבִּי אֶלְעָזָר: שֶׁנִּשְׁתַּנּוּ פ"
sotah_35,36,35,10,2,2,Sotah 35a,23,5,6,"״וַיַּךְ בְּאַנְשֵׁי בֵית שֶׁמֶשׁ כִּי רָאוּ בַּאֲרוֹן״, מִשּׁוּם דְּרָאוּ ״וַיַּךְ״ אֱלֹהִים? רַבִּ"
sotah_49,39,39,10,3,1,Sotah 49a,16,17,2,מִשֶּׁמֵּת רַבָּן יוֹחָנָן בֶּן זַכַּאי בָּטַל זִיו הַחׇכְמָה. מִשֶּׁמֵּת רַבָּן גַּמְלִיאֵל הַזָּקֵ
sotah_49,39,39,10,3,2,Sotah 49b,3,4,2,"וְחַכְמוֹת סוֹפְרִים תִּסְרַח, וְיִרְאֵי חֵטְא יִמָּאֵסוּ, וְהָאֱמֶת תְּהֵא נֶעֱדֶרֶת. נְעָרִים פְּנ"
sotah_49,39,39,10,3,3,Sotah 49b,14,18,5,"שָׁאנֵי שֶׁל בֵּית רַבָּן גַּמְלִיאֵל, דִּקְרוֹבִין לַמַּלְכוּת הֲווֹ. דְּתַנְיָא: מְסַפֵּר קוֹמֵי ה"
sukkah_14,31,31,10,3,1,Sukkah 14a,5,6,2,הַאי מַאי?! בִּשְׁלָמָא הָתָם — טַעְמָא דְּרַבִּי יוֹסֵי חַזְיָא לְכִדְרַבִּי שִׁמְעוֹן בֶּן לָקִישׁ
sukkah_14,31,31,10,3,2,Sukkah 14a,15,1,3,מִי סָבְרַתְּ דִּבְרֵי הַכֹּל הִיא? סֵיפָא אֲתָאן לְרַבִּי מֵאִיר.
sukkah_14,31,31,10,3,3,Sukkah 14b,5,7,3,"לִישָּׁנָא אַחֲרִינָא: בִּשְׁלָמָא לִשְׁמוּאֵל דְּאָמַר בְּשֶׁאֵין בָּהֶן אַרְבָּעָה מַחְלוֹקֶת, אֲב"
temurah_17,43,31,10,2,1,Temurah 17a,10,11,2,רַבִּי אֶלְעָזָר אוֹמֵר: הַכִּלְאַיִם וְהַטְּרֵפָה וְכוּ׳. אָמַר שְׁמוּאֵל: לֹא קְדוֹשִׁין בִּתְמוּר
temurah_17,43,31,10,2,2,Temurah 17a,21,2,4,"תָּא שְׁמַע: רַבִּי אֶלְעָזָר אוֹמֵר: הַכִּלְאַיִם, וְיוֹצֵא דוֹפֶן, וּטְרֵיפָה, וְטוּמְטוּם וְאַנְד"
temurah_22,42,38,10,4,1,Temurah 22a,2,3,2,"גְּמָ׳ מַאי טַעְמָא לָא תָּנֵי לְהוּ גַּבֵּי הֲדָדֵי? רֵישָׁא — פְּסִיקָא לֵיהּ, וְסֵיפָא — לָא פְּס"
temurah_22,42,38,10,4,2,Temurah 22a,8,9,2,"אָמַר רַבָּה: הָכִי קָאָמַר תַּנָּא: שֶׁאָבְדָה וְנִמְצֵאת בַּעֲלַת מוּם עוֹבֵר, אִם אַחַר שֶׁכִּפְּ"
temurah_22,42,38,10,4,3,Temurah 22a,11,12,2,"וְצָרִיךְ לְמִיתְנֵי ״אִם אָבְדָה״ גַּבֵּי בַּעֲלַת מוּם, וְגַבֵּי עִבְּרָה שְׁנָתָהּ, דְּאִי תְּנָא"
temurah_22,42,38,10,4,4,Temurah 22a,15,18,4,"תְּנַן: הַשֵּׁנִי יִרְעֶה עַד שֶׁיִּסְתָּאֵב, וְיִמָּכֵר, וְיִפְּלוּ דָּמָיו לִנְדָבָה, לְפִי שֶׁאֵי"
temurah_28,43,40,10,2,1,Temurah 28a,3,5,3,"גְּמָ׳ אָמַר מָר: אוֹסְרִין בְּכׇל שֶׁהֵן, דְּלָא בָּטְלִי בְּרוּבָּא. תְּנֵינָא: כׇּל הַקֳּדָשִׁים "
temurah_28,43,40,10,2,2,Temurah 28b,7,10,4,"מַתְקֵיף לַהּ רַב חֲנַנְיָא: טַעְמָא דְּמַעֲטֵיהּ קְרָא, הָא לָא מַעֲטֵיהּ קְרָא — צִיפּוּי מוּתָּר?"
yevamot_30b,28,28,10,2,1,Yevamot 30a,4,6,3,גְּמָ׳ הָא תּוּ לְמָה לִי? הַיְינוּ הָךְ! הַשְׁתָּא: וּמָה הָתָם דַּאֲחוֹת אִשָּׁה הָוְיָא צָרָה לְנ
yevamot_30b,28,28,10,2,2,Yevamot 30a,8,14,7,גְּמָ׳ אָמַר רַב יְהוּדָה אָמַר רַב: כׇּל יְבָמָה שֶׁאֵין אֲנִי קוֹרֵא בָּהּ בִּשְׁעַת נְפִילָה ״יְב
yevamot_36,32,32,10,3,1,Yevamot 36a,8,10,3,"בִּשְׁלָמָא יַבּוֹמֵי לָא — שֶׁמָּא יְהֵא וָלָד בֶּן קַיָּימָא, וְיִפְגַּע בְּאִיסּוּר אֵשֶׁת אָח דּ"
yevamot_36,32,32,10,3,2,Yevamot 36b,2,5,4,"וְאִידַּךְ, דִּתְנַן: הַכּוֹתֵב כׇּל נְכָסָיו לִבְנוֹ לְאַחַר מוֹתוֹ, הָאָב אֵינוֹ יָכוֹל לִמְכּוֹר "
yevamot_36,32,32,10,3,3,Yevamot 36b,9,10,2,"אֲמַר לֵיהּ אַבָּיֵי: מִמַּאי? דִּלְמָא לָא הִיא, עַד כָּאן לָא קָאָמַר רַבִּי אֱלִיעֶזֶר הָכָא, אֶל"
yevamot_40,59,30,10,2,1,Yevamot 40a,7,8,2,"אֶלָּא: רָצָה — מַצָּה אוֹכְלָהּ, רָצָה — חָמֵץ אוֹכְלָהּ."
yevamot_40,59,30,10,2,2,Yevamot 40a,12,18,7,מַתְנִי׳ הַחוֹלֵץ לִיבִמְתּוֹ — הֲרֵי הוּא כְּאֶחָד מִן הָאַחִין לַנַּחֲלָה. וְאִם יֵשׁ שָׁם אָב — נ
yevamot_52,29,28,10,2,1,Yevamot 52a,2,3,2,"עָשָׂה מַאֲמָר וּבָעַל — הֲרֵי זוֹ כְּמִצְוָתָהּ. לֵימָא מְסַיַּיע לֵיהּ לְרַב הוּנָא, דְּאָמַר רַב "
yevamot_52,29,28,10,2,2,Yevamot 52b,4,6,3,"חָלַץ וְעָשָׂה מַאֲמָר. אָמַר רַב יְהוּדָה אָמַר רַב: זוֹ דִּבְרֵי רַבִּי עֲקִיבָא, דְּאָמַר: אֵין ק"
yoma_47,32,32,10,2,1,Yoma 47a,16,18,3,"תָּא שְׁמַע: ״וְכָךְ הָיְתָה מִדָּתָהּ״, מַאי לָאו, שֶׁאִם רָצָה לַעֲשׂוֹת מִדָּה אַחֶרֶת עוֹשֶׂה? ל"
yoma_47,32,32,10,2,2,Yoma 47b,8,12,5,"(בֵּין הַבֵּינַיִים, פָּשַׁט, וּמָחַץ, וּפִזֵּר, וְחִשֵּׁב, בַּחֲפִינַת חֲבֵירוֹ — סִימָן). בָּעֵי ר"
zevachim_28,34,29,10,3,1,Zevachim 28a,2,5,4,אָמַר שְׁמוּאֵל: הָא מַנִּי – רַבִּי אֱלִיעֶזֶר הִיא; דְּאָמַר: מְחַשְּׁבִין מֵאֲכִילַת מִזְבֵּחַ לַ
zevachim_28,34,29,10,3,2,Zevachim 28a,8,9,2,כּוּלְּהוּ כִּשְׁמוּאֵל לָא אָמְרִי – רֵישָׁא רַבִּי אֱלִיעֶזֶר וְסֵיפָא רַבָּנַן לָא מוֹקְמִי. כְּר
zevachim_28,34,29,10,3,3,Zevachim 28a,17,18,2,״פִּגּוּל״ – זֶהוּ חוּץ לִמְקוֹמוֹ. ״וְהַנֶּפֶשׁ הָאוֹכֶלֶת מִמֶּנּוּ״ – אֶחָד וְלֹא שְׁנַיִם; זֶהוּ
zevachim_7,44,40,10,3,1,Zevachim 7a,18,1,2,לְמֵימְרָא דְּבַת מִינַהּ הִיא?! וְהָאָמַר רָבָא: חַטָּאת שֶׁשְּׁחָטָהּ עַל מִי שֶׁמְּחוּיָּיב חַטָּ
zevachim_7,44,40,10,3,2,Zevachim 7b,14,15,2,"אַשְׁכְּחַן לְמִצְוָה, לְעַכֵּב מְנָלַן?"
zevachim_7,44,40,10,3,3,Zevachim 7b,18,19,2,"וְאַשְׁכְּחַן זְבִיחָה, שְׁאָר עֲבוֹדוֹת מְנָלַן? הוֹאִיל וְגַלִּי – גַּלִּי."
zevachim_91,37,36,10,3,1,Zevachim 91a,4,5,2,"תָּא שְׁמַע: דָּבָר אַחֵר – בִּרְכַּת הַיַּיִן תְּדִירָה וּבִרְכַּת הַיּוֹם אֵינָהּ תְּדִירָה, וְתָד"
zevachim_91,37,36,10,3,2,Zevachim 91b,9,10,2,"וְאִידַּךְ – מִמִּנְחָה: מָה מִנְחָה מִתְנַדְּבִין, אַף שֶׁמֶן מִתְנַדְּבִין; וְאוֹקֵי בְּאַתְרַהּ –"
zevachim_91,37,36,10,3,3,Zevachim 91b,12,14,3,"אָמַר שְׁמוּאֵל: הַמִּתְנַדֵּב יַיִן, מֵבִיא וּמְזַלְּפוֹ עַל גַּבֵּי הָאִישִּׁים. מַאי טַעְמָא? אָמ"
arakhin_25,39,33,9,1,1,Arakhin 25a,17,3,4,"גְּאָלָהּ אֶחָד מִן הַכֹּהֲנִים, וַהֲרֵי הִיא תַּחַת יָדוֹ, לֹא יֹאמַר: הוֹאִיל וְהִיא יוֹצְאָה לַכּ"
arakhin_7,45,30,9,2,1,Arakhin 7a,3,4,2,"רַבָּה אָמַר: דְּכוּלֵּי עָלְמָא מִלְוָה עַל פֶּה אֵינוֹ גּוֹבֶה מִן הַיּוֹרְשִׁין, וְהָכָא בְּמִלְו"
arakhin_7,45,30,9,2,2,Arakhin 7a,9,10,2,"אֲבָל אֵין זִבְחוֹ זָבוּחַ, מַאי? לָא? אַדְּתָנֵי ״חָטָא בְּאוֹתָהּ שָׁעָה אֵין נִזְקָקִין לוֹ״, לִי"
avodah_zarah_14,23,21,9,3,1,Avodah Zarah 14a,4,5,2,לְבוֹנָה — אָמַר רַבִּי יִצְחָק אָמַר רַבִּי שִׁמְעוֹן בֶּן לָקִישׁ: לְבוֹנָה זַכָּה. תָּנָא: וּמִכּ
avodah_zarah_14,23,21,9,3,2,Avodah Zarah 14a,8,10,3,"אֶלָּא לָאו דְּקָא אָמַר ״תַּרְנְגוֹל לְמִי, תַּרְנְגוֹל לְמִי״, וַאֲפִילּוּ הָכִי, לְרַבִּי יְהוּדָ"
avodah_zarah_14,23,21,9,3,3,Avodah Zarah 14b,4,6,3,"בָּעֵי רַב אָשֵׁי: ״תַּרְנְגוֹל לָבָן קָטוּעַ לְמִי״, מַהוּ לִמְכּוֹר לוֹ תַּרְנְגוֹל לָבָן שָׁלֵם? "
bava_batra_15,34,20,9,2,1,Bava Batra 15a,7,9,3,יְהוֹשֻׁעַ כָּתַב סִפְרוֹ. וְהָכְתִיב: ״וַיָּמׇת יְהוֹשֻׁעַ בִּן נוּן עֶבֶד ה׳״! דְּאַסְּקֵיהּ אֶלְע
bava_batra_15,34,20,9,2,2,Bava Batra 15a,12,14,3,"וְאֵימָא בִּימֵי יִצְחָק, דִּכְתִיב: ״מִי אֵפוֹא הוּא הַצָּד צַיִד״! וְאֵימָא בִּימֵי יַעֲקֹב, דִּכְ"
bava_batra_159,28,27,9,1,1,Bava Batra 159a,11,1,3,"אֶלָּא לְעוֹלָם כִּדְאָמְרִינַן מֵעִיקָּרָא, וּדְקָא קַשְׁיָא לָךְ ״תַּחַת אֲבֹתֶיךָ יִהְיוּ בָנֶיךָ"
bava_batra_165,35,31,9,3,1,Bava Batra 165a,4,5,2,"אָמַר רַב אָשֵׁי: בְּאַתְרָא דִּנְהִיגִי פָּשׁוּט, וַאֲמַר לֵיהּ: ״עֲבֵיד לִי פָּשׁוּט״, וַאֲזַל עֲב"
bava_batra_165,35,31,9,3,2,Bava Batra 165a,9,10,2,"רַבִּי אֶלְעָזָר – דִּתְנַן, הָאִשָּׁה שֶׁאָמְרָה: ״הִתְקַבֵּל לִי גִּיטִּי מִמָּקוֹם פְּלוֹנִי״, וְ"
bava_batra_165,35,31,9,3,3,Bava Batra 165b,16,17,2,"מַתְנִי׳ כָּתוּב בּוֹ: ״זוּזִין מְאָה, דְּאִינּוּן סִלְעִין עֶשְׂרִין״ – אֵין לוֹ אֶלָּא עֶשְׂרִין. "
bava_kamma_106,40,21,9,2,1,Bava Kamma 106a,9,10,2,"אֲמַר לֵיהּ רָמֵי בַּר חָמָא לְרַב נַחְמָן: מִכְּדֵי דְּרַב לָא סְבִירָא לָךְ, מַשְׁכּוֹנֵי נַפְשָׁך"
bava_kamma_106,40,21,9,2,2,Bava Kamma 106a,12,18,7,"וְהָכָא, קָפַץ לָא מָצֵית אָמְרַתְּ – ״הִשְׁבִּיעַ עָלָיו״ קָתָנֵי; חוּץ לְבֵית דִּין לָא מָצֵית אָמ"
bava_kamma_116,35,29,9,1,1,Bava Kamma 116b,9,15,7,"פְּשִׁיטָא! לָא צְרִיכָא, דִּבְנִיסָן מְרַחֲקִי חַד אַשְׁלָא, וּבְתִשְׁרִי מְרַחֲקִי תְּרֵי אַשְׁלֵי"
bava_kamma_118,40,38,9,2,1,Bava Kamma 118a,4,6,3,"עַל מְנָת לָצֵאת בַּמִּדְבָּר. פְּשִׁיטָא! לָא צְרִיכָא, דַּאֲמַר לֵיהּ: ״לֶיהֱוֵי הַאי פִּקָּדוֹן ג"
bava_kamma_118,40,38,9,2,2,Bava Kamma 118b,2,4,3,וּמִי אָמַר רָבָא הָכִי? וְהָאָמַר רָבָא: הַאי מַאן דְּחַזְיֵיהּ לְחַבְרֵיהּ דְּאַגְבַּהּ אִימְּרָא 
bava_kamma_89,28,24,9,1,1,Bava Kamma 89a,9,1,7,וְטַעְמָא מַאי – כְּדֵי שֶׁלֹּא תְּהֵא קַלָּה בְּעֵינָיו לְהוֹצִיאָהּ; הָכָא לָא מְגָרֵשׁ לַהּ – דְּ
bava_metzia_20,34,34,9,1,1,Bava Metzia 20b,4,7,4,מָצָא בַּחֲפִיסָה אוֹ בִדְלוֹסְקָמָא. מַאי חֲפִיסָה? אָמַר רַבָּה בַּר בַּר חָנָה: חֵמֶת קְטַנָּה. מ
bava_metzia_30,37,25,9,2,1,Bava Metzia 30a,8,10,3,אִי הָכִי אֲפִילּוּ רֵישָׁא נָמֵי!
bava_metzia_30,37,25,9,2,2,Bava Metzia 30b,3,7,5,"אָמַר רַבָּה: הִכִּישָׁהּ – חַיָּיב בָּהּ. אַבָּיֵי הֲוָה יָתֵיב קַמֵּיהּ דְּרַבָּה, חֲזָא לְהָנָךְ "
bava_metzia_71,34,25,9,2,1,Bava Metzia 71a,9,12,4,"גֵּר צֶדֶק הָאָמוּר לְעִנְיַן מְכִירָה, דִּכְתִיב: ״וְכִי יָמוּךְ אָחִיךָ עִמָּךְ וְנִמְכַּר לָךְ״. "
bava_metzia_71,34,25,9,2,2,Bava Metzia 71a,18,20,3,"גֵּר תּוֹשָׁב הָאָמוּר לְעִנְיַן רִבִּית מַאי הִיא, דִּכְתִיב: ״וְכִי יָמוּךְ אָחִיךָ וּמָטָה יָדוֹ "
bava_metzia_88,26,25,9,3,1,Bava Metzia 88a,9,1,2,וְלוֹקֵחַ מִדְּאוֹרָיְיתָא מִי מִחַיַּיב? וְהָתַנְיָא: מִפְּנֵי מָה חָרְבוּ חֲנוּיוֹת שֶׁל בֵּית הִי
bava_metzia_88,26,25,9,3,2,Bava Metzia 88b,3,7,5,מֵתִיב מָר זוּטְרָא: אֵיזֶהוּ גּוֹרְנָן לְמַעַשְׂרוֹת? בַּקִּישּׁוּאִים וּבַדִּלּוּעִים מִשֶּׁיְּפַק
bava_metzia_88,26,25,9,3,3,Bava Metzia 88b,10,11,2,וִיהֵא אָדָם מְצֻוֶּוה עַל חֲסִימָתוֹ מִקַּל וָחוֹמֶר מִשּׁוֹר: וּמָה שׁוֹר שֶׁאִי אַתָּה מְצֻוֶּוה 
bekhorot_24,27,21,9,1,1,Bekhorot 24a,8,12,5,"מַאי? תָּא שְׁמַע, רַבָּן שִׁמְעוֹן בֶּן גַּמְלִיאֵל אוֹמֵר: הַלּוֹקֵחַ בְּהֵמָה מִן הַגּוֹי — אֵינו"
bekhorot_60,37,37,9,2,1,Bekhorot 60b,1,6,6,"קָרָא לַתְּשִׁיעִי ״עֲשִׂירִי״, וְלָעֲשִׂירִי ״תְּשִׁיעִי״, וְלָאַחַד עָשָׂר ״עֲשִׂירִי״. תָּנוּ רַב"
bekhorot_60,37,37,9,2,2,Bekhorot 60b,15,17,3,"אִי מִשּׁוּם הָא לָא אִירְיָא, הָכָא בְּמַאי עָסְקִינַן? דִּקְדֵים חַד מִינַּיְיהוּ וְאַפֵּיק לְרֵיש"
berakhot_52,53,35,9,3,1,Berakhot 52a,18,19,2,וְנִיטַּמֵּי כּוֹס לְיָדַיִם! — אֵין כְּלִי מְטַמֵּא אָדָם.
berakhot_52,53,35,9,3,2,Berakhot 52b,9,10,2,וּנְטַמְּיַיהּ כֶּסֶת לְמַפָּה! — אֵין כְּלִי מְטַמֵּא כְּלִי.
berakhot_52,53,35,9,3,3,Berakhot 52b,12,14,3,"וּלְטַמֵּא שֻׁלְחָן לָאוֹכָלִין שֶׁבְּתוֹכוֹ! — הָכָא בְּשֻׁלְחָן שֵׁנִי עָסְקִינַן, וְאֵין שֵׁנִי ע"
berakhot_9,60,52,9,1,1,Berakhot 9b,29,30,2,דְּאָמַר רַבִּי יְהוּדָה בְּרֵיהּ דְּרַבִּי שִׁמְעוֹן בֶּן פַּזִּי: מֵאָה וְשָׁלֹשׁ פָּרָשִׁיּוֹת אָ
eiruvin_82,43,32,9,2,1,Eiruvin 82a,18,19,2,רַבִּי שִׁמְעוֹן בֶּן לָקִישׁ אָמַר: כׇּל שֶׁנֵּיעוֹר וְאֵינוֹ קוֹרֵא ״אִימָּא״. ״אִימָּא״ סָלְקָא ד
eiruvin_82,43,32,9,2,2,Eiruvin 82b,9,11,3,"אָמַר מָר: חוּץ מִן הָאִשָּׁה, מִפְּנֵי שֶׁיְּכוֹלָה לִמְחוֹת. טַעְמָא דְּמַחַי, הָא סְתָמָא — נָפְק"
eruvin_2,30,30,9,1,1,Eruvin 2b,5,11,7,גּוּבְהָה?! וְהָא כְּתִיב: ״וְקוֹמָה חָמֵשׁ אַמּוֹת״! הָהוּא מִשְּׂפַת מִזְבֵּחַ וּלְמַעְלָה.
eruvin_65,42,38,9,2,1,Eruvin 65b,4,5,2,"יְתוּב רַבָּה וְרַב יוֹסֵף בְּשִׁילְהֵי פִּירְקֵיהּ דְּרַב שֵׁשֶׁת, וְיָתֵיב רַב שֵׁשֶׁת וְקָאָמַר: "
eruvin_65,42,38,9,2,2,Eruvin 65b,9,10,2,לְמָה לִי גּוֹי? אֲפִילּוּ יִשְׂרָאֵל נָמֵי!
gittin_39,38,30,9,1,1,Gittin 39b,1,9,9,"בְּפֵירוּשׁ שְׁמִיעַ לָךְ, אוֹ מִכְּלָלָא שְׁמִיעַ לָךְ? מַאי כְּלָלָא? דְּאָמַר רַבִּי יְהוֹשֻׁעַ ב"
gittin_5,39,34,9,3,1,Gittin 5a,3,4,2,"הָכָא בְּמַאי עָסְקִינַן – לְאַחַר שֶׁלָּמְדוּ. אִי הָכִי, יָכוֹל נָמֵי! גְּזֵירָה שֶׁמָּא יַחְזוֹר "
gittin_5,39,34,9,3,2,Gittin 5a,13,14,2,"אִי הָכִי, בַּעַל נָמֵי! אַלְּמָה תַּנְיָא: הוּא עַצְמוֹ שֶׁהֵבִיא גִּיטּוֹ, אֵינוֹ צָרִיךְ לוֹמַר ״"
gittin_5,39,34,9,3,3,Gittin 5a,16,1,3,"וְהָאָמְרַתְּ: גְּזֵירָה שֶׁמָּא יַחְזוֹר הַדָּבָר לְקִלְקוּלוֹ! כְּשֶׁנִּיסַת. אִי הָכִי, הֱוֵי לָא"
gittin_61,26,25,9,1,1,Gittin 61b,3,9,7,"אִי הָכִי, מַפְקִידִין?! וּרְמִינְהוּ: מַפְקִידִין תְּרוּמָה אֵצֶל יִשְׂרָאֵל עַם הָאָרֶץ, וְלֹא אֵצ"
gittin_72,39,29,9,2,1,Gittin 72b,1,3,3,"אִי אָמַר רַבִּי יוֹסֵי בְּעַל פֶּה, אִי לָא אָמַר."
gittin_72,39,29,9,2,2,Gittin 72b,9,11,3,וְאִיכָּא דְּמַתְנֵי לַהּ אַסֵּיפָא: ״זֶה גִּיטִּיךְ לְאַחַר מִיתָה״ – לֹא אָמַר כְּלוּם. אָמַר רַב 
gittin_80,39,26,9,1,1,Gittin 80a,12,17,6,וּמִשּׁוּם שְׁלוֹם מַלְכוּת – תֵּצֵא וְהַוָּלָד מַמְזֵר?!
horayot_8,35,30,9,2,1,Horayot 8a,15,16,2,"אַשְׁכְּחַן יָחִיד, נָשִׂיא, וּמָשִׁיחַ, בֵּין בַּעֲבוֹדָה זָרָה בֵּין בִּשְׁאָר מִצְוֹת. צִבּוּר מְ"
horayot_8,35,30,9,2,2,Horayot 8a,20,2,5,"דְּכוּלֵּי עָלְמָא מִיהַת כִּי כְּתִיבִי הָנֵי קְרָאֵי – בַּעֲבוֹדָה זָרָה הוּא דִּכְתִיבִי, מַאי מַ"
hullin_119,49,44,9,3,1,Hullin 119a,12,14,3,"אָמַר רָבָא: דַּיְקָא נָמֵי דִּבְשׁוֹמֵר עָסְקִינַן, דְּקָתָנֵי ״קוּלִית״, שְׁמַע מִינַּהּ."
hullin_119,49,44,9,3,2,Hullin 119a,16,17,2,"כִּדְאָמַר רַב אַחָא בְּרֵיהּ דְּרָבָא, בְּקוּלְחָא, וּמִשּׁוּם יָד."
hullin_119,49,44,9,3,3,Hullin 119b,8,10,3,"אָמַר רַב אַחָא בְּרֵיהּ דְּרָבָא: בְּקוּלְחָא, וּמִשּׁוּם יָד, וּמַאי ״בְּמִשְׁמֻישָׁן״ – בְּתַשְׁמ"
hullin_68,38,38,9,2,1,Hullin 68a,7,9,3,"וְסֵיפָא, מַאי קָמַשְׁמַע לַן? דְּכֵיוָן דְּיָצָא רֹאשׁוֹ הָוְיָא לַהּ לֵידָה? תְּנֵינָא: אֵיזֶהוּ ב"
hullin_68,38,38,9,2,2,Hullin 68b,16,20,5,"דִּכְתִיב: ״לֹא תוּכַל לֶאֱכֹל בִּשְׁעָרֶיךָ מַעְשַׂר דְּגָנֶךָ וְגוֹ׳״, בִּשְׁעָרֶיךָ הוּא דְּלָא ת"
hullin_85,37,24,9,1,1,Hullin 85a,12,17,6,"וְרַבִּי שִׁמְעוֹן, מַאי טַעְמָא? אָמַר רַבִּי מָנִי בַּר פַּטִּישׁ: גָּמַר מִ״טְּבוֹחַ טֶבַח וְהָכֵ"
keritot_15,52,46,9,2,1,Keritot 15a,24,26,3,"הָא אָב וְאָב, בְּבַת אַחַת – פָּטוּר. וְאִי אָמְרַתְּ טַעְמָא דְּרַבִּי אֱלִיעֶזֶר מִשּׁוּם דְּקָעָ"
keritot_15,52,46,9,2,2,Keritot 15b,16,17,2,גְּמָ׳ מַאי קַשְׁיָא לֵיהּ לְרַבִּי שִׁמְעוֹן? הָכִי קָא קַשְׁיָא לֵיהּ: מָה רְאָיָה לְשׁוֹחֵט מֵאוֹ
keritot_18,43,30,9,3,1,Keritot 18a,2,3,2,אֵיתִיבֵיהּ: נִמְצָא עַל שֶׁלָּהּ אֹתְיוֹם – טְמֵאִין וְחַיָּיבִין בַּקׇּרְבָּן. נִמְצָא עַל שֶׁלָּה
keritot_18,43,30,9,3,2,Keritot 18a,8,10,3,"אֵיתִיבֵיהּ: סָפֵק בֶּן תִּשְׁעָה לָרִאשׁוֹן, אוֹ בֶּן שִׁבְעָה לָאַחֲרוֹן – יוֹצִיא וְהַוָּלָד כָּש"
keritot_18,43,30,9,3,3,Keritot 18b,9,10,2,הָא בְּהֶעְלֵם (אַחַת) [אֶחָד] אַכְלִינּוּן! אֲמַר לֵיהּ אַבָּיֵי: וּמַאן לֵימָא לַן דְּיוֹם הַכִּיפ
keritot_21,43,39,9,2,1,Keritot 21a,17,18,2,"הָהוּא לְאַסּוֹקֵי טוּמְאָה מִינֵּיהּ, דְּכֵיוָן דְּמֵעִיקָּרָא הֲוָה חֲזֵי לְאָדָם, לְאַסּוֹקֵי מִט"
keritot_21,43,39,9,2,2,Keritot 21b,8,10,3,"אָמַר מָר: מָה עוֹף שֶׁאֵין בּוֹ כִּלְאַיִם, אַף בְּהֵמָה – תַּלְמוּד לוֹמַר: ״בְּהֵמָה״."
keritot_22,48,45,9,3,1,Keritot 22a,7,8,2,"כִּי קָתָנֵי ״אֵין חַיָּיבִין עָלָיו״ – עַל דָּם דִּילֵיהּ, כִּי קָאָמַר רַב – דְּאָתֵי לֵיהּ מֵעָלְ"
keritot_22,48,45,9,3,2,Keritot 22b,7,9,3,"וְרַבִּי עֲקִיבָא סָבַר: כִּי יָלְפִינַן ״מִצְוֹת״ ״מִצְוֹת״ מֵחַטַּאת חֵלֶב, לְהָכִי הוּא דְּיָלְפִ"
keritot_22,48,45,9,3,3,Keritot 22b,18,20,3,"נִיחָא לְמַאן דְּדָרֵישׁ ״זֹאת תּוֹרַת הָאָשָׁם״, אֶלָּא לְמַאן דְּלָא דָּרֵישׁ ״זֹאת תּוֹרַת הָאָשׁ"
keritot_23,39,38,9,2,1,Keritot 23a,8,10,3,"גְּמָ׳ אֲמַר לֵיהּ רָבָא לְרַב נַחְמָן: לְרַבִּי יוֹסֵי, חַטָּאת הוּא דְּלָא מַיְיתוּ שְׁנֵיהֶן, הָא"
keritot_23,39,38,9,2,2,Keritot 23a,16,17,2,אָמַר רַב שֵׁשֶׁת בְּרֵיהּ דְּרַב אִידִי: כְּגוֹן דַּאֲכַל כּוּלְיָא בְּחֶלְבָּהּ. וְכוּלְיָא בְּחֶל
kiddushin_52,28,28,9,1,1,Kiddushin 52b,8,16,9,"מַתְנִי׳ הַמְקַדֵּשׁ בְּחֶלְקוֹ, בֵּין קׇדְשֵׁי קֳדָשִׁים, בֵּין קֳדָשִׁים קַלִּים – אֵינָהּ מְקוּדּ"
meilah_16,15,15,9,2,1,Meilah 16a,2,7,6,"וְרַב אַסִּי אָמַר: טְהוֹרִים לְעַצְמָן וּטְמֵאִין לְעַצְמָן. אִיכָּא דְאָמְרִי: פְּלִיגָא אַדְּרַב,"
meilah_16,15,15,9,2,2,Meilah 16b,5,6,2,"אֲמַר לֵיהּ אַבָּיֵי: וְהָא רַב אַמַּתְנִיתִין קָאֵי, וּמַתְנִיתִין ״כׇּל הַשְּׁרָצִים״ קָתָנֵי, אֲפ"
menachot_20,29,29,9,1,1,Menachot 20a,14,17,4,"הָכִי קָאָמַר: אֵימָא ״קׇרְבַּן״ – כָּלַל, וּ״מִנְחָה״ – פָּרַט, כְּלָל וּפְרָט – אֵין בַּכְּלָל אֶל"
menachot_28,36,27,9,2,1,Menachot 28a,4,5,2,"וּלְרַבִּי אֱלִיעֶזֶר, וְכִי דָּבָר הַלָּמֵד בְּהֶיקֵּשׁ חוֹזֵר וּמְלַמֵּד בְּהֶיקֵּשׁ?"
menachot_28,36,27,9,2,2,Menachot 28a,19,3,4,תָּנוּ רַבָּנַן: כׇּל הַכֵּלִים
menachot_86,43,42,9,1,1,Menachot 86a,20,27,8,"גְּמָ׳ אִיבַּעְיָא לְהוּ: מְגַרְגְּרוֹ תְּנַן, אוֹ מְגַלְגְּלוֹ תְּנַן?"
moed_katan_21,36,36,9,3,1,Moed Katan 21b,7,8,2,כְּבוֹד רַבִּים שָׁאנֵי.
moed_katan_21,36,36,9,3,2,Moed Katan 21b,14,15,2,"וּרְמִינְהוּ: הַמּוֹצֵא אֶת חֲבֵרוֹ אָבֵל, בְּתוֹךְ שְׁנֵים עָשָׂר חֹדֶשׁ — מְדַבֵּר עִמּוֹ תַּנְחוּ"
moed_katan_21,36,36,9,3,3,Moed Katan 21b,18,19,2,"תָּנוּ רַבָּנַן: אָבֵל, שְׁלֹשָׁה יָמִים הָרִאשׁוֹנִים, בָּא מִמָּקוֹם קָרוֹב — מוֹנֶה עִמָּהֶן, בָּ"
nedarim_15,25,24,9,2,1,Nedarim 15a,3,6,4,"וְאִי דְּלָא יָהֵיב שִׁיעוּרָא, מִי שָׁבְקִינַן לֵיהּ עַד דְּעָבַר אִיסּוּר ״בַּל יַחֵל״? וְהָאָמַר "
nedarim_15,25,24,9,2,2,Nedarim 15a,12,2,3,"אֵימָא סֵיפָא: אַחַר הַפֶּסַח בְּ״בַל יַחֵל דְּבָרוֹ״. וְאִי דְּלָא אִיתְהֲנִי לִפְנֵי הַפֶּסַח, מִי"
niddah_36,42,33,9,2,1,Niddah 36a,17,1,2,"רַב אָשֵׁי אָמַר: הִלְכְתָא כְּוָותֵיהּ דְּרַב, בֵּין לְקוּלָּא בֵּין לְחוּמְרָא. דָּרֵישׁ מָרִימָר:"
niddah_36,42,33,9,2,2,Niddah 36b,6,7,2,וְרַבִּי יִצְחָק אָמַר: הַמְקַשָּׁה אֵינָהּ כְּלוּם. וְהָקָתָנֵי: הַמְקַשָּׁה נִדָּה!
niddah_63,40,36,9,2,1,Niddah 63a,16,17,2,"כִּדְקָתָנֵי: אֵלּוּ הֵן וְסָתוֹת — הָיְתָה מְפַהֶקֶת, מְעַטֶּשֶׁת, וְחוֹשֶׁשֶׁת בְּפִי כְרֵיסָהּ, ו"
niddah_63,40,36,9,2,2,Niddah 63b,16,18,3,"תָּנֵי חֲדָא: רַבִּי יְהוּדָה אוֹסְרָהּ לִפְנֵי וִסְתָּהּ, וּמַתִּירָהּ לְאַחַר וִסְתָּהּ. וְתַנְיָא"
pesachim_88,42,35,9,1,1,Pesachim 88a,8,9,2,תַּנְיָא אִידַּךְ: לֹא יִשְׁחוֹט אָדָם לֹא עַל יְדֵי בְּנוֹ וּבִתּוֹ הַגְּדוֹלִים וְעַל יְדֵי עַבְדּ
pesachim_95,33,32,9,1,1,Pesachim 95b,4,9,6,"וְנֶאֱכָלִין צָלִי וְכוּ׳. שַׁבָּת אִין, טוּמְאָה לָא. מַתְנִיתִין דְּלָא כְּרַבִּי יְהוּדָה. דְּתַנ"
pesachim_96,44,35,9,1,1,Pesachim 96a,24,2,4,וְנֶאֱכָל בְּחִפָּזוֹן וְכוּ׳. מְנָא לַן? דְּאָמַר קְרָא: ״וַאֲכַלְתֶּם אוֹתוֹ בְּחִפָּזוֹן״. ״אוֹתו
sanhedrin_38,40,39,9,1,1,Sanhedrin 38b,3,11,9,"אָמַר רָמֵי בַּר חָמָא: אֵין חַיָּה רָעָה שׁוֹלֶטֶת בְּאָדָם אֶלָּא אִם כֵּן נִדְמָה לוֹ כִּבְהֵמָה,"
sanhedrin_67,45,43,9,2,1,Sanhedrin 67a,12,16,5,"דְּתַנְיָא: וּשְׁאָר כׇּל חַיָּיבֵי מִיתוֹת שֶׁבַּתּוֹרָה, אֵין מַכְמִינִין עֲלֵיהֶן, חוּץ מִזּוֹ."
sanhedrin_67,45,43,9,2,2,Sanhedrin 67a,18,19,2,גְּמָ׳ אָמַר רַב יְהוּדָה אָמַר רַב: מַדִּיחֵי עִיר הַנִּדַּחַת שָׁנוּ כָּאן.
shabbat_117,18,16,9,1,1,Shabbat 117a,7,6,7,"אֲמַר לֵיהּ אַבָּיֵי: לְדִידָךְ נָמֵי, לְרַבָּנַן נַצִּיל לְתוֹכוֹ אוֹכָלִין וּמַשְׁקִין?"
shabbat_119,20,16,9,1,1,Shabbat 119a,6,5,9,בְּעָא מִינֵּיהּ רַבִּי מֵרַבִּי יִשְׁמָעֵאל בְּרַבִּי יוֹסֵי: עֲשִׁירִים שֶׁבְּאֶרֶץ יִשְׂרָאֵל בַּ
shabbat_145,31,28,9,2,1,Shabbat 145a,8,10,3,וּשְׁלָקוֹת בֵּין לְגוּפָן בֵּין לְמֵימֵיהֶן — מוּתָּר. וּשְׁמוּאֵל אָמַר: אֶחָד כְּבָשִׁים וְאֶחָד 
shabbat_145,31,28,9,2,2,Shabbat 145b,2,5,4,"אִיבַּעְיָא לְהוּ: עֵד מִפִּי עֵד לְעֵדוּת בְּכוֹר, מַהוּ? רַב (אַמֵּי) [אִתַּי] אָסַר, וְרַב אַסִּי"
shevuot_26,50,49,9,2,1,Shevuot 26a,21,22,2,"כְּגוֹן דְּאָמַר: ״שְׁבוּעָה שֶׁלֹּא אוֹכַל פַּת חִטִּין״, וּכְסָבוּר ״שֶׁל שְׂעוֹרִים״ קָאָמַר – דּ"
shevuot_26,50,49,9,2,2,Shevuot 26a,26,27,2,"וְרַב יוֹסֵף אָמַר לָךְ: כֵּיוָן דְּכִי יָדַע לֵיהּ דְּחִטִּין הוּא – פָּרֵישׁ מִינֵּיהּ, הֶעְלֵם חֵ"
shevuot_33,39,39,9,1,1,Shevuot 33a,11,19,9,"וְרַבָּנַן דְּהָתָם, כְּמַאן סְבִירָא לְהוּ? אִילֵּימָא כְּרַבִּי אֶלְעָזָר בְּרַבִּי שִׁמְעוֹן דְּה"
sotah_14,38,38,9,1,1,Sotah 14b,9,11,3,"וְנוֹתֵן עָלֶיהָ שַׁמְנָהּ וּלְבוֹנָתָהּ, שֶׁנֶּאֱמַר: ״וְיָצַק עָלֶיהָ שֶׁמֶן וְנָתַן עָלֶיהָ לְבֹנ"
sotah_3,47,47,9,1,1,Sotah 3a,6,12,7,"אֲמַר לֵיהּ רַב פָּפָּא לְאַבָּיֵי: וְהָא כִּי כְּתִיבָה קִינּוּי, בָּתַר סְתִירָה וְטוּמְאָה הוּא ד"
sotah_47,43,31,9,3,1,Sotah 47a,12,13,2,"יְהוֹשֻׁעַ בֶּן פְּרַחְיָה מַאי הִיא — כְּדַהֲוָה קָא קָטֵיל יַנַּאי מַלְכָּא לְרַבָּנַן, שִׁמְעוֹן "
sotah_47,43,31,9,3,2,Sotah 47b,3,4,2,"עֵד אֶחָד אוֹמֵר רָאִיתִי אֶת הַהוֹרֵג כּוּ׳. טַעְמָא דְּמַכְחֵישׁ לֵיהּ, הָא לָא מַכְחֵישׁ לֵיהּ — "
sotah_47,43,31,9,3,3,Sotah 47b,8,9,2,"וְלִיטַעְמָיךְ, אֵימָא סֵיפָא: שְׁנַיִם אוֹמְרִים ״רָאִינוּ״, וְעֵד אֶחָד אוֹמֵר ״לֹא רְאִיתֶם״ — לֹ"
sukkah_35,28,27,9,1,1,Sukkah 35a,11,5,8,תִּסְתַּיַּים דְּרַבִּי אַסִּי דְּאָמַר לְפִי שֶׁאֵין בָּהּ דִּין מָמוֹן. דְּאָמַר רַבִּי אַסִּי: אֶ
taanit_2,30,24,9,3,1,Taanit 2a,3,4,2,אֵין שׁוֹאֲלִים אֶת הַגְּשָׁמִים אֶלָּא סָמוּךְ לַגְּשָׁמִים. רַבִּי יְהוּדָה אוֹמֵר: הָעוֹבֵר לִפְנ
taanit_2,30,24,9,3,2,Taanit 2a,8,11,4,וְלִיתְנֵי ״מֵאֵימָתַי מַזְכִּירִים עַל הַגְּשָׁמִים״. מַאי ״גְּבוּרוֹת גְּשָׁמִים״? אָמַר רַבִּי יו
taanit_2,30,24,9,3,3,Taanit 2a,13,2,3,מַפְתֵּחַ שֶׁל גְּשָׁמִים — דִּכְתִיב: ״יִפְתַּח ה׳ לְךָ אֶת אוֹצָרוֹ הַטּוֹב אֶת הַשָּׁמַיִם לָתֵת 
tamid_27,36,33,9,2,1,Tamid 27b,1,2,2,הָנִיחָא לְמַאן דְּאָמַר אַבְנֵטוֹ שֶׁל כֹּהֵן גָּדוֹל לֹא זֶהוּ אַבְנֵטוֹ שֶׁל כֹּהֵן הֶדְיוֹט. אֶל
tamid_27,36,33,9,2,2,Tamid 27b,6,9,4,"וּבַמְּדִינָה לָא? וְהָתַנְיָא: בְּעֶשְׂרִים וְאֶחָד בּוֹ – יוֹם הַר גְּרִיזִים, דְּלָא לְמִיסְפַּד,"
temurah_16,32,29,9,3,1,Temurah 16a,4,5,2,אָמְרוּ לוֹ לִשְׁמוּאֵל: שְׁאַל! אָמַר לָהֶם: ״אֵלֶּה הַמִּצְוֹת״ — שֶׁאֵין הַנָּבִיא רַשַּׁאי לְחַד
temurah_16,32,29,9,3,2,Temurah 16a,12,13,2,וְכָלֵב בֶּן קְנַז הוּא? וַהֲלֹא ״כָּלֵב בֶּן יְפוּנֶּה״ הוּא! מַאי ״יְפוּנֶּה״? שֶׁפָּנָה מֵעֲצַת מ
temurah_16,32,29,9,3,3,Temurah 16a,15,19,5,וּמְנָלַן שֶׁעֲנָאוֹ אֵל? דִּכְתִיב: ״וַיִּקְרָא יַעְבֵּץ לֵאלֹהֵי יִשְׂרָאֵל לֵאמֹר אִם בָּרֵךְ תְּ
yevamot_120,32,32,9,3,1,Yevamot 120a,17,2,3,"וְאִיכָּא דְּאָמְרִי, אָמַר רָבָא: דְּכוּלֵּי עָלְמָא סִימָנִין דְּרַבָּנַן. וְהָכָא, בְּשׁוּמָא"
yevamot_120,32,32,9,3,2,Yevamot 120b,6,7,2,וַאֲפִילּוּ רָאוּהוּ מְגוּיָּיד וְכוּ׳. לְמֵימְרָא דִּמְגוּיָּיד חָיֵי? וּרְמִינְהִי: אָדָם אֵינוֹ מ
yevamot_120,32,32,9,3,3,Yevamot 120b,13,14,2,"וְאָמַר רַב יְהוּדָה אָמַר שְׁמוּאֵל: שָׁחַט בּוֹ שְׁנַיִם, אוֹ רוֹב שְׁנַיִם, וּבָרַח — מְעִידִין."
yevamot_16b,28,14,9,2,1,Yevamot 16a,16,2,5,"וְאִיכָּא דְּאָמְרִי, תָּנֵי רָמֵי בַּר יְחֶזְקֵאל: אֵין מְקַבְּלִים גֵּרִים מִן הַקַּרְתּוֹיִים. מַ"
yevamot_16b,28,14,9,2,2,Yevamot 16b,5,8,4,"חַד אָמַר: תְּרֵיסַר אַלְפֵי גַּבְרֵי וְשִׁיתָּא אַלְפֵי קַשְׁתּוֹיֵי, וְחַד אָמַר: תְּרֵיסַר אַלְפֵ"
yoma_61,28,22,9,3,1,Yoma 61a,3,4,2,וְכֵן בַּהֵיכָל וְכֵן בַּמִּזְבֵּחַ וְכוּ׳. תָּנוּ רַבָּנַן: ״וְכִפֶּר אֶת מִקְדַּשׁ הַקּוֹדֶשׁ״ — ז
yoma_61,28,22,9,3,2,Yoma 61a,8,9,2,נָתַן מִקְצָת מַתָּנוֹת שֶׁבַּהֵיכָל וְנִשְׁפַּךְ הַדָּם — יָבִיא דָּם אַחֵר וְיַתְחִיל בַּתְּחִילָּ
yoma_61,28,22,9,3,3,Yoma 61a,14,17,4,גָּמַר מַתָּנוֹת שֶׁבַּהֵיכָל וְנִשְׁפַּךְ הַלּוֹג — יָבִיא לוֹג אַחֵר וְיַתְחִיל בַּתְּחִילָּה בְּמ
zevachim_40,26,26,9,2,1,Zevachim 40a,15,1,2,אָמַר רַב פָּפָּא: לֹא נִצְרְכָא אֶלָּא לְאֶת (דם) [בְּדָם] וּבִטְבִילָה. ״אֶת״ – אָמַר רַב אַחָא בַ
zevachim_40,26,26,9,2,2,Zevachim 40b,7,8,2,אֶלָּא מָה תַּלְמוּד לוֹמַר ״לַפָּר״ – זֶה פַּר הֶעְלֵם דָּבָר שֶׁל צִבּוּר. ״לְפַר״ – זֶה פַּר כֹּה
zevachim_52,33,27,9,2,1,Zevachim 52b,1,3,3,וְשֶׁאֵינוֹ נִשְׁאָר לֹא יִמָּצֵה! תְּרֵי תַּנָּאֵי וְאַלִּיבָּא דְּרַבִּי יִשְׁמָעֵאל.
zevachim_52,33,27,9,2,2,Zevachim 52b,8,9,2,"תַּלְמוּד לוֹמַר: ״אוֹתָהּ״ – אוֹתָהּ שֶׁנִּיתָּן דָּמִים לְמַעְלָה, וְלֹא שֶׁנִּיתָּן דָּמָהּ לְמַט"
zevachim_83,36,34,9,2,1,Zevachim 83b,5,8,4,וְאִידַּךְ – לְאַהְדּוֹרֵי פּוֹקְעִין מְנָא לֵיהּ? נָפְקָא לֵיהּ מֵ״אֲשֶׁר תֹּאכַל הָאֵשׁ״.
zevachim_83,36,34,9,2,2,Zevachim 83b,14,15,2,וּלְמַאן דְּמַיְיתֵי לַהּ מִ״כְּבָשִׂים״ – הָכְתִיב ״עֹלָה״! אִי כְּתִיב ״כְּבָשִׂים״ וְלָא כְּתִיב 
zevachim_9,52,42,9,2,1,Zevachim 9a,15,16,2,מַתְקֵיף לַהּ רַב [יֵימַר] בְּרֵיהּ דְּרַב הִילֵּל: וּמִמַּאי דִּבְמוֹתַר פֶּסַח כְּתִיב? דִּילְמָא 
zevachim_9,52,42,9,2,2,Zevachim 9a,20,21,2,הָהוּא מִיבְּעֵי לֵיהּ לְכִדְתַנְיָא: ״כֶּבֶשׂ״ – לְרַבּוֹת אֶת הַפֶּסַח לְאַלְיָה.
arakhin_28,31,26,8,1,1,Arakhin 28a,10,14,5,"אִיכָּא בֵּינַיְיהוּ דְּרַבִּי אִילָא, דְּאָמַר רַבִּי אִילָא: בְּאוּשָׁא הִתְקִינוּ, הַמְבַזְבֵּז א"
avodah_zarah_38,33,28,8,2,1,Avodah Zarah 38a,7,9,3,כִּי הַאי גַּוְונָא מִי אֲסִיר? וְהָאָמַר רַב חָנָן בַּר אַמֵּי אָמַר רַבִּי פְּדָת אָמַר רַבִּי יוֹ
avodah_zarah_38,33,28,8,2,2,Avodah Zarah 38b,2,3,2,"אִיבַּעְיָא לְהוּ: הִנִּיחַ גּוֹי וְהִפֵּךְ יִשְׂרָאֵל, מַהוּ? אָמַר רַב נַחְמָן בַּר יִצְחָק: קַל ו"
avodah_zarah_8,37,33,8,2,1,Avodah Zarah 8a,8,9,2,"כֵּיוָן שֶׁרָאָה תְּקוּפַת טֵבֵת, וְרָאָה יוֹם שֶׁמַּאֲרִיךְ וְהוֹלֵךְ, אָמַר: מִנְהָגוֹ שֶׁל עוֹלָם"
avodah_zarah_8,37,33,8,2,2,Avodah Zarah 8a,14,16,3,"סְטַרְנְלָיָא וּקְרָטֵסִים, וְיוֹם גְּנוּסְיָא שֶׁל מַלְכֵיהֶם, וְיוֹם שֶׁהוּמְלַךְ בּוֹ מֶלֶךְ — לְ"
bava_batra_107,18,16,8,2,1,Bava Batra 107a,9,1,2,מַאן דְּאָמַר נִדּוֹן בְּמָנֶה – מִילְּתָא מְצִיעֲתָא. רַבִּי אֱלִיעֶזֶר בְּרַבִּי צָדוֹק אוֹמֵר: נִ
bava_batra_107,18,16,8,2,2,Bava Batra 107b,4,8,5,"אַדְּרַבָּה, הָא אַרְעָא – מְאָה וּתְלֵיסַר וּתְלָתָא שָׁוְיָא; הַאי דְּקָאָמַר מָנֶה – קָא טָעֵי תּ"
bava_batra_69,22,22,8,1,1,Bava Batra 69a,5,11,7,וְאֶת הַתְּבוּאָה הַמְחוּבֶּרֶת לַקַּרְקַע וְכוּ׳. וְאַף עַל גַּב דִּמְטַאי לְמִיחְצַד. וְאֶת חִיצַת
bava_kamma_10,49,33,8,1,1,Bava Kamma 10a,17,18,2,"אִיכָּא דְאָמְרִי: לֵימָא דְּלָא כְּרַבִּי? אָמַר רַב פָּפָּא: לְמִיתָה, וְדִבְרֵי הַכֹּל."
bava_kamma_104,32,31,8,2,1,Bava Kamma 104a,13,14,2,"בְּמַמְצִיא לוֹ שָׁלִיחַ, דַּאֲמַר לֵיהּ: ״אִית לִי זוּזֵי גַּבֵּי פְלָנְיָא, וְלָא קָא מְשַׁדַּר לְ"
bava_kamma_104,32,31,8,2,2,Bava Kamma 104b,13,15,3,וְיָתֵיב רַב הוּנָא וְקָאָמַר לְהָא שְׁמַעְתָּא. אֲמַר לֵיהּ רַבָּה בְּרֵיהּ: ״יֵשׁ תַּלְמוּד״ קָאָמ
bava_kamma_113,44,44,8,2,1,Bava Kamma 113a,8,9,2,אָמַר רַב יְהוּדָה: לָא (יָהֲבִינָא) [יָהֲבִינַן] זִמְנָא לָא בְּיוֹמֵי נִיסָן וְלָא בְּיוֹמֵי תִּשׁ
bava_kamma_113,44,44,8,2,2,Bava Kamma 113b,19,20,2,וְאָמַר רָבָא: הָנֵי דְּדָיְירִי דָּרֵי בְּתוֹךְ הַתְּחוּם – אָסוּר לִיקַּח מֵהֶן. מַאי טַעְמָא? מִש
bava_kamma_35,38,37,8,1,1,Bava Kamma 35b,15,22,8,"לָא; סֵיפָא נִיזָּק שֶׁמָּא וּמַזִּיק בָּרִי, רֵישָׁא נִיזָּק בָּרִי וּמַזִּיק שֶׁמָּא."
bava_kamma_49,35,34,8,1,1,Bava Kamma 49a,17,2,4,"מֵיתִיבִי: הִכָּה אֶת הָאִשָּׁה, וְיָצְאוּ יְלָדֶיהָ – נוֹתֵן נֶזֶק וָצַעַר לָאִשָּׁה, וּדְמֵי וְלָד"
bava_kamma_57,33,33,8,2,1,Bava Kamma 57a,2,4,3,מַאי ״נִגְנְבָה אוֹ אָבְדָה״? לָאו נִגְנְבָה מִבֵּיתוֹ וְאָבְדָה מִבֵּיתוֹ?
bava_kamma_57,33,33,8,2,2,Bava Kamma 57b,4,6,3,"אֵיתִיבֵיהּ: ״וְנִשְׁבַּר אוֹ מֵת״ – אֵין לִי אֶלָּא שְׁבוּרָה וּמֵתָה, גְּנֵיבָה וַאֲבֵידָה מִנַּיִ"
bava_kamma_59,35,35,8,3,1,Bava Kamma 59a,2,3,2,"קָתָנֵי מִיהַת, וַחֲכָמִים אוֹמְרִים: רוֹאִין אוֹתָן כַּמָּה הָיְתָה יָפָה, וְכַמָּה הִיא יָפָה – וְ"
bava_kamma_59,35,35,8,3,2,Bava Kamma 59a,8,9,2,"מַאי טַעְמָא? הַמּוֹצִיא מֵחֲבֵירוֹ עָלָיו הָרְאָיָה. אֶלָּא בְּמֵיטַב דִּלְקַמֵּיהּ, וּמַאי נִיהוּ "
bava_kamma_59,35,35,8,3,3,Bava Kamma 59b,13,14,2,בָּא אַחֵר וְלִיבָּה – הַמְלַבֶּה חַיָּיב. לִיבְּתָה הָרוּחַ – כּוּלָּן פְּטוּרִין.
bava_kamma_73,37,32,8,1,1,Bava Kamma 73b,9,13,5,"הֵיכִי דָמֵי? אִילֵּימָא כִּדְקָתָנֵי, דְּלֵיכָּא כַּת אַחֲרִינָא; מְשַׁלְּמִין דְּמֵי עַיִן לָעֶבֶד"
bava_kamma_84,44,37,8,2,1,Bava Kamma 84b,1,2,2,"״אֱלֹהִים״ בָּעֵינַן, וְלֵיכָּא!"
bava_kamma_84,44,37,8,2,2,Bava Kamma 84b,5,8,4,"וְעוֹד, תַּשְׁלוּם כֶּפֶל וְתַשְׁלוּם אַרְבָּעָה וַחֲמִשָּׁה, דְּקִיצִי, נַעֲבֵד שְׁלִיחוּתַיְיהוּ!"
bava_kamma_86,43,31,8,2,1,Bava Kamma 86a,12,14,3,מַנִּי? הַשְׁתָּא אִי רַבִּי מֵאִיר – מַתְנִיתִין קָתָנֵי: הַכֹּל לְפִי הַמְבַיֵּישׁ וְהַמִּתְבַּיֵּ
bava_kamma_86,43,31,8,2,2,Bava Kamma 86a,19,20,2,"וְאִי בָּעֵית אֵימָא: אֲפִילּוּ תֵּימָא רַבִּי מֵאִיר, מִי סָבְרַתְּ: גָּדוֹל – גָּדוֹל בִּנְכָסִים,"
bava_metzia_110,30,24,8,3,1,Bava Metzia 110a,3,4,2,הָהוּא שְׁטָרָא דַּהֲוָה כְּתִיב בֵּיהּ שְׁנִין סְתָמָא. מַלְוֶה אָמַר: שָׁלֹשׁ. לֹוֶה אָמַר: שְׁתַּ
bava_metzia_110,30,24,8,3,2,Bava Metzia 110b,3,5,3,"אַלְמָא כֵּיוָן דִּלְמִיקָּץ קָיְימָא, אָמְרִינַן לֵיהּ: אַיְיתִי רְאָיָה וּשְׁקוֹל. הָכִי נָמֵי, הַ"
bava_metzia_110,30,24,8,3,3,Bava Metzia 110b,8,10,3,"לָא קַשְׁיָא: הָא דְּמַסֵּיק בֵּיהּ כְּשִׁיעוּר אַרְעָא וּשְׁבָחָא, הָא דְּלָא מַסֵּיק בֵּיהּ שִׁיעו"
bava_metzia_77,34,26,8,2,1,Bava Metzia 77a,12,14,3,סֶלַע נוֹתֵן לָהֶם סֶלַע. פְּשִׁיטָא! אָמַר רַב הוּנָא בְּרֵיהּ דְּרַב נָתָן: לָא צְרִיכָא דְּאוֹזִי
bava_metzia_77,34,26,8,2,2,Bava Metzia 77b,9,11,3,אָמַר מָר: מֵהֵיכָן מַגְבֵּיהוּ? מִן הָעִידִּית. קָא סָלְקָא דַּעְתָּךְ מֵעִידִּית דִּנְכָסָיו. וְלֹ
bava_metzia_84,37,30,8,2,1,Bava Metzia 84a,4,5,2,אֲמַרָה לְהוּ הָהִיא מַטְרוֹנִיתָא: בְּנֵיכֶם אֵינָם שֶׁלָּכֶם. אֲמַרוּ לַהּ: שֶׁלָּהֶן גָּדוֹל מִשּ
bava_metzia_84,37,30,8,2,2,Bava Metzia 84a,15,16,2,"חֲלַשׁ דַּעְתֵּיהּ דְּרַבִּי יוֹחָנָן, חֲלַשׁ רֵישׁ לָקִישׁ. אֲתַאי אֲחָתֵיהּ קָא בָכְיָא. אֲמַרָה ל"
beitzah_29,27,25,8,2,1,Beitzah 29a,3,7,5,"אַבָּא שָׁאוּל אוֹמֵר: אַף בַּמּוֹעֵד עוֹשֶׂה כֵּן, מִפְּנֵי בֵּרוּרֵי הַמִּדּוֹת. וַחֲכָמִים אוֹמְר"
beitzah_29,27,25,8,2,2,Beitzah 29a,9,11,3,אַלְמָא גַּבֵּי שִׂמְחַת יוֹם טוֹב רַבִּי יְהוּדָה לְחוּמְרָא וְרַבָּנַן לְקוּלָּא? וְהָא אִפְּכָא ש
beitzah_36,40,38,8,2,1,Beitzah 36a,8,10,3,וּמְכַסִּין אֶת הַפֵּירוֹת. אָמַר עוּלָּא: וַאֲפִילּוּ אַוֵּירָא דְלִבְנֵי. רַבִּי יִצְחָק אָמַר: פּ
beitzah_36,40,38,8,2,2,Beitzah 36a,22,1,2,"לְעוֹלָם כּוּלַּהּ רַבִּי יְהוּדָה הִיא, וְהָכָא בְּמַאי עָסְקִינַן — דְּאִית בֵּיהּ כַּוֵּי. וְלָא "
beitzah_37,40,35,8,1,1,Beitzah 37a,11,13,3,דְּתַנְיָא: אוֹתוֹ וְאֶת בְּנוֹ שֶׁנָּפְלוּ לְבוֹר — רַבִּי אֱלִיעֶזֶר אוֹמֵר: מַעֲלֶה אֶת הָרִאשׁוֹ
bekhorot_49,25,22,8,1,1,Bekhorot 49b,4,8,5,תָּא שְׁמַע: בְּחֶזְקַת שֶׁלֹּא נִפְדָּה עַד שֶׁיֹּאמְרוּ לוֹ שֶׁנִּפְדָּה! הָתָם נָמֵי דְּאִיתַנְהו
bekhorot_51,32,30,8,1,1,Bekhorot 51a,20,4,5,"וְלֹא בְּהֶקְדֵּשׁוֹת. פְּשִׁיטָא, לָאו דִּידֵיהּ נִינְהוּ! אֵימָא:"
bekhorot_56,33,33,8,2,1,Bekhorot 56b,3,6,4,"כִּדְאַבָּיֵי, דְּאָמַר אַבָּיֵי: זוֹנָה גּוֹיָה — אֶתְנַנָּהּ אָסוּר, וְכֹהֵן הַבָּא עָלֶיהָ אֵינוֹ"
bekhorot_56,33,33,8,2,2,Bekhorot 56b,16,18,3,אָמַר רַב עָנָן: לֹא שָׁנוּ אֶלָּא שֶׁחָלְקוּ גְּדָיִים כְּנֶגֶד תְּיָישִׁים וּתְיָישִׁים כְּנֶגֶד ג
eruvin_47,43,40,8,3,1,Eruvin 47a,6,7,2,"וּמַאי קוּשְׁיָא? דִּלְמָא הָכָא נָמֵי, הֵיכָא דְּאִיתְּמַר — אִיתְּמַר, הֵיכָא דְּלָא אִיתְּמַר — ל"
eruvin_47,43,40,8,3,2,Eruvin 47a,23,24,2,בֵּית הַקְּבָרוֹת סָלְקָא דַּעְתָּךְ?! טוּמְאָה דְּאוֹרָיְיתָא הִיא!
eruvin_47,43,40,8,3,3,Eruvin 47b,6,7,2,"לְמַאן, אִילֵּימָא לְרַבָּנַן — פְּשִׁיטָא! הַשְׁתָּא חֶפְצֵי הֶפְקֵר דְּלֵית לְהוּ בְּעָלִים, אֵין "
eruvin_87,40,40,8,2,1,Eruvin 87b,2,4,3,"וְהָא רַבִּי יוֹחָנָן בָּרְשׁוּיוֹת דְּרַבָּנַן נָמֵי אָמַר, (דְּתַנְיָא): כּוֹתֶל שֶׁבֵּין שְׁתֵּי "
eruvin_87,40,40,8,2,2,Eruvin 87b,8,9,2,הָהִיא זְעֵירִי אַמְרַהּ. וְלִזְעֵירִי קַשְׁיָא הָא!
eruvin_88,43,38,8,2,1,Eruvin 88a,7,8,2,"וְכֵן שְׁתֵּי גְזוּזְטְרָאוֹת זוֹ וְכוּ׳. אָמַר רַב הוּנָא אָמַר רַב: לֹא שָׁנוּ אֶלָּא בִּסְמוּכָה,"
eruvin_88,43,38,8,2,2,Eruvin 88b,10,13,4,"וְהָא מִדְּסֵיפָא רַבִּי אֱלִיעֶזֶר בֶּן יַעֲקֹב, רֵישָׁא לָאו רַבִּי אֱלִיעֶזֶר בֶּן יַעֲקֹב!"
eruvin_96,30,28,8,1,1,Eruvin 96b,1,3,3,"כְּרַבִּי יוֹסֵי, דְּאָמַר: נָשִׁים סוֹמְכוֹת רְשׁוּת."
eruvin_97,38,37,8,2,1,Eruvin 97a,9,11,3,"אִי מִתְּרֵי תְּלָתָא גַּבְרֵי זָבֵין, כׇּל חַד וְחַד לִיבְעֵי בְּדִיקָה. לְעוֹלָם מֵחַד גַּבְרָא זָ"
eruvin_97,38,37,8,2,2,Eruvin 97b,9,10,2,דִּתְנַן: רַבִּי יְהוּדָה פּוֹטֵר בְּמַיִם מִפְּנֵי שֶׁאֵין בָּהֶן מַמָּשׁ.
gittin_14,37,31,8,1,1,Gittin 14b,11,15,5,"לֵימָא ״הוֹלֵךְ״ כִּ״זְכִי״ תַּנָּאֵי הִיא? דְּתַנְיָא: ״הוֹלֵךְ מָנֶה לִפְלוֹנִי״, וְהָלַךְ וּבִקְּ"
gittin_70,46,40,8,2,1,Gittin 70a,11,12,2,"תָּנֵי רַבִּי חִיָּיא: הָרוֹצֶה שֶׁלֹּא יָבֹא לִידֵי חוֹלִי מֵעַיִים, יְהֵא רָגִיל בְּטִיבּוּל – קַי"
gittin_70,46,40,8,2,2,Gittin 70b,4,8,5,מַאי טַעְמָא דְּרֵישׁ לָקִישׁ? דְּקָתָנֵי: אֵין בִּדְבָרָיו הָאַחֲרוֹנִים כְּלוּם. וְרַבִּי יוֹחָנָן
hullin_29,40,26,8,1,1,Chullin 29a,8,11,4,"וְהָתָם מַאי טַעְמָא דְרַב, דִּכְתִיב ״אִישׁ אִישׁ כִּי יִהְיֶה טָמֵא לָנֶפֶשׁ״, אִישׁ נִדְחֶה, וְאֵ"
keritot_13,44,41,8,2,1,Keritot 13a,17,18,2,"דְּקָתָנֵי: חֲלֵב אִשָּׁה מְטַמֵּא בֵּין לְרָצוֹן וּבֵין שֶׁלֹּא לְרָצוֹן, (בְּהֵמָה אֵינָהּ מְטַמֵּ"
keritot_13,44,41,8,2,2,Keritot 13b,3,6,4,"אִי הָכִי, קַשְׁיָא הָא מַתְנִיתָא וְאָמַר רָבָא: ״מְטַמֵּא בֵּין לְרָצוֹן וּבֵין שֶׁלֹּא לְרָצוֹן״!"
keritot_17,50,40,8,3,1,Keritot 17a,13,14,2,"בִּשְׁלָמָא לְרַב חִסְדָּא דְּאָמַר: שִׁגְגַת שַׁבָּת וּזְדוֹן מְלָאכוֹת בָּעֵי מִינֵּיהּ, דְּיָמִים"
keritot_17,50,40,8,3,2,Keritot 17a,18,19,2,"תָּא שְׁמַע: הַבָּא עַל הַקְּטַנּוֹת יוֹכִיחַ. בִּשְׁלָמָא לְרָבָא, הַיְינוּ דְקָתָנֵי ״קְטַנּוֹת״."
keritot_17,50,40,8,3,3,Keritot 17b,9,11,3,"אֵיתִיבֵיהּ רַב הוּנָא לְרַב אַסִּי, וְאָמְרִי לַהּ חִיָּיא בַּר רַב לְרַב אַסִּי: חֵלֶב וְשׁוּמָּן "
ketubot_87,31,27,8,1,1,Ketubot 87a,13,2,6,"עֵד אֶחָד מְעִידָהּ שֶׁהִיא פְּרוּעָה, כֵּיצַד? הָיְתָה כְּתוּבָּתָהּ אֶלֶף זוּז, וְאָמַר לָהּ: הִתְ"
kiddushin_25,26,26,8,2,1,Kiddushin 25a,7,9,3,"רַבִּי אוֹמֵר אַף הַסֵּירוּס. וְרַבִּי, לָשׁוֹן לָא? וּרְמִינְהוּ: הֲרֵי מִי שֶׁהָיָה מַזֶּה וְנִתְּ"
kiddushin_25,26,26,8,2,2,Kiddushin 25a,15,18,4,וְתַרְוַיְיהוּ בְּהַאי קְרָא קָמִיפַּלְגִי: ״וְהִזָּה הַטָּהֹר עַל הַטָּמֵא וְגוֹ׳״ רַבִּי סָבַר: ״ו
makkot_6,21,21,8,2,1,Makkot 6a,7,8,2,"הוֹרֵג וְרוֹבֵעַ יַצִּילוּ! אִישְׁתִּיק. כִּי אֲתָא לְקַמֵּיהּ דְּרָבָא, אֲמַר לֵיהּ: ״יָקוּם דָּבָר"
makkot_6,21,21,8,2,2,Makkot 6b,3,5,3,גְּמָ׳ אָמַר רַב זוּטְרָא בַּר טוֹבִיָּא אָמַר רַב: מִנַּיִן לְעֵדוּת מְיוּחֶדֶת שֶׁהִיא פְּסוּלָה? 
meilah_21,29,25,8,2,1,Meilah 21a,13,15,3,"מַתְנִי׳ נָתַן לוֹ פְּרוּטָה, אָמַר לוֹ: ״הָבֵא לִי בְּחֶצְיָהּ נֵרוֹת וּבְחֶצְיָהּ פְּתִילוֹת״ וְהָ"
meilah_21,29,25,8,2,2,Meilah 21b,9,10,2,"נָפְלָה פְּרוּטָה שֶׁל הֶקְדֵּשׁ בְּתוֹךְ כִּיסוֹ, אוֹ שֶׁאָמַר ״פְּרוּטָה בְּכִיס זֶה הֶקְדֵּשׁ״, כ"
menachot_13,30,30,8,1,1,Menachot 13a,9,2,5,גְּמָ׳ לְמָה לִי לְמִיתְנֵא ״מוֹדֶה רַבִּי יוֹסֵי בָּזוֹ״?
menachot_19,36,34,8,1,1,Menachot 19a,18,22,5,"וַהֲרֵי מִנְחָה, דִּכְתִיב בָּהּ חוּקָּה, וְאָמַר רַב: כׇּל מָקוֹם שֶׁהֶחְזִיר הַכָּתוּב בְּתוֹרַת מ"
menachot_49b,37,22,8,3,1,Menachot 49a,19,20,2,"אָמַר רַבִּי שִׁמְעוֹן: וְכוּלָּהּ הָיְתָה קְרֵיבָה בֵּין הָעַרְבַּיִם, שֶׁאֵין מְחַנְּכִין אֶת מִזְ"
menachot_49b,37,22,8,3,2,Menachot 49a,23,24,2,"אֲמַר לֵיהּ, תְּנֵיתוּהָ: הַתְּמִידִין אֵין מְעַכְּבִין אֶת הַמּוּסָפִין, וְלֹא הַמּוּסָפִין מְעַכְּ"
menachot_49b,37,22,8,3,3,Menachot 49b,1,3,3,"אֶלָּא פְּשִׁיטָא דְּלֵית לֵיהּ! וְאִי דְּיוֹמֵיהּ, אַמַּאי? תָּדִיר וּמְקוּדָּשׁ – תָּדִיר עָדִיף!"
menachot_90,34,30,8,3,1,Menachot 90a,4,5,2,"מִדֹּת הַלַּח, בֵּירוּצֵיהֶן קֹדֶשׁ; וּמִדֹּת הַיָּבֵשׁ, בֵּירוּצֵיהֶן חוֹל."
menachot_90,34,30,8,3,2,Menachot 90a,14,16,3,"מוֹתֵיב רַבִּי זֵירָא: סִידֵּר אֶת הַלֶּחֶם וְאֶת הַבָּזִיכִין לְאַחַר הַשַּׁבָּת, וְהִקְטִיר אֶת הַ"
menachot_90,34,30,8,3,3,Menachot 90b,3,4,2,תַּנְיָא כְּוָותֵיהּ דְּרַבִּי חִיָּיא בַּר יוֹסֵף: בֵּירוּצֵי מִידּוֹת הַלָּלוּ מָה הָיוּ עוֹשִׂין 
moed_katan_3,35,34,8,3,1,Moed Katan 3a,10,11,2,וְקִשְׁקוּשׁ בִּשְׁבִיעִית מִי שְׁרֵי? וְהָא כְּתִיב: ״וְהַשְּׁבִיעִית תִּשְׁמְטֶנָּה וּנְטַשְׁתָּהּ
moed_katan_3,35,34,8,3,2,Moed Katan 3a,13,14,2,מַאן דְּאָמַר לוֹקֶה — לֵית לֵיהּ דְּרַבִּי אָבִין אָמַר רַבִּי אִילְעָא.
moed_katan_3,35,34,8,3,3,Moed Katan 3a,17,19,3,"וְלָא? וְהָתַנְיָא: ״שָׂדְךָ לֹא תִזְרַע וְכַרְמְךָ לֹא תִזְמוֹר״, אֵין לִי אֶלָּא זֵירוּעַ וְזִימּו"
nazir_31,23,22,8,2,1,Nazir 31a,10,2,4,"אֶלָּא בֵּית הִלֵּל הוּא דְּקָא טָעוּ, סָבְרִי טַעְמַיְיהוּ דְּבֵית שַׁמַּאי מִשּׁוּם דְּהֶקְדֵּשׁ ב"
nazir_31,23,22,8,2,2,Nazir 31b,10,11,2,"מַתְנִי׳ מִי שֶׁנָּדַר בְּנָזִיר, וְנִשְׁאַל לְחָכָם וַאֲסָרוֹ — מוֹנֶה מִשָּׁעָה שֶׁנָּדַר. נִשְׁאַ"
nazir_32,24,23,8,1,1,Nazir 32a,7,13,7,נִשְׁאַל לַחֲכָמִים וְהִתִּירוּהוּ וְכוּ׳. אָמַר רַבִּי יִרְמְיָה: מִדְּבֵית שַׁמַּאי נִשְׁמַע לִדְב
niddah_16,38,32,8,4,1,Niddah 16a,2,3,2,וְהָא ״לֵידַע אִם זָכָר אִם נְקֵבָה״ קָתָנֵי!
niddah_16,38,32,8,4,2,Niddah 16a,6,7,2,"אֲמַר לְהוּ מִדְּאָמַר הוּנָא חַבְרִין מִשְּׁמֵיהּ דְּרַב: אִשָּׁה שֶׁיֵּשׁ לָהּ וֶסֶת, וְהִגִּיעַ ש"
niddah_16,38,32,8,4,3,Niddah 16a,17,18,2,"מַאי לַָאו, בְּהָא קָמִיפַּלְגִי: דְּמָר סָבַר וְסָתוֹת דְּאוֹרָיְיתָא, וּמַר סָבַר וְסָתוֹת דְּרַבָ"
niddah_16,38,32,8,4,4,Niddah 16b,1,2,2,גְּמָ' תָּנוּ רַבָּנַן: אַף עַל פִּי שֶׁאָמְרוּ הַמְשַׁמֵּשׁ מִטָּתוֹ לְאוֹר הַנֵּר הֲרֵי זֶה מְגוּנ
niddah_18,30,30,8,2,1,Niddah 18a,16,2,3,וְהָאִיכָּא הָא דְּאָמַר רַבִּי יְהוֹשֻׁעַ בֶּן לֵוִי: עָבְרָה בַּנָּהָר
niddah_18,30,30,8,2,2,Niddah 18b,5,8,4,"מַאי לָאו לָא תְּיוּבְתָּא, אֶלָּא סִיַּיעְתָּא?"
niddah_23,42,28,8,2,1,Niddah 23a,3,5,3,"וּלְרַבָּנַן, מַאי אִיכָּא בֵּין מוּפְנָה מִצַּד אֶחָד לְשֶׁאֵינָהּ מוּפְנָה כׇּל עִיקָּר?"
niddah_23,42,28,8,2,2,Niddah 23a,20,22,3,"לְמַאן תִּיבָּדֵק? לָאו לְדִבְרֵי רַבִּי מֵאִיר, דְּאָמַר: קַרְיָא וְקִיפוֹפָא — אִין, שְׁאָר עוֹפוֹ"
niddah_29,39,38,8,2,1,Niddah 29a,7,10,4,"אִיכָּא דְמַתְנֵי לַהּ לְהָא שְׁמַעְתְּתָא בְּאַפֵּי נַפְשַׁהּ, אָמַר רַבִּי אֶלְעָזָר: אֵין הָרֹאשׁ"
niddah_29,39,38,8,2,2,Niddah 29b,7,8,2,"הָךְ שְׁבוּעַ חֲמִישִׁי דְּטָהוֹר הוּא, תְּשַׁמֵּשׁ!"
niddah_3,41,34,8,2,1,Niddah 3a,16,17,2,וְהָאִיכָּא שׁוֹטָה! מוֹדֶה שַׁמַּאי בְּשׁוֹטָה. הָא ״כׇּל הַנָּשִׁים״ קָתָנֵי! ״כׇּל הַנָּשִׁים״ — 
niddah_3,41,34,8,2,2,Niddah 3b,1,3,3,אִיכָּא בֵּינַיְיהוּ לְמִרְמֵי חָבִית וּמִקְוֶה וּמָבוֹי — לְהַאיְךְ לִישָּׁנָא אִיכָּא לְמִרְמִינְה
niddah_49,28,26,8,3,1,Niddah 49a,2,3,2,מִפְּנֵי שֶׁאָמְרוּ אֶפְשָׁר כּוּ׳. הָא תּוּ לְמָה לִי? הָא תָּנָא לֵיהּ רֵישָׁא!
niddah_49,28,26,8,3,2,Niddah 49a,8,9,2,"גְּמָ' מַכְנִיס — פָּסוּל לְמֵי חַטָּאת, וּפָסוּל מִשּׁוּם גִּסְטְרָא. מוֹצִיא — כָּשֵׁר לְמֵי חַטָּ"
niddah_49,28,26,8,3,3,Niddah 49b,5,6,2,כׇּל אֵבֶר שֶׁיֵּשׁ בּוֹ צִפּוֹרֶן וְכוּ׳. יֵשׁ בּוֹ צִפּוֹרֶן — מְטַמֵּא בְּמַגָּע וּבְמַשָּׂא וּבְ
pesachim_28,24,23,8,2,1,Pesachim 28a,4,6,3,(אָמַר אַבָּיֵי:) סַדָּנָא בְּסַדָּנֵי יְתֵיב — מִדְּוִיל יְדֵיהּ מִשְׁתַּלֵּים.
pesachim_28,24,23,8,2,2,Pesachim 28b,7,9,3,"וְרַבִּי יְהוּדָה, מֵחֲמַת דָּבָר אַחֵר מְנָא לֵיהּ? מִדְּאַפְּקֵיהּ רַחֲמָנָא בִּלְשׁוֹן מַחְמֶצֶת."
pesachim_40,36,31,8,2,1,Pesachim 40a,3,5,3,"וַהֲדַר בֵּיהּ אַבָּיֵי מֵהַהִיא, דְּכׇל אַגַּב מֵדָלַיְיהוּ לָא מַחְמְצִי. דְּאָמַר אַבָּיֵי: הַאי "
pesachim_40,36,31,8,2,2,Pesachim 40b,9,10,2,"וְנוֹקְמַהּ כְּרַבִּי יוֹסֵי, (דִּתְנַן) רַבִּי יוֹסֵי אוֹמֵר: שׁוֹרָן בְּחוֹמֶץ, וְחוֹמֶץ צוֹמְתָן!"
pesachim_43,42,42,8,2,1,Pesachim 43b,5,7,3,מַתְקֵיף לַהּ רַב נָתָן אֲבוּהּ דְּרַב הוּנָא (בְּרֵיהּ דְּרַב נָתָן): וְכׇל הֵיכָא דְּקָאֵי בְּאוֹכ
pesachim_43,42,42,8,2,2,Pesachim 43b,12,14,3,אָמַר רַבִּי אֲבָהוּ אָמַר רַבִּי יוֹחָנָן: כׇּל אִיסּוּרִין שֶׁבַּתּוֹרָה — אֵין הֶיתֵּר מִצְטָרֵף 
pesachim_66,26,23,8,3,1,Pesachim 66a,4,5,2,"אָמְרוּ לוֹ: מִנַּיִן לְךָ? אָמַר לָהֶם: נֶאֱמַר ״מוֹעֲדוֹ״ בַּפֶּסַח, וְנֶאֱמַר ״מוֹעֲדוֹ״ בַּתָּמִ"
pesachim_66,26,23,8,3,2,Pesachim 66a,9,10,2,"אָמַר מָר: נֶאֱמַר ״מוֹעֲדוֹ״ בַּפֶּסַח, וְנֶאֱמַר ״מוֹעֲדוֹ״ בְּתָמִיד, מָה ״מוֹעֲדוֹ״ הָאָמוּר בַּ"
pesachim_66,26,23,8,3,3,Pesachim 66b,4,5,2,וַהֲלֹא מְחַמֵּר! מְחַמֵּר כִּלְאַחַר יָד: מְחַמֵּר כִּלְאַחַר יָד נָמֵי נְהִי דְּאִיסּוּרָא דְּאוֹר
sanhedrin_29,59,39,8,2,1,Sanhedrin 29a,32,33,2,אָמַר רַבִּי שְׁמוּאֵל בַּר נַחְמָן אָמַר רַבִּי יוֹנָתָן: מִנַּיִין שֶׁאֵין טוֹעֲנִין לַמֵּסִית? מִ
sanhedrin_29,59,39,8,2,2,Sanhedrin 29a,35,36,2,"רַב מְשַׁרְשְׁיָא אָמַר, מֵהָכָא: ״אַמָּתַיִם וָחֵצִי אׇרְכּוֹ״."
sanhedrin_79,25,25,8,2,1,Sanhedrin 79a,2,3,2,"נִתְכַּוֵּון לְהַכּוֹת אֶת הַגָּדוֹל, וְלֹא הָיָה בָּהּ כְּדֵי לְהָמִית הַגָּדוֹל, וְהָלְכָה לָהּ עַ"
sanhedrin_79,25,25,8,2,2,Sanhedrin 79b,8,9,2,"אָמַר לָהֶן רַבִּי שִׁמְעוֹן: אִילּוּ לֹא הָיְתָה שְׂרֵיפָה חֲמוּרָה, לֹא נִתְּנָה לְבַת כֹּהֵן שֶׁז"
sanhedrin_90,40,27,8,2,1,Sanhedrin 90a,14,15,2,הֲדַרַן עֲלָךְ אֵלּוּ הֵן הַנֶּחְנָקִין
sanhedrin_90,40,27,8,2,2,Sanhedrin 90b,1,3,3,וּכְתִיב: ״וַיְהִי לוֹ כֵּן וַיִּרְמְסוּ אֹתוֹ הָעָם בַּשַּׁעַר וַיָּמֹת״. וְדִילְמָא קִלְלַת אֱלִיש
shabbat_103,30,26,8,3,1,Shabbat 103a,5,6,2,"גְּמָ׳ לְמַאי חֲזֵי? חֲזֵי לְבִיזְרָא דְקַרָא. דִּכְווֹתַהּ גַּבֵּי מִשְׁכָּן, שֶׁכֵּן רָאוּי לְקֶלַ"
shabbat_103,30,26,8,3,2,Shabbat 103b,5,6,2,קָתָנֵי מִיהָא: רַבִּי יְהוּדָה אוֹמֵר אֲפִילּוּ לֹא כָּתַב אֶלָּא שְׁתֵּי אוֹתִיּוֹת וְהֵן שֵׁם אֶח
shabbat_103,30,26,8,3,3,Shabbat 103b,9,11,3,"רַבִּי יוֹסֵי אוֹמֵר: ״וְעָשָׂה אַחַת״ ״וְעָשָׂה הֵנָּה״ — פְּעָמִים שֶׁחַיָּיב אַחַת עַל כּוּלָּן, "
shabbat_57,35,35,8,1,1,Shabbat 57b,2,8,7,"רַבִּי יְהוּדָה אוֹמֵר שֶׁל צֶמֶר וְשֶׁל שֵׂעָר אֵין חוֹצְצִין, מִפְּנֵי שֶׁהַמַּיִם בָּאִין בָּהֶן."
shabbat_58,33,31,8,2,1,Shabbat 58a,5,6,2,"דִּילְמָא מִיפְּסַק, וּמִירְתַת וּמְיקַפֵּל לֵיהּ וּמַחֵית לֵיהּ אַכַּתְפֵּיהּ. כִּדְרַב יִצְחָק בַּ"
shabbat_58,33,31,8,2,2,Shabbat 58a,12,13,2,"הָכִי נָמֵי מִסְתַּבְּרָא, מִדְּקָתָנֵי: זֶה וָזֶה אֵין מְקַבְּלִין טוּמְאָה. אִי אָמְרַתְּ בִּשְׁלָ"
shevuot_40,37,27,8,3,1,Shevuot 40a,6,7,2,"תָּא שְׁמַע: ״דִּינַר זָהָב זָהוּב לִי בְּיָדֶךָ״, ״אֵין לְךָ בְּיָדִי אֶלָּא דִּינַר כֶּסֶף״ – חַיּ"
shevuot_40,37,27,8,3,2,Shevuot 40b,4,5,2,מַאי קָא מַשְׁמַע לַן? זוֹקְקִין?! תְּנֵינָא: ״זוֹקְקִין אֶת הַנְּכָסִים שֶׁיֵּשׁ לָהֶן אַחְרָיוּת ל
shevuot_40,37,27,8,3,3,Shevuot 40b,7,10,4,"תָּא שְׁמַע: טְעָנוֹ חִטִּין וְהוֹדָה לוֹ בִּשְׂעוֹרִין – פָּטוּר, וְרַבָּן גַּמְלִיאֵל מְחַיֵּיב. ט"
shevuot_6,28,20,8,3,1,Shevuot 6a,10,1,2,"וְכִי תֵּימָא כִּי הֵיכִי דְּשָׁמְעַתְּ לֵיהּ בְּפָתוּךְ, הָכִי שָׁמְעַתְּ לֵיהּ בְּחָלוּק; וּבְפָתו"
shevuot_6,28,20,8,3,2,Shevuot 6b,3,4,2,"וּמְנָלַן דְּבַהֶרֶת עַזָּה הִיא? אָמַר אַבָּיֵי, אָמַר קְרָא: ״אִם בַּהֶרֶת לְבָנָה הִיא״ – הִיא לְ"
shevuot_6,28,20,8,3,3,Shevuot 6b,9,10,2,הַאי זֶה לְמַעְלָה מִזֶּה וְזֶה לְמַעְלָה מִזֶּה הוּא!
sotah_16,33,33,8,2,1,Sotah 16b,1,2,2,"כְּדַלַּעַת, מַנִּי — רַבִּי עֲקִיבָא הִיא, דְּדָרֵישׁ רִיבּוּיֵי וּמִיעוּטֵי. דְּתַנְיָא: ״וְהָיָה "
sotah_16,33,33,8,2,2,Sotah 16b,10,11,2,"וְרַבִּי יִשְׁמָעֵאל, לְעָרְבָן קְרָא אַחֲרִינָא כְּתִיב: ״וְשָׁחַט אֶת הַצִּפֹּר הָאֶחָת וְגוֹ׳״."
sotah_48,42,42,8,2,1,Sotah 48a,13,16,4,מִשֶּׁמֵּתוּ נְבִיאִים הָרִאשׁוֹנִים — בָּטְלוּ אוּרִים וְתוּמִּים. מִשֶּׁחָרַב בֵּית הַמִּקְדָּשׁ —
sotah_48,42,42,8,2,2,Sotah 48a,22,1,2,וּמָה כְּתִיב אַחֲרָיו — ״לָכֵן
sotah_7b,37,35,8,2,1,Sotah 7a,16,19,4,"מַתְנִי׳ הָיוּ מַעֲלִין אוֹתָהּ לְבֵית דִּין הַגָּדוֹל שֶׁבִּירוּשָׁלַיִם, וּמְאַיְּימִין עָלֶיהָ כּ"
sotah_7b,37,35,8,2,2,Sotah 7b,3,4,2,גְּמָ׳ מְנָהָנֵי מִילֵּי? אָמַר רַבִּי חִיָּיא בַּר גַּמָּדָא אָמַר רַבִּי יוֹסֵי בְּרַבִּי חֲנִינָא
sukkah_45,20,18,8,3,1,Sukkah 45a,4,5,2,גְּמָ׳ תָּנָא: מְקוֹם קָלָנְיָא הֲוָה. וְתַנָּא דִּידַן מַאי טַעְמָא קָרֵי לֵיהּ ״מוֹצָא״? אַיְּידֵי
sukkah_45,20,18,8,3,2,Sukkah 45a,7,1,2,"אָמַר רַבִּי אֲבָהוּ: מַאי קְרָאָה, שֶׁנֶּאֱמַר: ״אִסְרוּ חַג בַּעֲבוֹתִים עַד קַרְנוֹת הַמִּזְבֵּחַ"
sukkah_45,20,18,8,3,3,Sukkah 45b,10,12,3,"אָמַר רַב יְהוּדָה אָמַר שְׁמוּאֵל: לוּלָב שִׁבְעָה, וְסוּכָּה יוֹם אֶחָד. מַאי טַעְמָא? לוּלָב דְּמ"
temurah_24,40,34,8,2,1,Temurah 24a,3,5,3,"אַלִּיבָּא דְּמַאן? אִילֵימָא אַלִּיבָּא דְּרַבָּנַן — הַשְׁתָּא הַמַּפְרִישׁ לְאִיבּוּד, אָמְרִי רַ"
temurah_24,40,34,8,2,2,Temurah 24a,9,11,3,"תְּנַן: לְפִי שֶׁאֵין חַטַּאת צִבּוּר מֵתָה, הָא דְּיָחִיד מֵתָה."
temurah_3,39,33,8,2,1,Temurah 3a,5,7,3,"וְאֵין חַיָּיבִין עֲלֵיהֶם, מִשּׁוּם פִּיגּוּל, נוֹתָר, וְטָמֵא, דִּכְתִיב בַּהּ בְּטוּמְאָה: ״דַּבֵ"
temurah_3,39,33,8,2,2,Temurah 3b,10,13,4,"אֵימָא סֵיפָא: זוֹהִי שְׁבוּעַת שָׁוְא שֶׁחַיָּיבִין עַל זְדוֹנָהּ מַכּוֹת, וְעַל שִׁגְגָתָהּ פָּטוּ"
yevamot_14,36,30,8,1,1,Yevamot 14b,7,9,3,"תָּא שְׁמַע: אַף עַל פִּי שֶׁנֶּחְלְקוּ בֵּית שַׁמַּאי וּבֵית הִלֵּל בְּצָרוֹת וּבַאֲחָיוֹת,"
yevamot_33b,23,23,8,1,1,Yevamot 33a,2,8,7,וּמַאי אִיסּוּר כּוֹלֵל אִיכָּא הָכָא? בִּשְׁלָמָא זָר: מֵעִיקָּרָא שְׁרֵי בִּמְלָאכָה וְאָסוּר בַּע
yevamot_44,40,40,8,2,1,Yevamot 44a,20,21,2,"וְדִלְמָא קָסָתֵים לַן תַּנָּא כְּרַבִּי שִׁמְעוֹן הַתִּימְנִי. אִם כֵּן, לִיתְנֵי שְׁאָר חַיָּיבֵי "
yevamot_44,40,40,8,2,2,Yevamot 44b,10,11,2,"וּמִדְּרֵישָׁא הָא כִּדְאִיתָא וְהָא כִּדְאִיתָא, סֵיפָא נָמֵי הָא כִּדְאִיתָא וְהָא כִּדְאִיתָא."
yevamot_74,37,36,8,2,1,Yevamot 74a,3,5,3,"מַעְשַׂר בְּהֵמָה הַיְינוּ קָדָשִׁים? וְלִיטַעְמָיךְ, מִי לָא תְּנַן פֶּסַח וְקָתָנֵי קָדָשִׁים!"
yevamot_74,37,36,8,2,2,Yevamot 74b,9,10,2,"אַדְּרַבָּה: מֵעֶשֶׂר עֲדִיפָא, שֶׁכֵּן הֲדַ״ס טָ״ב?"
zevachim_35,39,38,8,2,1,Zevachim 35b,3,4,2,"מַאי, לָאו לִינַת בָּשָׂר – וּשְׁמַע מִינַּהּ: מִגּוֹ דְּפָסְלָה בְּלִינָה, פָּסְלָה בָּהּ מַחְשָׁבָ"
zevachim_35,39,38,8,2,2,Zevachim 35b,11,13,3,"רָבָא אָמַר, אַף אֲנַן נָמֵי תְּנֵינָא: הַשּׁוֹחֵט אֶת הַמּוּקְדָּשִׁים לֶאֱכוֹל שְׁלִיל אוֹ שִׁילְי"
zevachim_5,36,27,8,2,1,Zevachim 5a,5,6,2,אֲמַר לֵיהּ: הֲרֵי מַחְלוֹקְתְּךָ בְּצִידּוֹ – רַבִּי אֱלִיעֶזֶר אוֹמֵר: אַף הָאָשָׁם.
zevachim_5,36,27,8,2,2,Zevachim 5a,16,3,5,"מָה לְהַצַּד הַשָּׁוֶה שֶׁבָּהֶן, שֶׁכֵּן יֶשְׁנוֹ בְּצִיבּוּר!"
zevachim_66,26,26,8,1,1,Zevachim 66b,6,12,7,עוֹלַת הָעוֹף כּוּ׳. דְּשַׁנִּי בְּמַאי?
zevachim_81,27,23,8,1,1,Zevachim 81a,10,5,6,מֵתִיב רָבָא: ״וְהִקְרִיבוּ בְּנֵי אַהֲרֹן אֶת הַדָּם וְזָרְקוּ אֶת הַדָּם״ – מָה
avodah_zarah_11,26,25,7,2,1,Avodah Zarah 11a,3,5,3,"כִּי הֲווֹ שָׁקְלִי וְאָזְלִי, אֲמַר לְהוּ אֵימָא לְכוּ מִילְּתָא בְּעָלְמָא: נִיפְיוֹרָא נָקֵט נוּר"
avodah_zarah_11,26,25,7,2,2,Avodah Zarah 11b,5,6,2,"אָמַר רַב אָשֵׁי: הִכְשִׁילָן פִּיהֶם לָרְשָׁעִים, אִי אָמְרוּ ״זַיְיפָנָא אֲחוּהּ דְּמָרַנָא״ — כִּ"
avodah_zarah_3,31,26,7,2,1,Avodah Zarah 3a,11,12,2,וּמִי מָצֵית אָמְרַתְּ הָכִי? וְהָא אָמַר רַבִּי יְהוֹשֻׁעַ בֶּן לֵוִי: מַאי דִּכְתִיב ״אֲשֶׁר אָנֹכ
avodah_zarah_3,31,26,7,2,2,Avodah Zarah 3b,5,6,2,"כֵּיוָן שֶׁרוֹאִין מִלְחֶמֶת גּוֹג וּמָגוֹג, אוֹמֵר לָהֶן: עַל מָה בָּאתֶם? אוֹמְרִים לוֹ: עַל ה׳ וְ"
avodah_zarah_30,27,25,7,1,1,Avodah Zarah 30a,16,5,6,אָמַר רַבִּי שִׁמְעוֹן בֶּן לָקִישׁ: קְרִינָא אֵין בּוֹ מִשּׁוּם גִּילּוּי. מַאי קְרִינָא? אָמַר רַב
avodah_zarah_35,36,35,7,2,1,Avodah Zarah 35b,7,8,2,"דָּרַשׁ רַב נַחְמָן בְּרֵיהּ דְּרַב חִסְדָּא, מַאי דִּכְתִיב: ״לְרֵיחַ שְׁמָנֶיךָ טוֹבִים״, לְמָה תּ"
avodah_zarah_35,36,35,7,2,2,Avodah Zarah 35b,15,17,3,"וְהַפַּת. אָמַר רַב כָּהֲנָא אָמַר רַבִּי יוֹחָנָן: פַּת לֹא הוּתְּרָה בְּבֵית דִּין, מִכְּלָל דְּאִ"
avodah_zarah_40,28,27,7,2,1,Avodah Zarah 40a,14,2,3,"וּלְרַבִּי דּוֹסְתַּאי דְּמִן בֵּירֵי, דְּאָמַר: סְמִי מִכָּאן ״עוּבָּרָן״,"
avodah_zarah_40,28,27,7,2,2,Avodah Zarah 40b,5,7,3,וְזֵיתֵי גְלוּסְקָאוֹת הַמְגוּלְגָּלִין. פְּשִׁיטָא! לֹא נִצְרְכָא אַף עַל גַּב דְּרָפֵי טוּבָא. מַה
bava_kamma_102,37,35,7,2,1,Bava Kamma 102a,4,5,2,"וְרַבָּנַן נָמֵי, הָכְתִיב ״לָכֶם״! ״לָכֶם״ דֻּומְיָא דִּ״לְאָכְלָה״ – בְּמִי שֶׁהֲנָאָתוֹ וּבִיעוּר"
bava_kamma_102,37,35,7,2,2,Bava Kamma 102b,15,17,3,תָּנוּ רַבָּנַן: הַלּוֹקֵחַ שָׂדֶה בְּשֵׁם חֲבֵירוֹ – אֵין כּוֹפִין אוֹתוֹ לִמְכּוֹר. וְאִם אָמַר לו
bava_kamma_115,46,45,7,2,1,Bava Kamma 115a,8,9,2,"אֵימָא: אַף דִּין עִם הַטַּבָּח. מַהוּ דְּתֵימָא: אֵין מַתְּנוֹת כְּהוּנָּה נִגְזָלוֹת, קָא מַשְׁמַע"
bava_kamma_115,46,45,7,2,2,Bava Kamma 115b,11,14,4,"לָאו אִיתְּמַר עֲלַהּ, אָמַר רַבִּי סִימוֹן אָמַר רַבִּי יְהוֹשֻׁעַ בֶּן לֵוִי: לֹא שָׁנוּ אֶלָּא שׁ"
bava_kamma_15,53,38,7,2,1,Bava Kamma 15a,22,24,3,תְּנָא וְשַׁיַּיר. מַאי שַׁיַּיר דְּהַאי שַׁיַּיר?
bava_kamma_15,53,38,7,2,2,Bava Kamma 15b,1,3,3,״הֵמִית שׁוֹרִי אֶת פְּלוֹנִי״ אוֹ ״שׁוֹרוֹ שֶׁל פְּלוֹנִי״ – הֲרֵי זֶה מְשַׁלֵּם עַל פִּי עַצְמוֹ.
bava_kamma_16,48,37,7,2,1,Bava Kamma 16a,6,7,2,"מַתְקֵיף לַהּ רָבִינָא, הָא קָתָנֵי לְקַמַּן: ״שׁוֹר הַמַּזִּיק בִּרְשׁוּת הַנִּיזָּק כֵּיצַד״. אִי "
bava_kamma_16,48,37,7,2,2,Bava Kamma 16a,15,18,4,"אִיכָּא דְּאָמְרִי, אָמַר רַבִּי אֶלְעָזָר: לָא תֵּימָא פַּכִּין גְּדוֹלִים הוּא דְּלָאו אוֹרְחֵיהּ,"
bava_kamma_62,30,29,7,2,1,Bava Kamma 62a,3,4,2,"אָמַר רָבָא: הַנּוֹתֵן דִּינַר זָהָב לְאִשָּׁה, וְאָמַר לָהּ: ״הִזָּהֲרִי בּוֹ, שֶׁל כֶּסֶף הוּא״; ה"
bava_kamma_62,30,29,7,2,2,Bava Kamma 62b,11,13,3,אִיכָּא דְאָמְרִי: לֵימָא מְסַיַּיע לֵיהּ לְרַבִּי חִיָּיא בַּר אַבָּא – דְּאָמַר רַבִּי חִיָּיא בַּ
bava_kamma_7,37,35,7,2,1,Bava Kamma 7a,5,6,2,"אִי הָכִי, רַבִּי יִשְׁמָעֵאל וְרַבִּי עֲקִיבָא – מִמַּאי דִּבְעִידִּית דְּנִיזָּק וְזִיבּוּרִית דְּ"
bava_kamma_7,37,35,7,2,2,Bava Kamma 7b,8,10,3,"מַתְקֵיף לַהּ רַב אַחָא בְּרֵיהּ דְּרַב אִיקָא: אִם כֵּן, נָעַלְתָּ דֶּלֶת בִּפְנֵי לֹוִין – דְּאָמַ"
bava_metzia_113,29,24,7,2,1,Bava Metzia 113a,8,9,2,"אָמַר לָךְ שְׁמוּאֵל: אֵימָא, לֹא יְנַתְּחֶנּוּ אֶלָּא בְּבֵית דִּין. הָכִי נָמֵי מִסְתַּבְּרָא, דְּ"
bava_metzia_113,29,24,7,2,2,Bava Metzia 113b,6,7,2,כְּדֶרֶךְ שֶׁמְּסַדְּרִין לְבַעַל חוֹב – כָּךְ מְסַדְּרִין בַּעֲרָכִין. כְּלַפֵּי לְיָיא?! עִיקַּר ס
bava_metzia_118,36,28,7,2,1,Bava Metzia 118a,9,10,2,"הַשּׂוֹכֵר לַעֲשׂוֹת עִמּוֹ בְּתֶבֶן כּוּ׳. וּצְרִיכָא,"
bava_metzia_118,36,28,7,2,2,Bava Metzia 118a,19,21,3,וּמָה ״אַתָּה אוֹמֵר״? הָכִי קָאָמְרִי לֵיהּ: מִדְּבָרֶיךָ לִדְבָרֵינוּ – אֵין עוֹמֶר וּשְׁתֵּי לֶחֶ
bava_metzia_23,26,21,7,1,1,Bava Metzia 23a,9,12,4,וְרַבָּה אָמַר לָךְ: דְּכוּלֵּי עָלְמָא סִימָן הֶעָשׂוּי לִידָּרֵס – לָא הָוֵי סִימָן וְאֵין מַעֲבִי
bava_metzia_24,29,27,7,2,1,Bava Metzia 24a,3,4,2,תַּנְיָא: מוֹדֶה רַבִּי שִׁמְעוֹן בֶּן אֶלְעָזָר בְּכֵלִים חֲדָשִׁים שֶׁשְּׂבָעָתַן הָעַיִן שֶׁחַיָּ
bava_metzia_24,29,27,7,2,2,Bava Metzia 24a,12,14,3,הָכָא בְּמַאי עָסְקִינַן? בִּמְפוּזָּרִין. אִי בִּמְפוּזָּרִין מַאי אִרְיָא מָקוֹם שֶׁהָרַבִּים מְצו
bava_metzia_34,32,31,7,1,1,Bava Metzia 34b,7,13,7,"מֵיתִיבִי: הַמַּלְוֶה אֶת חֲבֵירוֹ עַל הַמַּשְׁכּוֹן, וְאָבַד הַמַּשְׁכּוֹן, וְאָמַר לוֹ: סֶלַע הִלְ"
bava_metzia_60,35,35,7,2,1,Bava Metzia 60b,1,4,4,מִשּׁוּם דְּקָא מַרְוַוח לְתַרְעָא:
bava_metzia_60,35,35,7,2,2,Bava Metzia 60b,16,17,2,"וְתוּ, תַּרְבִּית בְּלֹא נֶשֶׁךְ הֵיכִי דָמֵי? אִי דְּאוֹזֵיף מְאָה בִּמְאָה, מֵעִיקָּרָא קָיְימִי מ"
bava_metzia_85,38,26,7,2,1,Bava Metzia 85a,19,20,2,מַאי ״אָמַר ה׳״? אָמַר הַקָּדוֹשׁ בָּרוּךְ הוּא: אֲנִי עָרֵב לְךָ בְּדָבָר זֶה. מַאי ״מֵעַתָּה וְעַד
bava_metzia_85,38,26,7,2,2,Bava Metzia 85b,2,3,2,"אָמַר רַב חָמָא: מַאי דִּכְתִיב ״בְּלֵב נָבוֹן תָּנוּחַ חׇכְמָה וּבְקֶרֶב כְּסִילִים תִּוָּדֵעַ״, ״ב"
bekhorot_29,28,25,7,1,1,Bekhorot 29b,4,5,2,"מַתְנִי׳ הֶחָשׁוּד עַל הַבְּכוֹרוֹת, אֵין לוֹקְחִין מִמֶּנּוּ בְּשַׂר צְבָאִים, וְלֹא עוֹרוֹת שֶׁאֵי"
bekhorot_47,39,24,7,3,1,Bekhorot 47a,18,19,2,"מִכְּלָל (דִּכְהוּנָּה) [דְּכֹהֶנֶת] וּלְוִיָּה פְּטוּרִין, דְּאִיעַבַּר מִמַּאן? אִילֵימָא דְּאִיעַ"
bekhorot_47,39,24,7,3,2,Bekhorot 47a,22,23,2,"הָנִיחָא לְמָר בְּרֵיהּ דְּרַב יוֹסֵף מִשְּׁמֵיהּ דְּרָבָא, דְּאָמַר דְּאִיעַבַּר מִיִּשְׂרָאֵל, מוֹ"
bekhorot_47,39,24,7,3,3,Bekhorot 47b,5,7,3,וְכֵן מִי שֶׁלֹּא שָׁהֲתָה אַחֲרֵי בַּעְלָהּ שְׁלֹשָׁה חֳדָשִׁים וְכוּ׳.
berakhot_33,68,58,7,2,1,Berakhot 33a,31,33,3,"אִיתְּמַר נָמֵי, אָמַר רַבִּי בִּנְיָמִין בַּר יֶפֶת: שָׁאַל רַבִּי יוֹסֵי אֶת רַבִּי יוֹחָנָן בְּצַ"
berakhot_33,68,58,7,2,2,Berakhot 33b,19,20,2,"הַהוּא דִּנְחֵית קַמֵּיהּ דְּרַבָּה וַאֲמַר: אַתָּה חַסְתָּ עַל קַן צִפּוֹר, אַתָּה חוּס וְרַחֵם עָל"
berakhot_4,47,34,7,1,1,Berakhot 4b,7,9,3,בְּמַאי קָא מִפַּלְּגִי?
berakhot_50,39,39,7,2,1,Berakhot 50a,16,17,2,"רַבִּי יִשְׁמָעֵאל אוֹמֵר. רַפְרָם בַּר פָּפָּא אִקְּלַע לְבֵי כְּנִישְׁתָּא דַּאֲבִי גִיבָּר, קָם ק"
berakhot_50,39,39,7,2,2,Berakhot 50a,20,22,3,"גְּמָ׳ מַאי קָא מַשְׁמַע לַן? תְּנֵינָא חֲדָא זִימְנָא, שְׁלֹשָׁה שֶׁאָכְלוּ כְּאַחַת חַיָּיבִין לְז"
chagigah_24b,24,17,7,2,1,Chagigah 24b,1,2,2,"אֲבָל יַד חֲבֵירוֹ — לֹא. וְרַבִּי יוֹחָנָן אָמַר: אֶחָד יָדוֹ וְאֶחָד יַד חֲבֵירוֹ, בְּאוֹתָהּ הַיּ"
chagigah_24b,24,17,7,2,2,Chagigah 24b,4,6,3,וְלִפְסוֹל אֲבָל לֹא לְטַמֵּא תַּנָּאֵי הִיא. דִּתְנַן: כׇּל הַפּוֹסֵל בִּתְרוּמָה — מְטַמֵּא יָדַיִ
eruvin_16,47,44,7,1,1,Eruvin 16a,10,13,4,לֵימָא תֶּיהְוֵי תְּיוּבְתֵּיהּ דְּרַב הוּנָא בְּרֵיהּ דְּרַב יְהוֹשֻׁעַ? אָמַר לָךְ: וְלִיטַעְמָיךְ
eruvin_52,33,31,7,1,1,Eruvin 52b,1,3,3,"כְּמַאן — כְּרַב יוֹסֵף, וְאַלִּיבָּא דְּרַבִּי יוֹסֵי בַּר יְהוּדָה?"
eruvin_58,29,29,7,2,1,Eruvin 58a,12,13,2,"הָיָה מוֹדֵד וְהִגִּיעַ. מִדְּתָנֵי: ״חוֹזֵר לְמִידָּתוֹ״, מִכְּלָל דְּאִם אֵינוֹ יָכוֹל לְהַבְלִיעו"
eruvin_58,29,29,7,2,2,Eruvin 58b,11,12,2,אָמַר רַב נַחְמָן אָמַר רַבָּה בַּר אֲבוּהּ: (נְקִיטִינַן) אֵין מְקַדְּרִין לֹא בְּעֶגְלָה עֲרוּפָה 
gittin_3,21,20,7,1,1,Gittin 3a,11,16,6,"וְרַבָּה, מַאי טַעְמָא לָא אָמַר כְּרָבָא? אָמַר לָךְ: אִם כֵּן נִיתְנֵי ״בְּפָנַי נֶחְתַּם״ וְתוּ ל"
gittin_42,35,30,7,2,1,Gittin 42a,6,8,3,"וְהָא מִדְּקָתָנֵי סֵיפָא: וְאִם אָמַר חֲצִי חֲצִי – לֹא קָנוּ, מִכְּלָל דְּרֵישָׁא דְּאָמַר כּוּלּו"
gittin_42,35,30,7,2,2,Gittin 42a,11,13,3,"וְאִיבָּעֵית אֵימָא: לָא קַשְׁיָא – כָּאן בְּבַת אַחַת, כָּאן בְּזֶה אַחַר זֶה."
gittin_44,37,23,7,2,1,Gittin 44a,2,4,3,"תָּנוּ רַבָּנַן: גְּבָאוֹ בְּחוֹבוֹ אוֹ שֶׁלְּקָחוֹ סִיקָרִיקוֹן, לֹא יָצָא לְחֵירוּת. וּבְחוֹבוֹ לֹ"
gittin_44,37,23,7,2,2,Gittin 44a,15,18,4,"וְדִלְמָא שָׁאנֵי עֶבֶד, דְּכֹל יוֹמָא וְיוֹמָא מַפְקַע לֵיהּ מִמִּצְוֹת."
gittin_51,30,27,7,2,1,Gittin 51a,12,13,2,"אֶלָּא בִּתּוֹ – דְּבִתְנַאי בֵּית דִּין קָאָכְלָה, לָא מַהֲנֵי לַהּ קִנְיַן; בַּת אִשְׁתּוֹ – דְּלָ"
gittin_51,30,27,7,2,2,Gittin 51a,18,20,3,וְהַמּוֹצֵא מְצִיאָה לֹא יִשָּׁבַע. אָמַר רַבִּי יִצְחָק: ״שְׁנֵי כִּיסִין קְשׁוּרִין מָצָאתָ לִי״; 
gittin_73,37,33,7,1,1,Gittin 73a,13,17,5,אֲמַר לֵיהּ רָבָא: וְאֵימָא מֵרֵישָׁא – אֵינוֹ גֵּט!
gittin_78,49,38,7,2,1,Gittin 78a,15,16,2,וְאָמַר רָבָא: ״טְלִי גִּיטִּיךְ מֵעַל גַּבֵּי קַרְקַע״ – לֹא אָמַר כְּלוּם! אֵימָא: שֶׁשְּׁלָפַתּוּ
gittin_78,49,38,7,2,2,Gittin 78a,22,23,2,"יָשֵׁן וּמְשַׁמַּרְתּוֹ – הֲרֵי זֶה גֵּט. אַמַּאי? חָצֵר מְהַלֶּכֶת הִיא, וְחָצֵר מְהַלֶּכֶת לֹא קָנ"
horayot_3,45,32,7,2,1,Horayot 3a,2,5,4,"וְאִיבָּעֵית אֵימָא: עֲדַיִין אֲנִי אוֹמֵר לָא מָצֵית מוֹקְמַתְּ לַהּ כְּרַבִּי יְהוּדָה, דְּקָתָנֵי"
horayot_3,45,32,7,2,2,Horayot 3b,3,5,3,"[תְּנַן:] הוֹרוּ בֵּית דִּין, וְיָדַע אֶחָד מֵהֶן שֶׁטָּעוּ, אוֹ תַּלְמִיד וְרָאוּי לְהוֹרָאָה, וְהָ"
hullin_107,36,33,7,1,1,Hullin 107b,8,12,5,"מִכׇּל מָקוֹם, הָא קָאָמַר: אֶלָּא אִם כֵּן יוֹדֵעַ שֶׁנָּטַל יָדָיו! שָׁאנֵי שַׁמָּשׁ, דִּטְרִיד."
hullin_36,28,28,7,1,1,Hullin 36b,4,9,6,מֵתִיב רַב יוֹסֵף: רַבִּי שִׁמְעוֹן אוֹמֵר הוּכְשְׁרוּ בִּשְׁחִיטָה. הוּכְשְׁרוּ – וַאֲפִילּוּ לְמִי
hullin_86,31,24,7,1,1,Hullin 86a,9,13,5,"רֵישָׁא, אִי אָמְרִינַן חַיָּיבִין לְכַסּוֹת, אָמְרִי: שְׁחִיטָה מְעַלַּיְיתָא הִיא, וְאָתֵי לְמֵיכַ"
hullin_91,41,40,7,1,1,Hullin 91b,1,6,6,״הִנֵּה הוּא זֹרֶה אֶת גֹּרֶן הַשְּׂעֹרִים״.
ketubot_100,42,34,7,2,1,Ketubot 100b,1,3,3,"כֹּל דְּזָבֵין מִבֵּי דִינָא — אַדַּעְתָּא לְמִיפַּק לֵיהּ קָלָא הוּא דְּזָבֵין, קָא מַשְׁמַע לַן."
ketubot_100,42,34,7,2,2,Ketubot 100b,5,6,2,"נַעֲשׂוּ? וַדַּאי טָעוּ! דִּתְנַן: שׁוּם הַיְּתוֹמִין שְׁלֹשִׁים יוֹם, וְשׁוּם הַהֶקְדֵּשׁ שִׁשִּׁים"
ketubot_56b,30,14,7,1,1,Ketubot 56a,18,5,6,"הֲרֵי פֵּירוֹת דְּרַבָּנַן, וְלָא עֲבַדוּ לְהוּ רַבָּנַן חִיזּוּק! דִּתְנַן, רַבִּי יְהוּדָה אוֹמֵר:"
ketubot_63,18,15,7,1,1,Ketubot 63a,7,4,7,"מֵיתִבִי: אַחַת לִי אֲרוּסָה, וּנְשׂוּאָה, וַאֲפִילּוּ נִדָּה, וַאֲפִילּוּ חוֹלָה, וַאֲפִילּוּ שׁוֹמ"
ketubot_7,28,24,7,2,1,Ketubot 7a,4,5,2,רַב יְהוּדָה שְׁרָא לְמִיבְעַל בַּתְּחִלָּה בְּיוֹם טוֹב. אָמַר רַב פַּפִּי מִשְּׁמֵיהּ דְּרָבָא: לָ
ketubot_7,28,24,7,2,2,Ketubot 7a,13,14,2,"וְאַלְמוֹן שֶׁנָּשָׂא אַלְמָנָה לָא? וְהָאָמַר רַב נַחְמָן, אָמַר לִי הוּנָא בַּר נָתָן, תָּנָא: מִנ"
ketubot_97,33,25,7,2,1,Ketubot 97b,1,3,3,אֶלָּא מִן הָאֵירוּסִין מַאי טַעְמָא? אָמַר עוּלָּא: מִשּׁוּם חִינָּא. רַבִּי יוֹחָנָן אָמַר: לְפִי 
ketubot_97,33,25,7,2,2,Ketubot 97b,5,8,4,"אִי רַבִּי שִׁמְעוֹן, הָא תְּנָא לֵיהּ רֵישָׁא: מִן הָאֵירוּסִין לֹא תִּמְכּוֹר כּוּ׳?"
kiddushin_15,37,37,7,2,1,Kiddushin 15a,3,6,4,וְאִידַּךְ? הַהוּא מִיבְּעֵי לֵיהּ: ״אׇזְנוֹ״ – וְלֹא אׇזְנָהּ. וְאִידַּךְ? נָפְקָא לַהּ מִ״וְּאִם י
kiddushin_15,37,37,7,2,2,Kiddushin 15b,7,8,2,אֶלָּא בְּהַאי קְרָא קָמִיפַּלְגִי: ״אוֹ דֹדוֹ אוֹ בֶן דֹּדוֹ יִגְאָלֶנּוּ״ – זוֹ גְּאוּלַּת קְרוֹבִ
kiddushin_24,28,18,7,1,1,Kiddushin 24a,6,4,6,תָּנָא: יוֹצֵא בְּשֵׁן וָעַיִן וְרָאשֵׁי אֵבָרִים שֶׁאֵינָן חוֹזְרִים. בִּשְׁלָמָא שֵׁן וָעַיִן – כּ
kiddushin_47,29,18,7,2,1,Kiddushin 47a,7,10,4,"הָנִיחָא לְמַאן דְּאָמַר אַסֵּיפָא קָאֵי, וּמַאי ״עַד שֶׁיְּהֵא בְּאַחַת מֵהֶן שָׁוֶה פְּרוּטָה״ – ע"
kiddushin_47,29,18,7,2,2,Kiddushin 47a,13,1,3,וְאֶלָּא הָא דְּאָמַר רַבִּי אֶלְעָזָר: ״הִתְקַדְּשִׁי לִי בְּמָנֶה״ וְנָתַן לָהּ דִּינָר – הֲרֵי זו
kiddushin_72,26,22,7,2,1,Kiddushin 72a,8,9,2,"״וּתְלָת עִלְעִין בְּפֻמַּהּ בֵּין שִׁנַּהּ״. אָמַר רַבִּי יוֹחָנָן: זוֹ חִלָּזוֹן, הַדְיָיב, וּנְצִ"
kiddushin_72,26,22,7,2,2,Kiddushin 72b,5,7,3,בָּעֵי לְשַׁדּוֹרֵי לֵיהּ מִיִּשְׂרָאֵל. אֲמַר לֵיהּ פְּלַטְיָהוּ בֶּן בְּנָיָהוּ: אֲנַן דַּחֲשִׁבִי
kiddushin_76,29,24,7,2,1,Kiddushin 76a,2,4,3,וְרַבִּי עֲקִיבָא לְטַעְמֵיהּ דְּאָמַר: יֵשׁ מַמְזֵר מֵחַיָּיבֵי לָאוִין.
kiddushin_76,29,24,7,2,2,Kiddushin 76a,9,10,2,רַבִּי יוֹסֵי אוֹמֵר: אַף מִי שֶׁהָיָה חָתוּם עֵד בְּעַרְכֵי הַיְּשָׁנָה שֶׁל צִיפּוֹרִי. רַבִּי חֲנ
kiddushin_79,33,28,7,2,1,Kiddushin 79a,10,11,2,"אַדְּרַבָּה, הַעֲמֵד מִקְוֶה עַל חֶזְקָתוֹ וְאֵימַר לֹא חָסַר! הֲרֵי חָסֵר לְפָנֶיךָ. הָכָא נָמֵי: ה"
kiddushin_79,33,28,7,2,2,Kiddushin 79a,15,18,4,"דְּתַנְיָא: כׇּל טְהָרוֹת שֶׁנַּעֲשׂוּ עַל גַּבָּיו לְמַפְרֵעַ, בֵּין בִּרְשׁוּת הַיָּחִיד בֵּין בִּ"
makkot_15,22,21,7,3,1,Makkot 15a,4,5,2,"אָמַר עוּלָּא: לֹא יֵאָמֵר ״לוֹ תִּהְיֶה לְאִשָּׁה״, בְּאוֹנֵס, וְלִיגְמַר מִמּוֹצִיא שֵׁם רַע: וּמָ"
makkot_15,22,21,7,3,2,Makkot 15a,7,9,3,"אֶלָּא: לֹא יֵאָמֵר ״לוֹ תִהְיֶה לְאִשָּׁה״ בְּמוֹצִיא שֵׁם רַע, וְלִיגְמַר מֵאוֹנֵס: וּמָה אוֹנֵס ש"
makkot_15,22,21,7,3,3,Makkot 15a,15,16,2,"הָנִיחָא לְמַאן דְּאָמַר בִּיטְּלוֹ וְלֹא בִּיטְּלוֹ,"
menachot_109,45,44,7,2,1,Menachot 109a,19,20,2,וְרַב נַחְמָן – ״מִכְשׁוֹל״ דְּ״עָוֹן״.
menachot_109,45,44,7,2,2,Menachot 109b,2,4,3,"אָמַר רַב נַחְמָן: מְנָא אָמֵינָא לַהּ? דְּתַנְיָא: כֹּהֵן שֶׁעָבַד עֲבוֹדָה זָרָה, וְשָׁב, קׇרְבָּנ"
menachot_27,50,47,7,2,1,Menachot 27a,29,1,4,שֶׁבַע הַזָּאוֹת שֶׁבַּפָּרָה מְעַכְּבוֹת זוֹ אֶת זוֹ – חוּקָּה.
menachot_27,50,47,7,2,2,Menachot 27b,12,14,3,"וְרַבָּנַן? [אִין] הָכִי נָמֵי דְּלָא צְרִיךְ, וְהַאי דִּכְתַב רַחֲמָנָא ״אֶל פְּנֵי הַכַּפֹּרֶת״ לְ"
menachot_46,43,28,7,1,1,Menachot 46a,17,5,6,"אָמַר רַבִּי יִרְמְיָה: אִם תִּמְצָא לוֹמַר תְּנוּפָה עוֹשָׂה זִיקָּה, אָבַד הַלֶּחֶם –"
menachot_78,39,33,7,2,1,Menachot 78a,4,5,2,"הָנִיחָא לְמַאן דְּאָמַר לָא הָוֵי הֶיקֵּשׁ, אֶלָּא לְמַאן דְּאָמַר הָוֵי הֶיקֵּשׁ, מַאי אִיכָּא לְמ"
menachot_78,39,33,7,2,2,Menachot 78b,6,8,3,דִּתְנַן: הַשּׁוֹחֵט אֶת הַפֶּסַח עַל הֶחָמֵץ – עוֹבֵר בְּלֹא תַעֲשֶׂה. רַבִּי יְהוּדָה אוֹמֵר: אַף 
menachot_95,33,33,7,1,1,Menachot 95a,10,12,3,"וְאִידַּךְ נָמֵי, הָכְתִיב ״כַּאֲשֶׁר יַחֲנוּ כֵּן יִסָּעוּ״, לְאִידַּךְ גִּיסָא: מָה בַּחֲנִיָּיתוֹ"
moed_katan_4,40,35,7,2,1,Moed Katan 4a,13,14,2,"מָר אִית לֵיהּ דְּרַבִּי זֵירָא, וּמָר לֵית לֵיהּ דְּרַבִּי זֵירָא."
moed_katan_4,40,35,7,2,2,Moed Katan 4b,9,11,3,"וּלְמַאן דְּאָמַר מִפְּנֵי שֶׁמַּכְשִׁיר אֲגַפֶּיהָ לִזְרִיעָה, לֵיחוּשׁ מִפְּנֵי שֶׁנִּרְאֶה כְּעוֹ"
nazir_5,27,27,7,2,1,Nazir 5a,5,6,2,"וְאֵימָא שְׁתֵּי שָׁנִים, דִּכְתִיב: ״וַיְהִי מִקֵּץ שְׁנָתַיִם יָמִים״?! דָּנִין ״יָמִים״ שֶׁאֵין ע"
nazir_5,27,27,7,2,2,Nazir 5a,11,12,2,רַבִּי נְהוֹרַאי אוֹמֵר: מְגַלֵּחַ אַחַת לִשְׁלֹשִׁים יוֹם. מַאי טַעְמָא? גַּבֵּי כֹהֲנִים מִשּׁוּם 
nazir_66,17,16,7,2,1,Nazir 66a,7,10,4,בְּמַאי קָמִיפַּלְגִי? בְּדִשְׁמוּאֵל. דִּשְׁמוּאֵל רָמֵי: כְּתִיב: ״כִּי יִהְיֶה בְךָ אִישׁ אֲשֶׁר 
nazir_66,17,16,7,2,2,Nazir 66b,2,3,2,"לְמֵימְרָא דִּמְבָרֵךְ עֲדִיף? וְהָתַנְיָא, רַבִּי יוֹסֵי אוֹמֵר: גָּדוֹל הָעוֹנֶה ״אָמֵן״ יוֹתֵר מִ"
nedarim_60,20,19,7,2,1,Nedarim 60a,3,4,2,הַדְרָן עֲלָךְ הַנּוֹדֵר מִן הַיָּרָק
nedarim_60,20,19,7,2,2,Nedarim 60b,3,7,5,"אָמַר רָבִינָא: אֲמַר לִי מָרִימָר, הָכִי אֲמַר אֲבוּךְ מִשְּׁמֵיהּ דְּרַב [יוֹסֵף]: כְּמַאן אָזְלָא"
niddah_38,38,37,7,1,1,Niddah 38b,12,14,3,"גְּמָ' תָּנוּ רַבָּנַן: ״תֵּשֵׁב״ — לְרַבּוֹת הַמְקַשָּׁה בְּתוֹךְ שְׁמוֹנִים שֶׁל נְקֵבָה, שֶׁכׇּל "
niddah_60,44,44,7,2,1,Niddah 60a,10,11,2,״לְפִיכָךְ״ דְּרַבָּן שִׁמְעוֹן בֶּן גַּמְלִיאֵל — לְמָה לִי? מִשּׁוּם דְּרַבִּי.
niddah_60,44,44,7,2,2,Niddah 60a,17,18,2,"הַשְׁתָּא, וּמָה הָתָם דְּקָא חָזְיָא מִגּוּפַהּ, אָמְרַתְּ אֵינָהּ תּוֹלָה, הָכָא דְּמֵעָלְמָא קָא "
niddah_62,27,27,7,2,1,Niddah 62b,7,9,3,אֲמַר לֵיהּ: הַנַּח לִכְתָמִים דְּרַבָּנַן.
niddah_62,27,27,7,2,2,Niddah 62b,12,13,2,"אָמַר רַב כָּהֲנָא: מִקּוּלֵּי רְבִיעִיּוֹת שָׁנוּ כָּאן, שָׁאנֵי דַּם תְּבוּסָה דְּרַבָּנַן."
pesachim_117,45,29,7,3,1,Pesachim 117a,11,12,2,"תָּנוּ רַבָּנַן: כׇּל שִׁירוֹת וְתוּשְׁבָּחוֹת שֶׁאָמַר דָּוִד בְּסֵפֶר תְּהִלִּים, רַבִּי אֱלִיעֶזֶ"
pesachim_117,45,29,7,3,2,Pesachim 117a,23,24,2,"קָרָאֵי מוֹסִיפִין אַף אֶת אֵלּוּ: ״מִנַּחַל בַּדֶּרֶךְ יִשְׁתֶּה עַל כֵּן יָרִים רֹאשׁ״, ״הַלְלוּיָ"
pesachim_117,45,29,7,3,3,Pesachim 117b,2,3,2,"רַב חִסְדָּא מְתָרֵץ לְטַעְמֵיהּ, דְּכוּלֵּי עָלְמָא סָבְרִי: ״הַלְלוּיָהּ״ — סוֹף פִּירְקָא. מַאן ד"
pesachim_17,35,33,7,1,1,Pesachim 17a,15,19,5,"וְלִשְׁמוּאֵל, הָנִיחָא אִי סָבַר לַהּ כְּרַב, דְּתָנֵי: ״מַשְׁקֵי בֵּית מַטְבְּחַיָּא״ אֲבָל מַשְׁק"
pesachim_41,42,42,7,2,1,Pesachim 41b,12,15,4,"רַבִּי אוֹמֵר: אֶקְרָא אֲנִי ״בָּשֵׁל״, מָה תַּלְמוּד לוֹמַר ״מְבֻשָּׁל״? שֶׁיָּכוֹל אֵין לִי אֶלָּא"
pesachim_41,42,42,7,2,2,Pesachim 41b,18,19,2,"דִּכְתִיב: ״וְאָכְלוּ אֶת הַבָּשָׂר בַּלַּיְלָה הַזֶּה״. בַּלַּיְלָה — אִין, בַּיּוֹם — לָא."
pesachim_49,40,35,7,2,1,Pesachim 49a,17,20,4,"אָמַר רַב כָּהֲנָא: אִי לָא נָסֵיבְנָא כָּהֵנְתָּא, לָא גְּלַאי. אֲמַרוּ לֵיהּ: וְהָא לִמְקוֹם תּוֹר"
pesachim_49,40,35,7,2,2,Pesachim 49b,9,10,2,"תַּנְיָא, רַבִּי אֱלִיעֶזֶר אוֹמֵר: אִילְמָלֵא אָנוּ צְרִיכִין לָהֶם לְמַשָּׂא וּמַתָּן, הָיוּ הוֹרְ"
pesachim_52,21,18,7,2,1,Pesachim 52a,4,6,3,כַּיּוֹצֵא בּוֹ הַמּוֹלִיךְ פֵּירוֹת שְׁבִיעִית וְכוּ׳. וְלֵית לֵיהּ לְרַבִּי יְהוּדָה הָא דִּתְנַן:
pesachim_52,21,18,7,2,2,Pesachim 52a,10,1,2,"רָבִינָא אָמַר: בִּפְלוּגְתָּא דְהָנֵי תַנָּאֵי, דִּתְנַן: אוֹכְלִין בִּתְמָרִין עַד שֶׁיִּכְלֶה הָא"
pesachim_62,31,30,7,2,1,Pesachim 62a,10,11,2,"אֶלָּא פְּשִׁיטָא בְּטוּמְאַת גַּבְרֵי, וּמַאי אֵינוֹ נוֹהֵג בְּכׇל הַזְּבָחִים? דְּאִילּוּ בְּכׇל ה"
pesachim_62,31,30,7,2,2,Pesachim 62a,14,3,4,בְּמַאי אוֹקֵימְתָּא — בְּטוּמְאַת בָּשָׂר? אֵימָא סֵיפָא: דָּנִין דָּבָר שֶׁלֹּא הוּתַּר מִכְּלָלוֹ
pesachim_75,32,30,7,1,1,Pesachim 75a,17,1,5,וְאֶלָּא ״בָּאֵשׁ״ לְמָה לִי? לְאַפּוֹקֵי אֲבָר מֵעִיקָּרוֹ.
pesachim_87,37,36,7,2,1,Pesachim 87b,11,12,2,מְנָלַן דְּאִימְּנִי? דִּכְתִיב: ״דְּבַר ה׳ אֲשֶׁר הָיָה אֶל הוֹשֵׁעַ בֶּן בְּאֵרִי בִּימֵי עֻזִּיָּ
pesachim_87,37,36,7,2,2,Pesachim 87b,16,17,2,"אָמַר רַבִּי יוֹחָנָן מִשּׁוּם רַבִּי שִׁמְעוֹן בֶּן יוֹחַי, מַאי דִּכְתִיב: ״אַל תַּלְשֵׁן עֶבֶד אֶ"
rosh_hashanah_22,30,26,7,1,1,Rosh Hashanah 22a,11,12,2,"וְאִם הָיְתָה דֶּרֶךְ רְחוֹקָה — לוֹקְחִין בְּיָדָם מְזוֹנוֹת. שֶׁעַל מַהֲלַךְ לַיְלָה וָיוֹם, מְחַל"
rosh_hashanah_32,49,29,7,2,1,Rosh Hashanah 32a,6,7,2,תָּנוּ רַבָּנַן: מִנַּיִן שֶׁאוֹמְרִים אָבוֹת — שֶׁנֶּאֱמַר: ״הָבוּ לַה׳ בְּנֵי אֵלִים״. וּמִנַּיִן 
rosh_hashanah_32,49,29,7,2,2,Rosh Hashanah 32a,11,12,2,"וְהֵיכָן אוֹמְרָהּ לִקְדוּשַּׁת הַיּוֹם? תַּנְיָא, רַבִּי אוֹמֵר: עִם הַמַּלְכִיּוֹת אוֹמְרָהּ. מָה "
sanhedrin_13,23,21,7,1,1,Sanhedrin 13a,8,2,6,"אָמַר מָר: שִׁשָּׁה עָשָׂר לִפְנֵי הַחַג אֵין מְעַבְּרִין. אֶלָּא לְרַבִּי יוֹסֵי, שִׁשָּׁה עָשָׂר ל"
sanhedrin_15,28,14,7,2,1,Sanhedrin 15a,5,6,2,"רַבִּי יְהוּדָה אוֹמֵר כּוּ׳. אָמַר לֵיהּ רַב פָּפָּא לְאַבָּיֵי: בִּשְׁלָמָא לְרַבִּי יְהוּדָה, הַי"
sanhedrin_15,28,14,7,2,2,Sanhedrin 15a,13,1,4,"דִּינֵי נְפָשׁוֹת כּוּ׳. קָא פָּסֵיק וְתָנֵי, לָא שְׁנָא רוֹבֵעַ זָכָר וְלָא שְׁנָא רוֹבֵעַ נְקֵבָה."
sanhedrin_34,39,36,7,1,1,Sanhedrin 34b,2,5,4,"וְתַרְוַיְיהוּ מַאי קָא מְמַעֲטוּ? פְּסוּלֵי. מָר מַיְיתֵי לַהּ מִ״כְּבָשִׂים״, וּמָר מַיְיתֵי לַהּ "
sanhedrin_49,35,33,7,1,1,Sanhedrin 49a,14,15,2,״וְהֵשִׁיב ה׳ אֶת דָּמוֹ עַל רֹאשׁוֹ אֲשֶׁר פָּגַע בִּשְׁנֵי אֲנָשִׁים צַדִּקִים טוֹבִים מִמֶּנּוּ״.
sanhedrin_56,50,46,7,1,1,Sanhedrin 56b,13,14,2,"אָמַר רַב פָּפָּא: לָא, לְמַעוֹטֵי גִּיפּוּף וְנִישּׁוּק."
sanhedrin_59b,43,33,7,1,1,Sanhedrin 59b,5,8,4,"אִי הָכִי, כֹּל חֲדָא וַחֲדָא נָמֵי נֵימָא מִשּׁוּם מִילְּתָא אִיתְּנַי?"
sanhedrin_66,46,46,7,2,1,Sanhedrin 66a,18,21,4,"מָה לְחֵרֵשׁ, שֶׁכֵּן חֲרִישָׁתוֹ גָּרְמָה לוֹ?"
sanhedrin_66,46,46,7,2,2,Sanhedrin 66b,12,13,2,"וְאִידָּךְ, הַאי ״לְבַדּוֹ״ מַאי דָּרֵישׁ בֵּיהּ?"
sanhedrin_83,34,29,7,1,1,Sanhedrin 83b,3,4,2,״אֲנִי ה׳ מְקַדְּשָׁם״ – הִפְסִיק הָעִנְיָן. מֵיתִיבִי: וְאֵלּוּ הֵן שֶׁבְּמִיתָה – זָר הָאוֹכֵל אֶת
sanhedrin_85,42,35,7,1,1,Sanhedrin 85b,2,4,3,"מַאי הֲוָה עֲלַהּ? אָמַר רַבָּה בַּר רַב הוּנָא, וְכֵן תָּנָא דְּבֵי רַבִּי יִשְׁמָעֵאל: לַכֹּל אֵין"
sanhedrin_92,40,40,7,2,1,Sanhedrin 92a,5,6,2,אָמַר רָבָא: מִנַּיִין לִתְחִיַּית הַמֵּתִים מִן הַתּוֹרָה? שֶׁנֶּאֱמַר: ״יְחִי רְאוּבֵן וְאַל יָמֹת
sanhedrin_92,40,40,7,2,2,Sanhedrin 92b,13,15,3,"תָּנוּ רַבָּנַן: שִׁשָּׁה נִסִּים נַעֲשׂוּ בְּאוֹתוֹ הַיּוֹם, וְאֵלּוּ הֵן: צָף הַכִּבְשָׁן, וְנִפְר"
shabbat_123,34,23,7,1,1,Shabbat 123a,10,11,2,לְמֵימְרָא דְּסָבַר רַב נַחְמָן טִלְטוּל מִן הַצַּד לָא שְׁמֵיהּ טִלְטוּל? וְהָאָמַר רַב נַחְמָן: הַ
shabbat_133,38,30,7,2,1,Shabbat 133a,15,17,3,וּתְנַן נָמֵי גַּבֵּי פֶסַח כִּי הַאי גַוְונָא: כְּלָל אָמַר רַבִּי עֲקִיבָא: כׇּל מְלָאכָה שֶׁאֶפְש
shabbat_133,38,30,7,2,2,Shabbat 133b,8,11,4,"מִמַּאי? דִּילְמָא עַד כָּאן לָא קָאָמַר רַבִּי יוֹסֵי הָתָם, דְּלֹא נִיתְּנָה שַׁבָּת לִידָּחוֹת, א"
shabbat_141,48,48,7,2,1,Shabbat 141b,3,5,3,"אָמַר רַב חִסְדָּא: לֹא שָׁנוּ אֶלָּא לְצַחְצְחוֹ, אֲבָל לְעַבְּדוֹ — אָסוּר."
shabbat_141,48,48,7,2,2,Shabbat 141b,20,22,3,רַבִּי יְהוּדָה אוֹמֵר: אַף מַעֲלִין אֶת הַמְדוּמָּע בְּאֶחָד וּמֵאָה.
shabbat_147,30,29,7,2,1,Shabbat 147a,12,1,3,"סָכִין וּמְמַשְׁמְשִׁין, אֲבָל לֹא מִתְעַמְּלִין. וְלֹא מִתְגָּרְרִין. אֵין יוֹרְדִין לְקוֹרְדִימָא,"
shabbat_147,30,29,7,2,2,Shabbat 147b,7,9,3,אָמַר רַבִּי חִיָּיא בַּר אַבָּא אָמַר רַבִּי יוֹחָנָן: הָאוֹלְיָירִין מְבִיאִין בַּלָּרֵי נָשִׁים ל
shabbat_155,29,22,7,1,1,Shabbat 155a,10,12,3,"תָּא שְׁמַע: רַבִּי יְהוּדָה מַתִּיר בֶּחָרוּבִין לַדַּקָּה. לַדַּקָּה — אִין, לְגַסָּה — לָא. אִי א"
shabbat_20,24,24,7,1,1,Shabbat 20a,2,6,5,גְּמָ׳ וְכַמָּה? אָמַר רַבִּי אֶלְעָזָר אָמַר רַב: כְּדֵי שֶׁיִּצּוֹלוּ מִבְּעוֹד יוֹם כְּמַאֲכָל בּ
shabbat_4,24,23,7,2,1,Shabbat 4a,6,7,2,אֶלָּא בְּמֵזִיד. ״קוֹדֶם שֶׁיָּבֹא לִידֵי אִיסּוּר סְקִילָה״ מִיבְּעֵי לֵיהּ!
shabbat_4,24,23,7,2,2,Shabbat 4b,5,6,2,אֶלָּא אָמַר רַב יוֹסֵף: הָא מַנִּי? — רַבִּי הִיא.
shabbat_40,22,17,7,2,1,Shabbat 40a,9,2,4,מַאי ״עוֹבְרֵי עֲבֵירָה״? דְּאָמַר רַבִּי שִׁמְעוֹן בֶּן פַּזִּי אָמַר רַבִּי יְהוֹשֻׁעַ בֶּן לֵוִי 
shabbat_40,22,17,7,2,2,Shabbat 40b,5,6,2,אִיבַּעְיָא לְהוּ: שֶׁמֶן מָה הוּא לְתַנָּא קַמָּא? רַבָּה וְרַב יוֹסֵף דְּאָמְרִי תַּרְוַיְיהוּ לְה
shabbat_60,35,34,7,2,1,Shabbat 60b,8,9,2,אֲמַר לֵיהּ אֵיפָה לְרַבָּה בַּר בַּר חַנָּה: אַתּוּן תַּלְמִידֵי רַבִּי יוֹחָנָן עֲבִידוּ כְּרַבִּי
shabbat_60,35,34,7,2,2,Shabbat 60b,15,17,3,הָא גּוּפַהּ קַשְׁיָא. אָמְרַתְּ נָשְׁרוּ רוֹב מַסְמְרוֹתָיו — אַף עַל גַּב דְּנִשְׁתַּיְּירוּ בֵּיה
shabbat_63,49,25,7,3,1,Shabbat 63a,6,7,2,בִּירִית — טְהוֹרָה וְיוֹצְאִין בָּהּ בְּשַׁבָּת.
shabbat_63,49,25,7,3,2,Shabbat 63a,21,22,2,אָמַר רַב חִינָּנָא בַּר אִידִי: כָּל הָעוֹשֶׂה מִצְוָה כְּמַאֲמָרָהּ אֵין מְבַשְּׂרִין אוֹתוֹ בְּשׂ
shabbat_63,49,25,7,3,3,Shabbat 63a,24,25,2,"וְאִם אֵין עוֹשִׂין כֵּן — גּוֹרְמִין לַשְּׁכִינָה שֶׁמִּסְתַּלֶּקֶת מִיִּשְׂרָאֵל, שֶׁנֶּאֱמַר: ״בּ"
shevuot_12,28,26,7,2,1,Shevuot 12a,16,1,2,תַּנְיָא נָמֵי הָכִי: מָה הֵן מְבִיאִין מִן הַמּוֹתָרוֹת?
shevuot_12,28,26,7,2,2,Shevuot 12b,4,7,4,"תַּנְיָא נָמֵי הָכִי: וּמוֹדֶה רַבִּי שִׁמְעוֹן בְּשָׂעִיר, שֶׁאִם לֹא קָרַב בָּרֶגֶל יִקְרַב בְּרֹא"
sotah_27,25,24,7,1,1,Sotah 27a,7,10,4,"וְאֵלּוּ שֶׁבֵּית דִּין כּוּ׳. תָּנוּ רַבָּנַן: ״אִישׁ״, מָה תַּלְמוּד לוֹמַר ״אִישׁ אִישׁ״ — לְרַבּ"
sotah_32,38,34,7,2,1,Sotah 32b,6,8,3,וִידּוּי מַעֲשֵׂר מְנָלַן? דִּכְתִיב: ״וְאָמַרְתָּ לִפְנֵי ה׳ אֱלֹהֶיךָ בִּעַרְתִּי הַקֹּדֶשׁ מִן הַ
sotah_32,38,34,7,2,2,Sotah 32b,22,23,2,"וְרַבָּנַן נָמֵי, הָא כְּתִיב ״וְהָיוּ״! הַהוּא שֶׁלֹּא יִקְרָאֶנָּה לְמַפְרֵעַ."
sotah_44,32,24,7,1,1,Sotah 44b,4,7,4,"כְּמַאן אָזְלָא הָא דְּתַנְיָא: שָׂח בֵּין תְּפִילָּה לִתְפִילָּה — עֲבֵירָה הִיא בְּיָדוֹ, וְחוֹזֵר"
sotah_7,37,22,7,1,1,Sotah 7a,10,12,3,וְרַבִּי יְהוּדָה מִקַּל וָחוֹמֶר מַיְיתֵי לַהּ? וְהָא רַבִּי יְהוּדָה מִקְּרָאֵי מַיְיתֵי לַהּ! דְּ
sukkah_3,27,25,7,2,1,Sukkah 3a,5,6,2,"אִיכָּא דְּאָמְרִי, אָמַר רַבִּי אַבָּא: דַּאֲמַר לָךְ מַנִּי? אֲמַר לֵיהּ: בֵּית שַׁמַּאי הִיא, וְל"
sukkah_3,27,25,7,2,2,Sukkah 3a,10,11,2,"אָמַר מָר זוּטְרָא: מַתְנִיתִין נָמֵי דַּיְקָא, מִדְּקָתָנֵי: ״בֵּית שַׁמַּאי פּוֹסְלִין, וּבֵית הִל"
sukkah_39,13,13,7,2,1,Sukkah 39a,2,3,2,מָקוֹם שֶׁנָּהֲגוּ לִכְפּוֹל. תָּנָא: רַבִּי כּוֹפֵל בָּהּ דְּבָרִים. רַבִּי אֶלְעָזָר בֶּן פַּרְטָא
sukkah_39,13,13,7,2,2,Sukkah 39b,2,5,4,"בַּמֶּה דְּבָרִים אֲמוּרִים — בְּלוֹקֵחַ מִן הַמּוּפְקָר. אֲבָל בְּלוֹקֵחַ מִן הַמְשׁוּמָּר, אֲפִילּ"
temurah_13,34,32,7,1,1,Temurah 13b,5,10,6,"אָמְרִי: מִשּׁוּם דְּרַבִּי רַחֲמָנָא דְּאִית בֵּיהּ תְּמוּרַת שְׁמוֹ, אִיגְּרוֹעֵי אִיגְּרַע? אִין,"
yevamot_101,33,33,7,1,1,Yevamot 101b,4,7,4,"וְאִידַּךְ? ״בְּיִשְׂרָאֵל״ אַחֲרִינָא כְּתִיב. וְאִידַּךְ? מִיבְּעֵי לֵיהּ לְכִדְתַנְיָא, אָמַר רַב"
yevamot_106,31,30,7,1,1,Yevamot 106b,4,5,2,"גְּמָ׳ אָמַר רַב יְהוּדָה, מִצְוַת חֲלִיצָה: קוֹרְאָה וְקוֹרֵא, וְחוֹלֶצֶת וְרוֹקֶקֶת וְקוֹרְאָה. מַ"
yevamot_32b,24,23,7,1,1,Yevamot 32a,2,7,6,וְיֹאמְרוּ! אִי דִּמְיַיבֵּם וַהֲדַר חָלֵיץ — הָכִי נָמֵי.
yevamot_66b,28,28,7,2,1,Yevamot 66a,2,3,2,וְלָא מִיפַּקְדִי? וְהָאָמַר רַב אַחָא בַּר רַב קַטִּינָא אָמַר רַבִּי יִצְחָק: מַעֲשֶׂה בְּאִשָּׁה 
yevamot_66b,28,28,7,2,2,Yevamot 66a,6,8,3,"בַּת יִשְׂרָאֵל שֶׁנִּיסֵּת לְכֹהֵן וְהִכְנִיסָה לוֹ עֲבָדִים, בֵּין עַבְדֵי מְלוֹג, בֵּין עַבְדֵי צ"
yevamot_76,33,33,7,2,1,Yevamot 76a,16,1,2,מֵתִיב רַב יוֹסֵף: ״וַיִּתְחַתֵּן שְׁלֹמֹה אֶת בַּת פַּרְעֹה מֶלֶךְ מִצְרַיִם״! גַּיּיוֹרֵי גַּיְּיר
yevamot_76,33,33,7,2,2,Yevamot 76b,6,7,2,"אֲמַר לֵיהּ רָבִינָא לְרַב אָשֵׁי, וְהָא אֲנַן תְּנַן: פְּצוּעַ דַּכָּא וּכְרוּת שׇׁפְכָה מוּתָּרִים"
yoma_18,24,18,7,1,1,Yoma 18a,14,1,5,"כׇּל שִׁבְעַת הַיָּמִים לָא הָיוּ מוֹנְעִין וְכוּ׳. תַּנְיָא, רַבִּי יְהוּדָה בֶּן נָקוֹסָא אוֹמֵר: "
yoma_2,22,22,7,1,1,Yoma 2a,9,3,5,"בִּשְׁלָמָא, כּוּלֵּיהּ קְרָא בְּפָרָה לֹא מִתּוֹקַם — ״לְכַפֵּר״ כְּתִיב, וּפָרָה לָאו בַּת כַּפָּר"
yoma_27,24,22,7,2,1,Yoma 27a,9,11,3,״וְעָרְכוּ״ לְמָה לִי? לְמַעוֹטֵי הֶפְשֵׁט וְנִיתּוּחַ. וְאֵימָא הָכִי נָמֵי לְגוּפֵיהּ!
yoma_27,24,22,7,2,2,Yoma 27b,7,9,3,לְמֵימְרָא דַּעֲבוֹדַת יוֹם בָּעֲיָא פַּיִיס עֲבוֹדַת לַיְלָה לָא בָּעֲיָא פַּיִיס? וַהֲרֵי אֵבָרִים
yoma_44,28,20,7,1,1,Yoma 44b,3,7,5,"אָמַר מָר: כָּךְ פּוֹרְשִׁין בִּשְׁעַת מַתַּן פַּר כֹּהֵן מָשִׁיחַ, וּפַר הֶעְלֵם דָּבָר שֶׁל צִבּוּ"
yoma_53,42,26,7,1,1,Yoma 53a,6,9,4,וְתִיפּוֹק לֵיהּ — דְּקָא מְעַיֵּיל בִּיאָה רֵיקָנִית!
yoma_65,23,23,7,3,1,Yoma 65a,6,8,3,וְאִיכָּא דְּקָא מוֹתֵיב הָכִי: וְעוֹד אָמַר רַבִּי יְהוּדָה: נִשְׁפַּךְ הַדָּם יָמוּת הַמִּשְׁתַּלּ
yoma_65,23,23,7,3,2,Yoma 65b,3,4,2,וּמִשּׁוּם גְּזֵירָה יָמוּתוּ? וְעוֹד: הָא דְּרַבִּי טָבִי אָמַר רַבִּי יֹאשִׁיָּה גּוּפַהּ מִצְוָה 
yoma_65,23,23,7,3,3,Yoma 65b,6,7,2,אַמְרוּהָ רַבָּנַן קַמֵּיהּ דְּאַבָּיֵי: גְּזֵירָה מִשּׁוּם חַטָּאת שֶׁמֵּתוּ בְּעָלֶיהָ. הָא תִּינַ
zevachim_103,38,38,7,3,1,Zevachim 103a,13,14,2,אֲמַר לֵיהּ: אֶלָּא מָר בְּמַאי מוֹקֵים לַהּ? אֲמַר לֵיהּ: מוֹקֵמְינָא לֵיהּ בְּמַקְדִּישׁ נְכָסָיו.
zevachim_103,38,38,7,3,2,Zevachim 103b,1,2,2,לֹא יְהוּ כֹּהֲנִים זַכָּאִין בְּעוֹרָהּ? תַּלְמוּד לוֹמַר: ״עוֹר הָעֹלָה״ מִכׇּל מָקוֹם.
zevachim_103,38,38,7,3,3,Zevachim 103b,11,12,2,"וְתִיפּוֹק לֵיהּ מִ״לוֹ יִהְיֶה״! רַבִּי יִשְׁמָעֵאל לְטַעְמֵיהּ, דְּאָמַר רַבִּי יוֹחָנָן מִשּׁוּם "
zevachim_113,40,38,7,2,1,Zevachim 113b,5,7,3,"אִיכָּא דְּאָמְרִי, אֵיתִיבֵיהּ רַבִּי יוֹחָנָן לְרֵישׁ לָקִישׁ: ״מִכֹּל אֲשֶׁר בֶּחָרָבָה מֵתוּ״ – "
zevachim_113,40,38,7,2,2,Zevachim 113b,13,14,2,וּלְרַבִּי שִׁמְעוֹן [בֶּן לָקִישׁ] – נְהִי נָמֵי דְּיָרַד מַבּוּל לְאֶרֶץ יִשְׂרָאֵל; וְהָא לָא פָּ
zevachim_24,34,33,7,2,1,Zevachim 24a,13,15,3,אָמַר רַב יְהוּדָה: לְעוֹלָם לֵית לֵיהּ גְּזֵירָה שָׁוָה; וְהָכִי קָאָמַר: וְכִי נֶאֱמַר יַד יָמִין 
zevachim_24,34,33,7,2,2,Zevachim 24b,11,13,3,"מִי בָּעֵי רַבִּי שִׁמְעוֹן תַּרְתֵּי?! וְהָתַנְיָא, רַבִּי שִׁמְעוֹן אוֹמֵר: כׇּל מָקוֹם שֶׁנֶּאֱמַ"
zevachim_31,30,28,7,1,1,Zevachim 31a,5,6,2,מִמַּאי? מִדְּקָתָנֵי סֵיפָא: נָפֵל זֶה בְּעַצְמוֹ וְזֶה בְּעַצְמוֹ עַל כִּכָּר שֶׁל תְּרוּמָה – פְּ
Hullin_16,30,29,6,1,1,Chullin 16a,8,9,2,"הָא גּוּפַהּ קַשְׁיָא: אָמְרַתְּ, בִּשְׁבִיל שֶׁתּוּדַח – הֲרֵי זֶה בְּ״כִי יוּתַּן״, הָא בִּשְׁבִיל"
arakhin_32,31,26,6,2,1,Arakhin 32a,3,4,2,"אִיכָּא דְּאָמְרִי, אָמַר רָבָא: מִתַּקָּנָתוֹ שֶׁל הִלֵּל — הֲרֵי זֶה ״גִּיטִּיךְ עַל מְנָת שֶׁתִּת"
arakhin_32,31,26,6,2,2,Arakhin 32b,1,3,3,"אָמַר אַבָּיֵי: הָכִי קָאָמַר — עַד גַּמְלָא בַּגָּלִיל, עַד גְּדוֹד בְּעֵבֶר הַיַּרְדֵּן, וְחָדִיד "
arakhin_5,41,35,6,2,1,Arakhin 5a,13,14,2,"בָּעֵי רָבָא: ״עֶרְכִּי עָלַי לְגַבֵּי מִזְבֵּחַ״ מַהוּ? נִידּוֹן בְּהֶשֵּׂג יָד, אוֹ אֵין נִידּוֹן "
arakhin_5,41,35,6,2,2,Arakhin 5b,1,2,2,וּלְרַבִּי מֵאִיר לְמַאי אִיצְטְרִיךְ?
avodah_zarah_41,28,28,6,1,1,Avodah Zarah 41b,6,9,4,אֵיתִיבֵיהּ: הַמּוֹצֵא שִׁבְרֵי צְלָמִים — הֲרֵי אֵלּוּ מוּתָּרִין. הָא שִׁבְרֵי עֲבוֹדָה זָרָה — אֲ
avodah_zarah_48,35,35,6,2,1,Avodah Zarah 48a,4,5,2,"אֶלָּא כִּי אִיתְּמַר דְּרַבִּי יַנַּאי, לְעִנְיַן בִּיטּוּל אִיתְּמַר, דְּאַף עַל גַּב דְּהִבְרִיךְ"
avodah_zarah_48,35,35,6,2,2,Avodah Zarah 48a,10,11,2,"אִם כֵּן, גִּידְּעוֹ וּפִיסְּלוֹ, מַאן קָתָנֵי לַהּ? לָא רַבָּנַן וְלָא רַבִּי יוֹסֵי בַּר יְהוּדָה!"
avodah_zarah_49,40,34,6,1,1,Avodah Zarah 49a,9,14,6,"אֶלָּא, רַבִּי אֱלִיעֶזֶר וְרַבָּנַן דְּעֵצִים."
avodah_zarah_51,47,43,6,1,1,Avodah Zarah 51b,9,10,2,"מַתְנִי׳ מָצָא בְּרֹאשׁוֹ מָעוֹת, כְּסוּת אוֹ כֵלִים — הֲרֵי אֵלּוּ מוּתָּרִין. פַּרְכִּילֵי עֲנָבִי"
bava_batra_152,15,15,6,1,1,Bava Batra 152a,5,2,5,"קַשְׁיָא דְּרַב אַדְּרַב, קַשְׁיָא דִּשְׁמוּאֵל אַדִּשְׁמוּאֵל!"
bava_batra_17,26,23,6,1,1,Bava Batra 17b,11,12,2,"אִיכָּא דְּאָמְרִי: וְאִיתְּמַר עֲלַהּ, אָמַר אַבָּיֵי וְאִיתֵּימָא רַב יְהוּדָה: מִכּוֹתֶל בּוֹרוֹ "
bava_batra_48,19,16,6,1,1,Bava Batra 48a,2,6,5,"וְדִלְמָא שָׁאנֵי הָתָם, דְּנִיחָא לֵיהּ דְּתִיהְוֵי לֵיהּ כַּפָּרָה! וְאֶלָּא מִסֵּיפָא: וְכֵן אַתּ"
bava_batra_93,27,27,6,2,1,Bava Batra 93a,10,11,2,"תָּא שְׁמַע: הַמּוֹכֵר פֵּירוֹת לַחֲבֵרוֹ, וּזְרָעָן וְלֹא צִמֵּחוּ; וַאֲפִילּוּ זֶרַע פִּשְׁתָּן – "
bava_batra_93,27,27,6,2,2,Bava Batra 93b,6,8,3,הֵי רַבָּן שִׁמְעוֹן בֶּן גַּמְלִיאֵל? אִילֵּימָא רַבָּן שִׁמְעוֹן בֶּן גַּמְלִיאֵל דְּמַתְנִיתִין –
bava_kamma_108,32,28,6,1,1,Bava Kamma 108a,14,2,5,"וְקָא מִיפַּלְגִי בְּדִיּוּקָא דְמַתְנִיתִין, דִּתְנַן: הַמַּפְקִיד אֵצֶל חֲבֵירוֹ בְּהֵמָה אוֹ כֵלִ"
bava_kamma_14,51,21,6,1,1,Bava Kamma 14a,17,21,5,"״עַל הַכֹּל״ לָא קָתָנֵי, אֶלָּא ״חַיָּיב בַּכֹּל״ – בְּכוּלֵּי[הּ] נֶזֶק;"
bava_kamma_39,32,27,6,1,1,Bava Kamma 39b,1,3,3,מִמַּנְעִי וְלָא עָבְדִי. רַבִּי יוֹסֵי בַּר חֲנִינָא אָמַר מֵעֲלִיַּית אַפּוֹטְרוֹפּוֹס – וְחוֹזְרִ
bava_kamma_44,36,32,6,1,1,Bava Kamma 44b,16,17,2,"גְּמָ׳ תָּנוּ רַבָּנַן: ״שׁוֹר״ ״שׁוֹר״ שִׁבְעָה – לְהָבִיא שׁוֹר הָאִשָּׁה, שׁוֹר הַיְּתוֹמִים, שׁו"
bava_kamma_51,53,47,6,1,1,Bava Kamma 51a,17,18,2,"הָנִיחָא לְרַבִּי – וְלִנְזָקִין, מַשְׁכַּחַתְּ לַהּ. אֶלָּא לְרַבִּי – וּלְמִיתָה, וּלְרַבָּנַן – ב"
bava_kamma_53,33,29,6,2,1,Bava Kamma 53a,13,14,2,וּבְתָם מַאי קָסָבַר? אִי קָסָבַר: הַאי כּוּלֵּיהּ הֶזֵּיקָא עֲבַד וְהַאי כּוּלֵּיהּ הֶזֵּיקָא עֲבַד
bava_kamma_53,33,29,6,2,2,Bava Kamma 53b,4,5,2,"אִיכָּא דְּאָמְרִי – אַבָּיֵי אָמַר: חֲצִי נֶזֶק, רָבִינָא אָמַר: כּוּלֵּיהּ נֶזֶק. הָא וְהָא בְּמוּ"
bava_kamma_56,37,35,6,1,1,Bava Kamma 56a,2,3,2,אָמַר מָר: הַכּוֹפֵף קָמָתוֹ שֶׁל חֲבֵירוֹ בִּפְנֵי הַדְּלֵיקָה. הֵיכִי דָמֵי? אִילֵּימָא דְּמָטְיָא
bava_kamma_6,51,45,6,2,1,Bava Kamma 6a,6,7,2,"מַאי שְׁנָא בּוֹר – שֶׁכֵּן תְּחִילַּת עֲשִׂיָּיתוֹ לְנֵזֶק, וּמָמוֹנְךָ וּשְׁמִירָתָן עָלֶיךָ; הָנֵ"
bava_kamma_6,51,45,6,2,2,Bava Kamma 6a,14,15,2,"מַאי שְׁנָא בּוֹר – שֶׁכֵּן תְּחִילַּת עֲשִׂיָּיתוֹ לְנֵזֶק, וּשְׁמִירָתוֹ עָלֶיךָ; הָנֵי נָמֵי – תּ"
bava_kamma_63,32,31,6,2,1,Bava Kamma 63a,2,5,4,"אִם כֵּן, נִכְתּוֹב רַחֲמָנָא חַד פְּרָטָא!"
bava_kamma_63,32,31,6,2,2,Bava Kamma 63b,17,18,2,"אָמַר לָךְ: הֶקֵּישָׁא הוּא, וְאֵין מְשִׁיבִין עַל הֶקֵּישָׁא."
bava_kamma_66,29,28,6,1,1,Bava Kamma 66a,7,10,4,"יֵאוּשׁ – אָמְרִי רַבָּנַן דְּנִיקְנֵי, מִיהוּ לָא יָדְעִינַן אִי דְּאוֹרָיְיתָא אִי דְּרַבָּנַן."
bava_metzia_15,43,29,6,3,1,Bava Metzia 15a,6,7,2,"אִי הָכִי, פֵּירוֹת נָמֵי! כְּשֶׁעָמַד בַּדִּין עַל הַקֶּרֶן, וְלֹא עָמַד בַּדִּין עַל הַפֵּירוֹת. ו"
bava_metzia_15,43,29,6,3,2,Bava Metzia 15a,19,20,2,"אָמַר רַב נַחְמָן: הָא מַתְנִיתָא מְסַיַּיע לֵיהּ לְמָר שְׁמוּאֵל, וְהוּנָא חַבְרִין מוֹקֵים לַהּ בּ"
bava_metzia_15,43,29,6,3,3,Bava Metzia 15b,2,3,2,"וְהָא מַעֲשִׂים בְּכׇל יוֹם, וְקָא מַגְבֵּי שְׁמוּאֵל אֲפִילּוּ בְּשֶׁבַח הַמַּגִּיעַ לִכְתֵפַיִם!"
bava_metzia_40,35,22,6,1,1,Bava Metzia 40a,10,12,3,"תָּנָא: בַּמֶּה דְּבָרִים אֲמוּרִים? שֶׁעֵירְבָן עִם פֵּירוֹתָיו. אֲבָל יִחֵד לוֹ קֶרֶן זָוִית, אוֹמ"
bava_metzia_41,26,26,6,1,1,Bava Metzia 41a,4,7,4,"אֵימָא סֵיפָא: יִחֲדוּ לָהּ הַבְּעָלִים מָקוֹם וְטִלְטְלָהּ וְנִשְׁבְּרָה, בֵּין מִתּוֹךְ יָדוֹ, בֵּ"
bava_metzia_42,27,26,6,2,1,Bava Metzia 42b,6,7,2,"נֵימָא לֵיהּ לְאַפּוֹטְרוֹפָּא: זִיל שַׁלֵּים, אָמַר: אֲנָא לְבַקָּרָא מְסַרְתֵּיהּ."
bava_metzia_42,27,26,6,2,2,Bava Metzia 42b,11,12,2,"נֵימָא לֵיהּ לְדִידֵיהּ: זִיל שַׁלֵּים, אָמַר: אֲנָא אָמְרִי לֵיהּ מֵהַאי רְמִי."
bava_metzia_53,20,15,6,2,1,Bava Metzia 53b,2,3,2,"אֶלָּא בְּלָקוּחַ בְּכֶסֶף מַעֲשֵׂר שֵׁנִי. לָקוּחַ בְּכֶסֶף מַעֲשֵׂר נָמֵי לִיפְרְקֵיהּ, דִּתְנַן: "
bava_metzia_53,20,15,6,2,2,Bava Metzia 53b,5,6,2,רַב הוּנָא בַּר יְהוּדָה אָמַר רַב שֵׁשֶׁת: חֲדָא קָתָנֵי: מַעֲשֵׂר שֵׁנִי שֶׁאֵין בּוֹ שָׁוֶה פְּרו
beitzah_11,37,30,6,2,1,Beitzah 11a,15,16,2,"הָכִי הַשְׁתָּא?! בִּשְׁלָמָא בְּהֵמָה אָתֵי לְאִמְּלוֹכֵי, דְּאָמַר: נִשְׁבֹּק הַאי בְּהֵמָה כְּחוּ"
beitzah_11,37,30,6,2,2,Beitzah 11b,12,14,3,"פּוֹתֵחַ אֶת חָבִיתוֹ נָמֵי תְּנֵינָא: הַפּוֹתֵחַ אֶת חָבִיתוֹ, וּמַתְחִיל בְּעִיסָּתוֹ עַל גַּב הָר"
beitzah_14,29,28,6,1,1,Beitzah 14b,10,11,2,גְּמָ׳ תָּנֵי רַב יְחִיאֵל: וּבִלְבַד שֶׁלֹּא יַעֲשֶׂנּוּ בְּשׁוּרָה. תָּנָא: אֵין שׁוּרָה פְּחוּתָה
bekhorot_18,34,33,6,1,1,Bekhorot 18b,1,2,2,"כֹּל שֶׁחֲלִיפָיו בְּיַד כֹּהֵן פָּטוּר מִן הַמַּתָּנוֹת, וְרַבִּי מֵאִיר מְחַיֵּיב. חֲלִיפִין בְּיַ"
bekhorot_2,34,33,6,1,1,Bekhorot 2b,17,19,3,"וַאֲמַר לְהוּ: לִכְשֶׁתֵּלֵד, דְּלֹא מְקַבֶּלֶת זָכָר."
bekhorot_20,22,19,6,2,1,Bekhorot 20a,9,10,2,"וְאִיבָּעֵית אֵימָא: בֵּין לְקוּלָּא בֵּין לְחוּמְרָא חָיֵישׁ, וְהָכָא בִּמְטַנֶּפֶת וְחוֹזֶרֶת וְיו"
bekhorot_20,22,19,6,2,2,Bekhorot 20a,13,1,2,"וְאִיבָּעֵית אֵימָא: דְּכוּלֵּי עָלְמָא אִית לְהוּ דִּזְעֵירִי, וְהָכָא — בְּיוֹלֶדֶת לִמְקוּטָּעִין"
bekhorot_42,30,30,6,1,1,Bekhorot 42b,11,13,3,"מַאי לָאו בְּהָא קָמִיפַּלְגִי, דְּמַאן דְּאָמַר חוֹלֵץ, וְחוֹלְצִין לְאִשְׁתּוֹ וּמְיַבְּמִים אֶת א"
bekhorot_50,21,21,6,1,1,Bekhorot 50b,5,9,5,"וַהֲרֵי מַעֲשֵׂר, דִּכְתִיב: ״וְצַרְתָּ הַכֶּסֶף בְּיָדְךָ״, וּתְנַן: הַפּוֹרֵט סֶלַע בִּמְעוֹת מַעֲ"
bekhorot_52,26,25,6,1,1,Bekhorot 52a,8,2,3,"וְכוּלָּם אֵין נוֹטְלִין בַּשֶּׁבַח,"
berakhot_11,50,36,6,2,1,Berakhot 11a,12,14,3,וּבֵית שַׁמַּאי?
berakhot_11,50,36,6,2,2,Berakhot 11a,17,18,2,מַאי ״וְלֹא עוֹד״?
berakhot_19,40,32,6,1,1,Berakhot 19a,13,16,4,"״בְּמִשְׁנָתֵנוּ״ קָאָמְרִינַן. וְהָא, בָּרַיְיתָא הִיא."
berakhot_35,44,27,6,1,1,Berakhot 35b,3,5,3,מַאי ״חָבֵר הוּא לְאִישׁ מַשְׁחִית״? אָמַר רַבִּי חֲנִינָא בַּר פָּפָּא: חָבֵר הוּא לְיָרׇבְעָם בֶּן
berakhot_43,39,39,6,1,1,Berakhot 43b,4,8,5,וְאָמַר רַב זוּטְרָא בַּר טוֹבִיָּה אָמַר רַב: עֲתִידִים בַּחוּרֵי יִשְׂרָאֵל שֶׁיִּתְּנוּ רֵיחַ טוֹ
berakhot_54,39,13,6,2,1,Berakhot 54a,3,5,3,"עַל הַגְּשָׁמִים, וְעַל בְּשׂוֹרוֹת טוֹבוֹת אוֹמֵר: ״בָּרוּךְ הַטּוֹב וְהַמֵּטִיב״. עַל בְּשׂוֹרוֹת "
berakhot_54,39,13,6,2,2,Berakhot 54a,8,9,2,כׇּל חוֹתְמֵי בְּרָכוֹת שֶׁבַּמִּקְדָּשׁ הָיוּ אוֹמְרִים ״עַד הָעוֹלָם״. מִשֶּׁקִּלְקְלוּ הַמִּינִין
berakhot_7,64,36,6,1,1,Berakhot 7a,14,18,5,וְכַמָּה זַעְמוֹ — רֶגַע. וְכַמָּה רֶגַע? אָמַר רַבִּי אָבִין וְאִיתֵּימָא רַבִּי אֲבִינָא: רֶגַע כּ
eruvin_30,40,35,6,2,1,Eruvin 30a,16,17,2,"אָמַר לְךָ רַב הוּנָא: אֶלָּא מַאי, כֹּל הֵיכָא דְּאָמַר ״עָלַי״ מְעָרְבִין? קַשְׁיָא רֵישָׁא?"
eruvin_30,40,35,6,2,2,Eruvin 30b,5,6,2,"כְּמַאן אָזְלָא הָא דְּתַנְיָא: עֵירַב בִּשְׁחוֹרִים לֹא יֵצֵא בִּלְבָנִים, בִּלְבָנִים לֹא יֵצֵא בּ"
eruvin_48,34,31,6,2,1,Eruvin 48a,5,6,2,"אֶלָּא, מִשּׁוּם דְּקָתָנֵי: ״צָרִיךְ מְחִיצָה שֶׁל בַּרְזֶל לְהַפְסִיקוֹ״. וּמַאי שְׁנָא קָנִים דְּ"
eruvin_48,34,31,6,2,2,Eruvin 48a,20,21,2,הָיוּ שְׁנַיִם מִקְצָת אַמּוֹתָיו שֶׁל זֶה וְכוּ׳. לְמָה לֵיהּ לְמֵימַר ״לְמָה הַדָּבָר דּוֹמֶה״?
eruvin_67,33,33,6,1,1,Eruvin 67a,7,11,5,"כִּי תִּיבְּעֵי לָךְ אַלִּיבָּא דְּמַאן דְּאָמַר ״יֵשׁ בִּיטּוּל רְשׁוּת מֵחָצֵר לְחָצֵר״. הָתָם, דּ"
eruvin_76,32,16,6,2,1,Eruvin 76a,9,11,3,"גְּמָ׳ לֵימָא תְּנַן סְתָמָא כְּרַבָּן שִׁמְעוֹן בֶּן גַּמְלִיאֵל, דְּאָמַר: כׇּל פָּחוֹת מֵאַרְבָּע"
eruvin_76,32,16,6,2,2,Eruvin 76a,14,15,2,הַשְׁתָּא כּוּלּוֹ לְמַעְלָה מֵעֲשָׂרָה וּמִקְצָתוֹ בְּתוֹךְ עֲשָׂרָה אָמְרַתְּ ״מְעָרְבִין שְׁנַיִם
eruvin_9,32,32,6,2,1,Eruvin 9b,3,5,3,"וּלְרִבֵּן שִׁמְעוֹן בֶּן גַּמְלִיאֵל, לֶהֱוֵי כְּנִרְאֶה מִבַּחוּץ וְשָׁוֶה מִבִּפְנִים!"
eruvin_9,32,32,6,2,2,Eruvin 9b,12,13,2,וְכִי תֵּימָא דְּמַפְלְגִי טוּבָא? וְהָא תָּנֵי רַב אַדָּא בַּר אֲבִימִי קַמֵּיהּ דְּרַבִּי חֲנִינָא
eruvin_93,31,29,6,2,1,Eruvin 93a,3,4,2,אֲמַר לֵיהּ רַבָּה בַּר רַב חָנָן לְאַבָּיֵי: וְלֹא מָצִינוּ מְחִיצָה לְאִיסּוּר? וְהָתַנְיָא: בַּיִ
eruvin_93,31,29,6,2,2,Eruvin 93b,6,8,3,אָמַר רַבָּה בְּרֵיהּ דְּרָבָא: כְּגוֹן שֶׁנִּפְרְצָה הַתַּחְתּוֹנָה בִּמְלוֹאָהּ לָעֶלְיוֹנָה.
gittin_30,33,26,6,1,1,Gittin 30a,20,1,2,מַאי בֵּינַיְיהוּ?
gittin_52,41,36,6,1,1,Gittin 52b,1,4,4,דְּאָתוּ לְמֵימַר לְהוּ: נִשְׂרְפוּ חִיטֵּיכֶם בַּעֲלִיָּיה.
gittin_66,32,10,6,1,1,Gittin 66b,6,10,5,מַאי ״הַדָּבָר צָרִיךְ תַּלְמוּד״? אִילֵּימָא מִשּׁוּם דְּהָווּ לְהוּ מִילֵּי; וּמְסַפְּקָא לֵיהּ מִ
gittin_74,40,32,6,2,1,Gittin 74a,15,16,2,וְאִי אַשְׁמְעִינַן גַּבֵּי קִידּוּשִׁין; בְּהָא קָאָמַר רַב יְהוּדָה ״לִכְשֶׁיִּתֵּן״ – מִשּׁוּם דּ
gittin_74,40,32,6,2,2,Gittin 74b,2,5,4,"וּלְרַב יְהוּדָה – דְּאָמַר: בְּ״עַל מְנָת״ פְּלִיגִי, אַדְּמִיפַּלְגִי בְּ״מֵהַיּוֹם וּלְאַחַר מִית"
gittin_87,36,30,6,1,1,Gittin 87a,21,4,6,"וְלִיתַּכְשַׁר הַאי בִּ״רְאוּבֵן בֶּן״, וְלִיתַּכְשַׁר הַאי בְּ״יַעֲקֹב עֵד״, דְּהָא תְּנַן: ״אִישׁ "
horayot_5,35,34,6,3,1,Horayot 5a,8,9,2,רַבִּי שִׁמְעוֹן בֶּן אֶלְעָזָר אוֹמֵר מִשְּׁמוֹ: חָטְאוּ שִׁשָּׁה שְׁבָטִים וְהֵם רוּבּוֹ שֶׁל קָהָ
horayot_5,35,34,6,3,2,Horayot 5a,16,17,2,"וְרַבִּי מֵאִיר, ״קָהָל״ ״הַקָּהָל״ לָא דָּרֵישׁ, הִלְכָּךְ תְּרֵי קְהָלֵי כְּתִיבִי. מִיבְּעֵי לֵיה"
horayot_5,35,34,6,3,3,Horayot 5b,6,7,2,"וְתַנָּא קַמָּא מַנִּי? אִי נֵימָא רַבִּי מֵאִיר, הָא רוּבָּא בָּעֵי! אֶלָּא לָאו רַבִּי יְהוּדָה, ו"
hullin_105,36,34,6,1,1,Hullin 105a,4,5,2,"גּוּפָא, אָמַר רַבִּי זֵירָא: אֵין קִינּוּחַ הַפֶּה אֶלָּא בְּפַת. וְהָנֵי מִילֵּי בִּדְחִיטֵּי, אֲב"
hullin_124,51,50,6,1,1,Hullin 124b,7,8,2,"וּמִדְּרַבִּי דּוֹסָא בֶּן הַרְכִּינָס כְּרַבִּי יִשְׁמָעֵאל, רַבָּנַן כְּרַבִּי עֲקִיבָא? וְהָא רַב"
hullin_127,41,34,6,2,1,Hullin 127a,3,4,2,"וְדִין הוּא: טִימֵּא בְּחוּלְדָּה וְטִימֵּא בְּעַכְבָּר, מָה חוּלְדָּה – כֹּל שֶׁשְּׁמָהּ חוּלְדָּה,"
hullin_127,41,34,6,2,2,Hullin 127b,3,4,2,"גְּמָ׳ טוּמְאַת אֳכָלִין – אִין, טוּמְאַת נְבֵלָה – לָא."
hullin_134,44,43,6,1,1,Hullin 134b,7,10,4,"לְהַפְשִׁיט אֶת הָרֹאשׁ – לֹא יַפְשִׁיט אֶת הַלֶּחִי, וְאִם אֵין שָׁם כֹּהֵן – מַעֲלִין אוֹתָן בְּדָ"
hullin_58,32,25,6,2,1,Hullin 58a,6,8,3,"וְלִיפַּלְגוּ לְהֶדְיוֹט, לְהוֹדִיעֲךָ כֹּחוֹ דְּרַבִּי אֱלִיעֶזֶר, דַּאֲפִילּוּ לְהֶדְיוֹט נָמֵי אָ"
hullin_58,32,25,6,2,2,Hullin 58b,6,7,2,"הָהִיא גּוּבְתָּא דַּהֲוָה נָפְקָא מִבֵּי כָסֵי לְהוּבְלִילָא, סָבַר רַב אָשֵׁי לְמִיטְרְפַהּ. אֲמַר"
hullin_77,32,28,6,2,1,Hullin 77b,3,5,3,"טוּמְאַת נְבֵילוֹת נָמֵי תְּנֵינָא: ״בְּנִבְלָתָהּ״ – וְלֹא בָּעוֹר, וְלֹא בְּעַצְמוֹתָיו, וְלֹא בַּ"
hullin_77,32,28,6,2,2,Hullin 77b,14,15,2,וּבַמּוּקְדָּשִׁין תִּקָּבֵר. מַאי טַעְמָא? רוּבָּא בַּר מִיקְדָּשׁ הוּא.
hullin_79,31,27,6,1,1,Hullin 79b,12,14,3,"לְעוֹלָם בִּצְבִי הַבָּא עַל הַתְּיָישָׁה, וְרַבָּנַן סַפּוֹקֵי מְסַפְּקָא לְהוּ אִי חוֹשְׁשִׁין לְז"
keritot_16,36,25,6,2,1,Keritot 16a,18,19,2,"וּזְדוֹן שַׁבָּת וְשִׁגְגַת מְלָאכוֹת הוּא דְּבָעֵי מִינֵּיהּ, אִי כְּגוּפִין דָּמְיָין אִי לָא,"
keritot_16,36,25,6,2,2,Keritot 16b,1,2,2,מִסְתַּבְּרָא שִׁגְגַת שַׁבָּת וּזְדוֹן מְלָאכוֹת פְּשִׁיטָא לֵיהּ דְּיָמִים שֶׁבֵּינְתַיִים הָוַיִי
keritot_7,51,31,6,1,1,Keritot 7a,13,17,5,"לֹא, אִם אָמַרְתָּ בְּחַטָּאת וְאָשָׁם, שֶׁאֵין מְכַפְּרִין עַל הַמֵּזִיד כַּשּׁוֹגֵג, תֹּאמַר בְּיו"
ketubot_10,28,27,6,2,1,Ketubot 10b,5,6,2,מַאי ״דּוֹרְקְטִי״ — דּוֹר קָטוּעַ. אָמַר רַבִּי חֲנִינָא: תַּנְחוּמִים שֶׁל הֶבֶל נִיחֲמוֹ רַבָּן ג
ketubot_10,28,27,6,2,2,Ketubot 10b,11,12,2,"וְאָמַר רַב חָנָא בַּגְדָּתָאָה: ״מָטָר״ — מַשְׁקֶה, מַרְוֶה, וּמְזַבֵּל, וּמְעַדֵּן, וּמַמְשִׁיךְ. "
ketubot_29,16,16,6,2,1,Ketubot 29b,2,3,2,"וְהָנֵי בְּנֵי קְנָסָא נִינְהוּ? וְאַמַּאי? אִיקְּרִי כָּאן: ״וְלוֹ תִּהְיֶה לְאִשָּׁה״, אִשָּׁה הָר"
ketubot_29,16,16,6,2,2,Ketubot 29b,5,7,3,וְרֵישׁ לָקִישׁ מַאי טַעְמָא לָא אָמַר כְּרַב פָּפָּא? הָהוּא מִיבְּעֵי לֵיהּ לִגְזֵירָה שָׁוָה. דְּ
ketubot_40,22,15,6,2,1,Ketubot 40b,6,7,2,"וְכִי תֵּימָא נֵילַף מִינֵּיהּ, מָמוֹנָא מֵאִיסּוּרָא לָא יָלְפִינַן. וְכִי תֵּימָא נֵילַף מִקְּנָסָ"
ketubot_40,22,15,6,2,2,Ketubot 40b,10,11,2,"גְּמָ׳ אָמַר רַב יְהוּדָה אָמַר רַב: זוֹ דִּבְרֵי רַבִּי מֵאִיר, אֲבָל חֲכָמִים אוֹמְרִים: יֵשׁ לָהּ"
ketubot_51b,34,27,6,1,1,Ketubot 51a,9,10,2,"לֹא כָּתַב לָהּ: ״אִם תִּשְׁתְּבַאי, אֶפְרְקִינִּךְ וְאוֹתְבִינִּךְ לִי לְאִינְתּוּ״, וּבְכֹהֶנֶת: ״"
ketubot_59,29,25,6,1,1,Ketubot 59a,7,8,2,וּמִי אָמַר שְׁמוּאֵל הָכִי? וְהָתְנַן: ״קֻוֽנָּם שֶׁאֲנִי עוֹשָׂה לְפִיךָ״ — אֵינוֹ צָרִיךְ לְהָפֵר
kiddushin_10,25,25,6,1,1,Kiddushin 10a,4,6,3,אִיבַּעְיָא לְהוּ: תְּחִילַּת בִּיאָה קוֹנָה אוֹ סוֹף בִּיאָה קוֹנָה? נָפְקָא מִינַּהּ כְּגוֹן שֶׁהֶ
kiddushin_11,20,20,6,1,1,Kiddushin 11b,2,5,4,"הָתָם דּוּמְיָא דְּכֵלִים, מָה כֵּלִים שְׁנַיִם – אַף כֶּסֶף שְׁנַיִם, וּמָה כֶּסֶף דָּבָר חָשׁוּב –"
kiddushin_16,39,24,6,1,1,Kiddushin 16a,8,12,5,"וְרַב הוּנָא, הַאי ״לֹא תֵצֵא כְּצֵאת הָעֲבָדִים״ מַאי דָּרֵישׁ בֵּיהּ? הָהוּא מִיבְּעֵי לֵיהּ: שֶׁא"
kiddushin_19,32,21,6,1,1,Kiddushin 19a,13,1,4,"אָמַר רָבָא אָמַר רַב נַחְמָן: אוֹמֵר אָדָם לְבִתּוֹ קְטַנָּה ״צְאִי וְקַבְּלִי קִידּוּשַׁיִךְ״, מִד"
kiddushin_50,33,29,6,2,1,Kiddushin 50a,17,18,2,עַל מְנָת שֶׁאֵין עָלֶיהָ מוּמִין וְנִמְצְאוּ בָּהּ מוּמִין – אֵינָהּ מְקוּדֶּשֶׁת. כְּנָסָהּ סְתָם 
kiddushin_50,33,29,6,2,2,Kiddushin 50b,6,7,2,"וְאַבָּיֵי: ״לָא מִיבַּעְיָא״ קָאָמַר. לָא מִיבַּעְיָא בְּעָלְמָא, דְּלָא נְחֵית לְתוֹרַת קִידּוּשִׁ"
kiddushin_53,24,24,6,1,1,Kiddushin 53b,5,8,4,"בְּעָא מִינֵּיהּ רָבָא מֵרַב חִסְדָּא: אִשָּׁה אֵין מִתְקַדֶּשֶׁת, מָעוֹת מַהוּ שֶׁיֵּצְאוּ לְחוּלִּ"
kiddushin_67b,28,11,6,1,1,Kiddushin 67b,12,15,4,"וְאֵימָא: אִידֵּי וְאִידֵּי בַּאֲחוֹת אִשָּׁה, הָא – לְכַתְּחִילָּה, הָא – דִיעֲבַד! אִין הָכִי נָמֵ"
kiddushin_68,23,22,6,2,1,Kiddushin 68a,10,13,4,"וְרַבָּנַן, אַדְּמוֹקֵי לַהּ בְּחַיָּיבֵי לָאוִין, נוֹקְמַהּ בְּחַיָּיבֵי עֲשֵׂה!"
kiddushin_68,23,22,6,2,2,Kiddushin 68b,4,5,2,אָמַר רָבִינָא: שְׁמַע מִינַּהּ: בֶּן בִּתְּךָ הַבָּא מִן הַנׇּכְרִי – קָרוּי בִּנְךָ. נֵימָא קָסָבַ
kiddushin_69,32,23,6,1,1,Kiddushin 69a,8,11,4,רַבִּי אֱלִיעֶזֶר אוֹמֵר: הֲרֵי זֶה עֶבֶד מַמְזֵר. אָמַר רַבִּי אֶלְעָזָר: מַאי טַעְמֵיהּ דְּרַבִּי 
kiddushin_7,30,30,6,3,1,Kiddushin 7a,4,5,2,"מִי דָּמֵי? עָרֵב, הַאי דְּקָא קָנֵי לֵיהּ קָא חָסַר מָמוֹנָא, הַאי גַּבְרָא קָא קָנֵי לַהּ לְהַאי א"
kiddushin_7,30,30,6,3,2,Kiddushin 7b,1,2,2,"שְׁמַע מִינַּהּ בַּעֲלֵי חַיִּים נִדְחִים,"
kiddushin_7,30,30,6,3,3,Kiddushin 7b,7,8,2,בָּעֵי רָבָא: ״שְׁתֵּי בְנוֹתֶיךָ לִשְׁנֵי בָנַי בִּפְרוּטָה״ מַהוּ? בָּתַר נוֹתֵן וּמְקַבֵּל אָזְלִ
makkot_24,38,38,6,1,1,Makkot 24a,18,19,2,"״הֹלֵךְ צְדָקוֹת״ – זֶה אַבְרָהָם אָבִינוּ, דִּכְתִיב ״כִּי יְדַעְתִּיו לְמַעַן אֲשֶׁר יְצַוֶּה וְגו"
makkot_8,34,24,6,1,1,Makkot 8a,16,2,4,"אֲמַר לֵיהּ רַב אַדָּא בַּר אַהֲבָה לְרָבָא: כֹּל הֵיכָא דִּכְתִיב ״אֲשֶׁר״, דְּאִי בָּעֵי הוּא? אֶל"
megillah_11,38,30,6,2,1,Megillah 11a,16,17,2,וּשְׁמוּאֵל אָמַר: שֶׁהוּשְׁחֲרוּ פְּנֵיהֶם שֶׁל יִשְׂרָאֵל בְּיָמָיו כְּשׁוּלֵי קְדֵרָה. וְרַבִּי י
megillah_11,38,30,6,2,2,Megillah 11b,10,11,2,תַּמְנֵי וּתְלָתִין וּשְׁבַע — הֲרֵי אַרְבְּעִין וַחֲמֵשׁ דִּנְבוּכַדְנֶצַּר. וְעֶשְׂרִין וּתְלָת דּ
menachot_15,32,32,6,1,1,Menachot 15b,4,8,5,"לְאִיפַּגּוֹלֵי כְּבָשִׂים לָא קָא מִיבַּעְיָא לִי, הַשְׁתָּא כּוּלּוֹ מִלֶּחֶם לָא מִפַּגְּלִי, מֵה"
menachot_24,33,33,6,1,1,Menachot 24a,7,9,3,"כִּי יָכוֹל לִקְמוֹץ מִיהָא כְּשֵׁירוֹת, אַמַּאי? הָךְ דִּמְעָרַב הָא לָא נָגַע!"
menachot_30,35,30,6,1,1,Menachot 30b,11,13,3,"אֶלָּא אַהָא: בָּרִאשׁוֹנָה הָיוּ אוֹמְרִים הַיּוֹצֵא בְּקוֹלָר וְאָמַר ״כִּתְבוּ גֵּט לְאִשְׁתִּי״,"
menachot_38,23,21,6,2,1,Menachot 38b,1,2,2,אִילֵּימָא חִיסֵּר מִצְוָה דְּלָבָן וְקִיֵּים מִצְוָה דִּתְכֵלֶת – לְרַבִּי עַכּוֹבֵי מְעַכֵּב אַהֲד
menachot_38,23,21,6,2,2,Menachot 38b,8,9,2,"אֲמַר לֵיהּ רָמֵי בַּר חָמָא: לֹא נִצְרְכָא אֶלָּא לְטַלִּית שֶׁכּוּלָּהּ תְּכֵלֶת, דְּמִצְוָה לְאַק"
menachot_43,40,35,6,1,1,Menachot 43b,1,4,4,הַאי ״אֲשֶׁר תְּכַסֶּה בָּהּ״ מַאי עָבְדִי לֵיהּ? מִיבְּעֵי לְהוּ לְכִדְתַנְיָא: ״עַל אַרְבַּע כַּנְ
menachot_48,35,25,6,2,1,Menachot 48a,17,18,2,וְאַמַּאי? לֵימָא: ״עֲמוֹד חֲטָא בִּשְׁבִיל שֶׁתִּזְכֶּה״!
menachot_48,35,25,6,2,2,Menachot 48b,9,10,2,"הַאי תַּנָּא, תַּנָּא דְּבֵי לֵוִי הוּא."
menachot_5,42,31,6,1,1,Menachot 5b,9,11,3,"מָה לְחֵלֶב וָדָם, שֶׁכֵּן בָּאִין מִכְּלַל הֶיתֵּר, תֹּאמַר בִּטְרֵיפָה שֶׁכּוּלָּהּ אֲסוּרָה, וְלֹ"
moed_katan_14,38,34,6,1,1,Moed Katan 14b,5,7,3,"אָמַר רַב פִּנְחָס, אַף אֲנַן נָמֵי תְּנֵינָא: כׇּל אֵלּוּ שֶׁאָמְרוּ מוּתָּר לְגַלֵּחַ בַּמּוֹעֵד —"
nedarim_11,15,14,6,1,1,Nedarim 11a,3,5,3,"אֶלָּא רַבִּי יְהוּדָה הִיא. אֵימָא סֵיפָא, רַבִּי יְהוּדָה אוֹמֵר: הָאוֹמֵר ״יְרוּשָׁלַיִם״ — לֹא א"
nedarim_67,14,14,6,2,1,Nedarim 67a,6,1,2,"אִי מִשּׁוּם נְשׂוּאָה, קְרָא אַחֲרִינָא כְּתִיב: ״וְאִם בֵּית אִישָׁהּ נָדָרָה״. אֵימָא תַּרְוַיְיה"
nedarim_67,14,14,6,2,2,Nedarim 67b,5,6,2,"אִם כֵּן, ״בֵּית אִישָׁהּ נָדָרָה״ לְמַאי כְּתִב? קַל וָחוֹמֶר: וּמָה בִּמְקוֹם אָב אָרוּס מֵיפֵר לְ"
niddah_50,32,30,6,1,1,Niddah 50a,8,11,4,"מַתְנִי' כֹּל שֶׁחַיָּיב בַּמַּעַשְׂרוֹת — מִטַּמֵּא טוּמְאַת אֳוכָלִין, וְיֵשׁ שֶׁמִּטַּמֵּא טוּמְא"
pesachim_69,30,23,6,2,1,Pesachim 69a,4,5,2,"אִי הָכִי — מִשְׁחָט נָמֵי לָא נִשְׁחֹט, שֶׁמָּא יִמָּצֵא זֶבַח פָּסוּל, וְנִמְצָא מְחַלֵּל אֶת הַשּ"
pesachim_69,30,23,6,2,2,Pesachim 69b,2,4,3,"עֲרֵילוּת, דְּאִי כּוּלֵּיהּ צִיבּוּר עֲרֵלִים נִינְהוּ, אָמְרִינַן לְהוּ: קוּמוּ מְהוּלוּ נַפְשַׁיְ"
pesachim_7,35,28,6,1,1,Pesachim 7a,3,4,2,וּלְבָתַר אִיסּוּרָא לָא מָצֵי מְבַטֵּיל לֵיהּ? וְהָא תַּנְיָא: הָיָה יוֹשֵׁב בְּבֵית הַמִּדְרָשׁ וְ
sanhedrin_102,38,32,6,1,1,Sanhedrin 102a,10,13,4,״לָכֵן תִּתְּנִי שִׁלּוּחִים עַל מוֹרֶשֶׁת גַּת בָּתֵּי אַכְזִיב לְאַכְזָב לְמַלְכֵי יִשְׂרָאֵל״. אָ
sanhedrin_107,37,29,6,2,1,Sanhedrin 107a,11,12,2,"וְלֹא עוֹד, אֶלָּא בְּשָׁעָה שֶׁהֵם עוֹסְקִין בְּאַרְבַּע מִיתוֹת בֵּית דִּין, פּוֹסְקִין מִמִּשְׁנָ"
sanhedrin_107,37,29,6,2,2,Sanhedrin 107b,6,7,2,"מַאי עֲבַד? אִיכָּא דְּאָמְרִי: אֶבֶן שׁוֹאֶבֶת תָּלָה לְחַטַּאת יָרׇבְעָם, וְהֶעֱמִידָהּ בֵּין שָׁמ"
sanhedrin_11,24,23,6,1,1,Sanhedrin 11b,5,9,5,"תָּנוּ רַבָּנַן: עַל שְׁלֹשָׁה דְּבָרִים מְעַבְּרִין אֶת הַשָּׁנָה – עַל הָאָבִיב, וְעַל פֵּירוֹת הָ"
sanhedrin_36,28,24,6,2,1,Sanhedrin 36a,16,1,2,"אָמַר רַב: שׁוֹנֶה אָדָם לְתַלְמִידוֹ, וְדָן עִמּוֹ בְּדִינֵי נְפָשׁוֹת. מֵיתִיבִי: הַטְּהָרוֹת וְהַ"
sanhedrin_36,28,24,6,2,2,Sanhedrin 36b,9,10,2,וְאֵין הַכֹּל כְּשֵׁרִין לָדוּן דִּינֵי נְפָשׁוֹת. מַאי טַעְמָא? דְּתָנֵי רַב יוֹסֵף: כְּשֵׁם שֶׁבֵּ
sanhedrin_42,36,35,6,1,1,Sanhedrin 42b,12,14,3,"אַדְּרַבָּה, מִשְּׁחוּטֵי חוּץ הֲוָה לֵיהּ לְמֵילַף,"
sanhedrin_75,38,36,6,2,1,Sanhedrin 75a,13,14,2,"יֵשׁ בִּכְלַל אִשָּׁה וּבִתָּהּ: חֲמוֹתוֹ, וְאֵם חֲמוֹתוֹ, וְאֵם חָמִיו. לְאַבָּיֵי, אַיְּידֵי דְּקָ"
sanhedrin_75,38,36,6,2,2,Sanhedrin 75a,18,20,3,"מִנַּיִן לַעֲשׂוֹת לְמַטָּה כִּלְמַעְלָה? נֶאֱמַר כָּאן ״זִמָּה״, וְנֶאֱמַר לְהַלָּן ״זִמָּה״. מָה ל"
sanhedrin_76,44,32,6,2,1,Sanhedrin 76a,8,9,2,"לְמַאן דְּאָמַר: סְקִילָה חֲמוּרָה, אִיכָּא לְמִיפְרַךְ: מָה לְהוּא – שֶׁכֵּן אִמּוֹ בִּסְקִילָה, תּ"
sanhedrin_76,44,32,6,2,2,Sanhedrin 76a,12,13,2,"לְמַאן דְּאָמַר סְקִילָה חֲמוּרָה, אִיכָּא לְמִיפְרַךְ: מָה לְהוּא – שֶׁכֵּן אִמּוֹ בִּסְקִילָה, תֹּ"
sanhedrin_95,32,29,6,1,1,Sanhedrin 95a,9,10,2,הָהוּא יוֹמָא אַפַּנְיָא דְּמַעֲלֵי שַׁבְּתָא הֲוָה. אֲבִישַׁי בֶּן צְרוּיָה הֲוָה קָא חָיֵיף רֵישֵׁ
shabbat_14,16,15,6,3,1,Shabbat 14a,3,4,2,שׁוֹתֶה מַשְׁקִין טְמֵאִין — מַאי טַעְמָא גְּזַרוּ בֵּיהּ רַבָּנַן טוּמְאָה? דְּזִימְנִין דְּשָׁתֵי 
shabbat_14,16,15,6,3,2,Shabbat 14a,6,7,2,וְטָהוֹר שֶׁנָּפְלוּ עַל רֹאשׁוֹ וְרוּבּוֹ שְׁלֹשָׁה לוּגִּין מַיִם שְׁאוּבִין — מַאי טַעְמָא גְּזַר
shabbat_14,16,15,6,3,3,Shabbat 14b,2,3,2,"וּטְבוּל יוֹם — טְבוּל יוֹם דְּאוֹרָיְיתָא הוּא, דִּכְתִיב: ״וּבָא הַשֶּׁמֶשׁ וְטָהֵר״! סְמִי מִכָּא"
shabbat_156,24,20,6,1,1,Shabbat 156a,13,1,3,"וְאַף רַב סָבַר אֵין מַזָּל לְיִשְׂרָאֵל, דְּאָמַר רַב יְהוּדָה אָמַר רַב: מִנַּיִין שֶׁאֵין מַזָּל "
shabbat_21,25,21,6,1,1,Shabbat 21b,1,2,2,"אֵין זָקוּק לָהּ, וּמוּתָּר לְהִשְׁתַּמֵּשׁ לְאוֹרָהּ. אָמַר רַבִּי זֵירָא אָמַר רַב מַתְנָה, וְאָמְ"
shabbat_50,37,35,6,2,1,Shabbat 50a,7,8,2,"בִּשְׁלָמָא רַב הוּא דְּאָמַר כְּתַנָּא קַמָּא, וּשְׁמוּאֵל נָמֵי הוּא דְּאָמַר כְּרַבָּן שִׁמְעוֹן "
shabbat_50,37,35,6,2,2,Shabbat 50b,7,8,2,בְּעוֹ מִינֵּיהּ מֵרַב שֵׁשֶׁת: מַהוּ לִפְצוֹעַ זֵיתִים בְּשַׁבָּת? אֲמַר לְהוּ וְכִי בְּחוֹל מִי הִ
shabbat_62,44,38,6,2,1,Shabbat 62a,9,11,3,גְּמָ׳ אָמַר עוּלָּא וְחִילּוּפֵיהֶן בְּאִישׁ. אַלְמָא קָסָבַר עוּלָּא: כָּל מִידֵּי דַּחֲזֵי לְאִיש
shabbat_62,44,38,6,2,2,Shabbat 62b,10,12,3,״הַשֹּׁכְבִים עַל מִטּוֹת שֵׁן וּסְרֻחִים עַל עַרְשׂוֹתָם״. אָמַר רַבִּי יוֹסֵי בְּרַבִּי חֲנִינָא: 
shevuot_21,31,24,6,2,1,Shevuot 21a,12,14,3,"אֵיתִיבֵיהּ רַבִּי יִרְמְיָה לְרַבִּי אֲבָהוּ: ״שְׁבוּעָה שֶׁלֹּא אוֹכַל כִּכָּר זוֹ״, ״שְׁבוּעָה שׁ"
shevuot_21,31,24,6,2,2,Shevuot 21b,6,8,3,"וּבְדִין הוּא דְּבָעֵי אִיפְּלוֹגֵי בְּעָלְמָא, וְהַאי דְּקָא מִיפַּלְגִי הָכָא – לְהוֹדִיעֲךָ כּוֹח"
shevuot_7,31,31,6,2,1,Shevuot 7a,2,4,3,אָמַר קְרָא: ״בָּהּ״; ״בָּהּ״ – לְמַעוֹטֵי תְּרוּמָה.
shevuot_7,31,31,6,2,2,Shevuot 7a,8,9,2,הָא מִיעֵט רַחֲמָנָא ״בָּהּ״. אֵימָא ״בָּהּ״ – לְמַעוֹטֵי מִקְדָּשׁ! מִסְתַּבְּרָא מִקְדָּשׁ לָא מְמ
sotah_26,33,32,6,2,1,Sotah 26b,1,2,2,מַהוּ דְּתֵימָא: ״נִטְמָאָה״ ״נִטְמָאָה״ שְׁנֵי פְּעָמִים: אֶחָד לַבַּעַל וְאֶחָד לַבּוֹעֵל. הֵיכָא 
sotah_26,33,32,6,2,2,Sotah 26b,5,6,2,וְאֶלָּא לְמַעוֹטֵי נׇכְרִי? וְהָאָמַר רַב הַמְנוּנָא: נׇכְרִי מְקַנִּין עַל יָדוֹ וּפוֹסֵל בִּתְרוּ
sotah_45,46,33,6,1,1,Sotah 45a,17,19,3,"אֲמַר לֵיהּ רַב כָּהֲנָא לְרַב פַּפֵּי, וְאָמְרִי לָהּ רַב כָּהֲנָא לְרַב זְבִיד: תִּפְשׁוֹט לֵיהּ מ"
taanit_4,34,33,6,1,1,Taanit 4a,16,2,3,וְאִיכָּא דְאָמְרִי: לֵימָא
tamid_33,26,13,6,2,1,Tamid 33a,7,8,2,הֲדַרַן עֲלָךְ אָמַר לָהֶם הַמְמוּנֶּה
tamid_33,26,13,6,2,2,Tamid 33a,10,11,2,"**ב** מִי שֶׁזָּכָה בַּמַּחְתָּה, צָבַר אֶת הַגֶּחָלִים עַל גַּבֵּי הַמִּזְבֵּחַ, וְרִדְדָּן בְּשׁוּ"
temurah_21,37,34,6,1,1,Temurah 21a,22,1,2,"כֵּיוָן דְּאִי אִיתֵיהּ לְדָם (לא) [לָאו] בַּר זְרִיקָה הוּא, אָתֵי בָּשָׂר יָלֵיף מִדָּם,"
yevamot_103,36,26,6,2,1,Yevamot 103a,9,10,2,"וְאָמַר אַמֵּימָר: הַאי מַאן דִּמְסַגֵּי עַל לִיחֲתָא דְּכַרְעֵיהּ, לָא חָלֵיץ. אֲמַר לֵיהּ רַב אָשׁ"
yevamot_103,36,26,6,2,2,Yevamot 103a,14,16,3,מִן הָאַרְכּוּבָּה וּלְמַעְלָה. מֵתִיב רַב כָּהֲנָא: ״וּבְשִׁלְיָתָהּ הַיּוֹצֵאת מִבֵּין רַגְלֶיהָ״!
yevamot_112b,36,18,6,2,1,Yevamot 112b,12,13,2,"שְׁנֵי אַחִין פִּקְחִין נְשׂוּאִין לִשְׁתֵּי אֲחָיוֹת, אַחַת חֵרֶשֶׁת וְאַחַת פִּקַּחַת. מֵת פִּקֵּח"
yevamot_112b,36,18,6,2,2,Yevamot 112b,15,17,3,"שְׁנֵי אַחִין, אֶחָד חֵרֵשׁ וְאֶחָד פִּקֵּחַ, נְשׂוּאִין לִשְׁתֵּי נׇכְרִיּוֹת פִּקְּחוֹת. מֵת חֵרֵש"
yevamot_115,23,23,6,1,1,Yevamot 115b,6,7,2,"אֲמַר לֵיהּ רָבִינָא לְרַב אָשֵׁי: וְלָא חָיְישִׁינַן שֶׁמָּא פִּינָּן? אֵימָא סֵיפָא, רַבִּי יוֹסֵי"
yevamot_15,32,24,6,2,1,Yevamot 15a,10,11,2,"הִכִּיר בָּהּ וְלֹא הִכִּיר בָּהּ, אִיכָּא בֵּינַיְיהוּ."
yevamot_15,32,24,6,2,2,Yevamot 15b,3,4,2,"בָּאתִי וְהוֹדַעְתִּי אֶת אַבָּא. אָמַר לִי: לֵךְ וֶאֱמוֹר לוֹ, חָבִית נְקוּבָה הָיְתָה אֶלָּא שֶׁסּ"
yevamot_18,28,14,6,1,1,Yevamot 18a,6,8,3,"אֵיתִיבֵיהּ אַבָּיֵי: שְׁנֵי אַחִין בְּעוֹלָם אֶחָד, וָמֵת אֶחָד מֵהֶן בְּלֹא וָלָד, וְעָמַד הַשֵּׁנ"
yevamot_25b,28,20,6,2,1,Yevamot 25a,12,13,2,"״מֵת״, ״הֲרַגְתִּיו״, ״הֲרַגְנוּהוּ״ — לֹא יִשָּׂא אֶת אִשְׁתּוֹ. הוּא נִיהוּ דְּלֹא יִשָּׂא אֶת אִש"
yevamot_25b,28,20,6,2,2,Yevamot 25b,11,12,2,"מֵיאֲנָה אוֹ שֶׁחָלְצָה וְכוּ׳. טַעְמָא דְּבֵית דִּין, הָא בִּתְרֵי — לָא,"
yevamot_3,30,13,6,2,1,Yevamot 3a,8,9,2,"וּמַאי אִירְיָא דִּתְנָא ״פּוֹטְרוֹת״? לִיתְנֵי ״אוֹסְרוֹת״! אִי תְּנָא ״אוֹסְרוֹת״, הֲוָה אָמֵינָא "
yevamot_3,30,13,6,2,2,Yevamot 3a,11,12,2,וּמַאי אִירְיָא דְּתָנֵי ״מִן הַחֲלִיצָה וּמִן הַיִּיבּוּם״? לִיתְנֵי ״מִן הַיִּיבּוּם״ לְחוֹדֵיהּ! 
yevamot_33,23,19,6,1,1,Yevamot 33a,4,9,6,"אֶלָּא, קָמִיפַּלְגִי בְּאִיסּוּר בְּבַת אַחַת, וְאַלִּיבָּא דְּרַבִּי יוֹסֵי. רַבִּי חִיָּיא סָבַר:"
yevamot_4,28,24,6,2,1,Yevamot 4a,5,7,3,"וּבְעָלְמָא מְנָלַן דְּלָא דָּרֵישׁ? דְּתַנְיָא: בֶּן עַזַּאי אוֹמֵר, נֶאֱמַר: ״מְכַשֵּׁפָה לֹא תְחַ"
yevamot_4,28,24,6,2,2,Yevamot 4b,1,2,2,"שְׁמַע מִינַּהּ לְאַפְנוֹיֵי. וְגַבֵּי צִיצִית נָמֵי, אִיבָּעֵית אֵימָא — מִשּׁוּם דְּמוֹכַח, וְאִיב"
yevamot_65,25,24,6,2,1,Yevamot 65b,6,9,4,וְאָמַר רַבִּי אִילְעָא מִשּׁוּם רַבִּי אֶלְעָזָר בְּרַבִּי שִׁמְעוֹן: כְּשֵׁם שֶׁמִּצְוָה עַל אָדָם
yevamot_65,25,24,6,2,2,Yevamot 65b,13,14,2,"מַאי הֲוָה עֲלַהּ? תָּא שְׁמַע, דְּאָמַר רַבִּי אַחָא בַּר חֲנִינָא אָמַר רַבִּי אֲבָהוּ אָמַר רַבִּ"
yevamot_95,31,29,6,1,1,Yevamot 95b,4,7,4,רַבִּי יוֹסֵי אוֹמֵר: כֹּל שֶׁפּוֹסֵל וְכוּ׳. מַאי קָאָמַר רַבִּי יוֹסֵי? אִילֵּימָא דְּקָאָמַר תַּנ
yoma_10,24,22,6,2,1,Yoma 10a,8,9,2,מַתְקֵיף לַהּ רַבָּה בַּר עוּלָּא: מַאי מַשְׁמַע דְּהַאי ״צְעִירֵי הַצֹּאן״ פָּרַס הוּא — דִּכְתִיב:
yoma_10,24,22,6,2,2,Yoma 10b,1,3,3,דִּילְמָא אָתֵי לְאַפְרוֹשֵׁי מִן הַחִיּוּב עַל הַפְּטוּר וּמִן הַפְּטוּר עַל הַחִיּוּב.
yoma_13,20,20,6,1,1,Yoma 13a,8,9,2,אֶלָּא דְּאָמַר לַהּ: הֲרֵי זֶה גִּיטֵּיךְ עַל מְנָת] שֶׁלֹּא תָּמוּתִי. אִי לָא מָיְתָה — מִיגָּרְש
yoma_6,24,21,6,2,1,Yoma 6a,5,6,2,הָכִי קָאָמַר: מִבֵּיתוֹ לָמָּה פֵּירַשׁ? תַּנְיָא: רַבִּי יְהוּדָה בֶּן בְּתִירָה אוֹמֵר: שֶׁמָּא ת
yoma_6,24,21,6,2,2,Yoma 6a,15,1,2,"טוּמְאָתָן?! בְּהֶדְיָא כְּתִיב בְּהוּ. הַאי טוּמְאַת שִׁבְעָה כְּתִיב בֵּיהּ, וְהַאי טוּמְאַת שִׁבְ"
zevachim_100,31,28,6,1,1,Zevachim 100a,9,11,3,מִמַּאי? דִּילְמָא לְעוֹלָם אֵימָא לְךָ: אִידֵּי וְאִידֵּי אַחַר חֲצוֹת; וְהָא רַבִּי יִשְׁמָעֵאל וְ
zevachim_104,38,17,6,1,1,Zevachim 104a,11,16,6,לְמִצְוָתָן לָא קָאָמְרִינַן.
zevachim_27,31,29,6,1,1,Zevachim 27b,9,13,5,אָמַר רַבִּי אֱלִיעֶזֶר: מִזְבֵּחַ הַפְּנִימִי מְקַדֵּשׁ פְּסוּלִין.
zevachim_30,32,32,6,1,1,Zevachim 30b,6,8,3,"אֲמַר לֵיהּ: הוּא אָמַר לָא פְּלִיגִי, וַאֲנָא אָמֵינָא פְּלִיגִי."
zevachim_41,27,27,6,1,1,Zevachim 41b,12,15,4,וְהָא מִדְּקָתָנֵי: לְפִיכָךְ אִם נָתַן כּוּלָּן כְּתִיקְנָן וְאַחַת שֶׁלֹּא כְּתִיקְנָן – פָּסוּל ו
zevachim_42,20,20,6,1,1,Zevachim 42a,8,4,5,אֶלָּא אָמַר רַב אָשֵׁי: הָכָא בְּמַאי עָסְקִינַן – כְּגוֹן שֶׁפִּיגֵּל בָּרִאשׁוֹנָה וּבַשְּׁנִיָּה
zevachim_43,26,24,6,2,1,Zevachim 43b,10,11,2,אָמַר מָר: רַבִּי אוֹמֵר: ״וְאָכַל״ – בְּטוּמְאַת הַגּוּף הַכָּתוּב מְדַבֵּר. מַאי מַשְׁמַע? אָמַר ר
zevachim_43,26,24,6,2,2,Zevachim 43b,13,14,2,"מַאי קַלּוֹת וּמַאי חֲמוּרוֹת? אִילֵימָא קַלּוֹת מַעֲשֵׂר, חֲמוּרוֹת תְּרוּמָה – הָיִיתִי אוֹמֵר בְּ"
zevachim_57,33,27,6,1,1,Zevachim 57a,20,21,2,"וּכְשֵׁם שֶׁלִּפְנַי וְלִפְנִים אַחַת לְמַעְלָה וְשֶׁבַע לְמַטָּה מִדַּם הַשָּׂעִיר, כָּךְ מַזֶּה בַ"
zevachim_6,31,28,6,2,1,Zevachim 6b,2,3,2,מִי לָא תְּנַן: ״וְהַנּוֹתָר בַּשֶּׁמֶן אֲשֶׁר עַל כַּף וְגוֹ׳ לְכַפֵּר עָלָיו לִפְנֵי ה׳״ – אִם נָת
zevachim_6,31,28,6,2,2,Zevachim 6b,5,6,2,"תָּא שְׁמַע, רַבִּי שִׁמְעוֹן אוֹמֵר: כִּבְשֵׂי עֲצֶרֶת לָמָה הֵן בָּאִין?"
zevachim_80,27,27,6,1,1,Zevachim 80a,2,5,4,"מַתַּן אַרְבַּע בְּמַתָּנָה אַחַת – רַבִּי אֱלִיעֶזֶר אוֹמֵר: יִנָּתְנוּ בְּמַתַּן אַרְבַּע, רַבִּי "
zevachim_89,42,35,6,2,1,Zevachim 89b,13,15,3,תָּא שְׁמַע: דַּם חַטָּאת קוֹדֵם לְדַם עוֹלָה. אֲבָל דַּם אָשָׁם – לָא.
zevachim_89,42,35,6,2,2,Zevachim 89b,18,19,2,"חַטָּאת קוֹדֶמֶת כּוּ׳. אַדְּרַבָּה – אָשָׁם קָדֵים, שֶׁכֵּן יֵשׁ לוֹ קִיצְּבָה! אֲפִילּוּ הָכִי, רִ"
Hullin_24,29,29,5,2,1,Chullin 24a,7,8,2,"מַתְנִי׳ כָּשֵׁר בַּכֹּהֲנִים פָּסוּל בַּלְוִיִּם, כָּשֵׁר בַּלְוִיִּם פָּסוּל בַּכֹּהֲנִים."
Hullin_24,29,29,5,2,2,Chullin 24b,10,11,2,"מַתְנִי׳ טָהוֹר בִּכְלִי חֶרֶשׂ – טָמֵא בְּכׇל הַכֵּלִים, טָהוֹר בְּכׇל הַכֵּלִים – טָמֵא בִּכְלִי ח"
arakhin_12,27,27,5,1,1,Arakhin 12a,16,1,2,"דְּאָמַר מָר: שָׁנָה רִאשׁוֹנָה כִּיבֵּשׁ נִינְוֵה,"
arakhin_18,33,33,5,1,1,Arakhin 18b,4,5,2,"אָמַר מָר: ״רֹאשׁוֹ״ — וְלָא רֹאשׁוֹ בַּכְּלָל, ״רַגְלָיו״ — וְלֹא רַגְלָיו בַּכְּלָל. מְנָלַן? אִיב"
arakhin_31,32,30,5,1,1,Arakhin 31b,2,4,3,מֵת הַמּוֹכֵר יִגְאַל בְּנוֹ. פְּשִׁיטָא! מַהוּ דְּתֵימָא: ״וְאִישׁ כִּי יִמְכֹּר בֵּית מוֹשַׁב״ אָמ
avodah_zarah_23,21,21,5,2,1,Avodah Zarah 23a,7,8,2,"מָר סָבַר חָיְישִׁינַן, וּמַר סָבַר לָא חָיְישִׁינַן! לָא סָלְקָא דַּעְתָּךְ, מִשּׁוּם נִיחָא פּוּרְ"
avodah_zarah_23,21,21,5,2,2,Avodah Zarah 23b,2,4,3,"וְאֶלָּא הָא דְּתַנְיָא: לוֹקְחִין מֵהֶן בְּהֵמָה לְקׇרְבָּן, מַנִּי? לָא רַבִּי אֱלִיעֶזֶר וְלָא רַ"
avodah_zarah_24,40,38,5,1,1,Avodah Zarah 24a,17,19,3,"רַב פָּפָּא מַתְנֵי הָכִי, וְרַב זְבִיד מַתְנֵי הָכִי, וְתַרְוַיְיהוּ אָמְרִי: וְכֵן הָיָה רַבִּי אֱ"
avodah_zarah_27,31,30,5,1,1,Avodah Zarah 27a,10,12,3,וּלְמַאן דְּאָמַר ״הִמּוֹל יִמּוֹל״ אִיכָּא? וְהָתְנַן: קוּנָּם שֶׁאֲנִי נֶהֱנֶה מִן הָעֲרֵלִים — מו
avodah_zarah_36,31,28,5,2,1,Avodah Zarah 36b,10,12,3,"אֲמַר לֵיהּ: דְּאוֹרָיְיתָא בְּפַרְהֶסְיָא, וּכְמַעֲשֶׂה שֶׁהָיָה, וַאֲתוֹ אִינְהוּ גְּזוּר אֲפִילּו"
avodah_zarah_36,31,28,5,2,2,Avodah Zarah 36b,15,16,2,יִיחוּד דְּבַת יִשְׂרָאֵל דְּאוֹרָיְיתָא הִיא! דְּאָמַר רַבִּי יוֹחָנָן מִשּׁוּם רַבִּי שִׁמְעוֹן בּ
avodah_zarah_4,38,32,5,1,1,Avodah Zarah 4a,12,13,2,"אֲתָא רַבִּי אֲבָהוּ אַשְׁכְּחִינְהוּ, אֲמַר לְהוּ: אַמַּאי מְצַעֲרִיתוּ לֵיהּ? אֲמַרוּ לֵיהּ: וְלָא"
avodah_zarah_42,41,35,5,1,1,Avodah Zarah 42b,7,10,4,"אֶלָּא אִי אָמְרַתְּ שֶׁשִּׁבְּרָה עֵצִים מִמֶּנּוּ, וְקִינְּתָהּ בָּהֶן, אַמַּאי לֹא מוֹעֲלִין? הָא"
avodah_zarah_43,38,35,5,1,1,Avodah Zarah 43b,5,7,3,אָמַר אַבָּיֵי: לֹא אָסְרָה תּוֹרָה אֶלָּא שַׁמָּשִׁין שֶׁבַּמָּדוֹר הָעֶלְיוֹן.
avodah_zarah_53,34,34,5,1,1,Avodah Zarah 53b,5,6,2,אִם עֲתִידִין לַחְזוֹר כְּמִלְחֶמֶת יְהוֹשֻׁעַ — אֵינָהּ בְּטֵילָה. מִידֵּי מִלְחֶמֶת יְהוֹשֻׁעַ מִי
avodah_zarah_55,19,13,5,2,1,Avodah Zarah 55a,8,9,2,"אֲמַר לֵיהּ רָבָא בַּר רַב יִצְחָק לְרַב יְהוּדָה: הָאִיכָּא בֵּית עֲבוֹדָה זָרָה בְּאַתְרִין, דְּכִ"
avodah_zarah_55,19,13,5,2,2,Avodah Zarah 55b,3,5,3,"גְּמָ׳ אָמַר רַב הוּנָא: יַיִן, כֵּיוָן שֶׁהִתְחִיל לְהִמָּשֵׁךְ, עוֹשֶׂה יֵין נֶסֶךְ. תְּנַן: לוֹקְ"
avodah_zarah_72,27,21,5,2,1,Avodah Zarah 72a,9,11,3,הָהוּא גַּבְרָא דַּאֲמַר לֵיהּ לְחַבְרֵיהּ: ״אִי מְזַבֵּינְנָא לַהּ לְהָא אַרְעָא — מְזַבֵּינְנָא לָ
avodah_zarah_72,27,21,5,2,2,Avodah Zarah 72a,16,1,2,"תְּנַן: נָטַל אֶת הַמַּשְׁפֵּךְ וּמָדַד לְתוֹךְ צְלוֹחִיתוֹ שֶׁל נׇכְרִי, וְחָזַר וּמָדַד לְתוֹךְ צְ"
bava_batra_106,15,15,5,1,1,Bava Batra 106b,2,4,3,"וְהָתְנַן: פָּחוֹת מִשְּׁתוּת – הִגִּיעוֹ, עַד שְׁתוּת – יְנַכֶּה! הָנֵי מִילֵּי הֵיכָא דְּלָא קִים "
bava_batra_112,17,17,5,1,1,Bava Batra 112a,13,14,2,"אֶלָּא אִי אָמְרַתְּ לָא אָמְרִינַן שֶׁכְּבָר הוּסַבָּה, כִּי מִינַּסְבָא לְאֶחָד מִמִּשְׁפַּחַת מַט"
bava_batra_139,31,31,5,1,1,Bava Batra 139a,11,13,3,נָשְׂאוּ גְּדוֹלִים יִשְּׂאוּ קְטַנִּים. מַאי קָאָמַר?
bava_batra_148,23,23,5,1,1,Bava Batra 148b,13,17,5,"אִיבַּעְיָא לְהוּ: הִקְדִּישׁ כָּל נְכָסָיו וְעָמַד, מַהוּ? מִי אָמְרִינַן: כֹּל לְגַבֵּי הֶקְדֵּשׁ "
bava_batra_51,20,18,5,1,1,Bava Batra 51b,1,3,3,"וּבַעַל אוֹכֵל פֵּירוֹת. בְּרַם, רַבִּי אַבָּא וְרַבִּי אֲבָהוּ וְכׇל גְּדוֹלֵי הַדּוֹר אָמְרוּ: בְּ"
bava_batra_52,19,19,5,1,1,Bava Batra 52a,2,4,3,"וְכוּלָּן שֶׁאָמְרוּ בִּשְׁעַת מִיתָתָן: ״שֶׁל פְּלוֹנִי הֵן״, יַעֲשֶׂה כְּפֵירוּשָׁן. וְאִם לָאו, י"
bava_batra_71,15,14,5,2,1,Bava Batra 71a,7,8,2,הַאי ״זֶה פֵּירֵשׁ וְזֶה לֹא פֵּירֵשׁ״?! זֶה לֹא פֵּירֵשׁ וְזֶה לֹא פֵּירֵשׁ הוּא! אֶלָּא זֶה הָיָה 
bava_batra_71,15,14,5,2,2,Bava Batra 71a,10,1,2,"הַמַּקְדִּישׁ אֶת הַשָּׂדֶה – הִקְדִּישׁ וְכוּ׳. אָמַר רַב הוּנָא, אַף עַל גַּב דַּאֲמוּר רַבָּנַן: "
bava_batra_73,22,19,5,1,1,Bava Batra 73a,4,5,2,גְּמָ׳ ״תּוֹרֶן״ – אִיסְקַרְיָא. וְכֵן הוּא אוֹמֵר: ״אֶרֶז מִלְּבָנוֹן לָקָחוּ לַעֲשׂוֹת תֹּרֶן עָלָ
bava_batra_89,27,22,5,1,1,Bava Batra 89a,16,3,4,וְאֶלָּא הָךְ קַמַּיְיתָא – דְּמַאי?
bava_batra_94,27,27,5,2,1,Bava Batra 94b,1,2,2,אֵימָא סֵיפָא – רַבִּי יוֹסֵי אוֹמֵר: יָבוֹר.
bava_batra_94,27,27,5,2,2,Bava Batra 94b,9,11,3,"הָכִי הַשְׁתָּא?! הָתָם מִשְּׁעַת כְּתִיבָה הוּא דַּעֲבַד לֵיהּ שׂוּמָא, הָכָא מִי יֵימַר דְּעָרוֹבֵ"
bava_kamma_17,37,37,5,1,1,Bava Kamma 17b,19,21,3,"תִּפְשׁוֹט לֵיהּ מִדְּרַבָּה – דְּאָמַר רַבָּה: זָרַק כְּלִי מֵרֹאשׁ הַגָּג, וּבָא אַחֵר וּשְׁבָרוֹ "
bava_kamma_24,30,30,5,2,1,Bava Kamma 24b,2,3,2,"אָמַר רַב אָשֵׁי: אַמְרִיתַהּ לִשְׁמַעְתָּא קַמֵּיהּ דְּרַב כָּהֲנָא, וַאֲמַר לִי: וּלְיַיעוֹדֵי תּו"
bava_kamma_24,30,30,5,2,2,Bava Kamma 24b,5,6,2,"אֶלָּא הֵיכִי מְיַיעֲדִי לֵיהּ? דְּאָמְרִי: תּוֹרָא נַגְּחָנָא אִית לָךְ בְּבַקְרָךְ, אִבְּעִי לָךְ "
bava_kamma_34,37,27,5,1,1,Bava Kamma 34a,9,11,3,"אִי כְּשֶׁפִּיטְּמוֹ, אֵימָא רֵישָׁא: שָׁבַח וְעָמַד עַל אַרְבַּע מֵאוֹת זוּז – נוֹתֵן לוֹ כִּשְׁעַת"
bava_kamma_36,31,21,5,1,1,Bava Kamma 36b,5,8,4,"וְכֵן כִּי אֲתָא רָבִין, אָמַר רַבִּי יוֹחָנָן: מִשּׁוּם פְּשִׁיעַת שׁוֹמְרִין נָגְעוּ בָּהּ."
bava_kamma_48,42,40,5,1,1,Bava Kamma 48a,2,3,2,"אָמְרִי: בִּרְשׁוּת – הָוְיָא לַהּ שֵׁן בִּרְשׁוּת הַנִּיזָּק, וְשֵׁן בִּרְשׁוּת הַנִּיזָּק חַיֶּיבֶ"
bava_kamma_50,42,39,5,1,1,Bava Kamma 50a,17,18,2,"מֵיתִיבִי: הַחוֹפֵר בּוֹר בִּרְשׁוּת הַיָּחִיד, וּפְתָחוֹ לִרְשׁוּת הָרַבִּים – חַיָּיב. בִּרְשׁוּת "
bava_kamma_82,35,34,5,2,1,Bava Kamma 82a,4,5,2,שֶׁיְּהוּ קוֹרְאִין בַּמִּנְחָה בַּשַּׁבָּת – מִשּׁוּם יוֹשְׁבֵי קְרָנוֹת.
bava_kamma_82,35,34,5,2,2,Bava Kamma 82b,14,16,3,וְאֵין מְגַדְּלִין בָּהּ תַּרְנְגוֹלִין – מִשּׁוּם קֳדָשִׁים.
bava_kamma_94,41,41,5,1,1,Bava Kamma 94b,11,12,2,"תָּא שְׁמַע: הַגַּזְלָנִים וּמַלְוֵי בְּרִבִּית, אַף עַל פִּי שֶׁגָּבוּ – מַחֲזִירִין."
bava_kamma_97,26,16,5,1,1,Bava Kamma 97a,2,4,3,הָכָא בְּמַאי עָסְקִינַן – שֶׁלֹּא בִּשְׁעַת מְלָאכָה. כִּי הָא דִּשְׁלַח לֵיהּ רַבִּי אַבָּא לְמָרֵ
bava_metzia_16,39,26,5,2,1,Bava Metzia 16a,3,5,3,אֶלָּא: אִיכָּא בֵּינַיְיהוּ דְּמִית גַּזְלָן. מַאן דְּאָמַר נִיחָא לֵיהּ לְאִינִישׁ דְּלָא לִקְרְיו
bava_metzia_16,39,26,5,2,2,Bava Metzia 16a,18,19,2,שַׁלְחוּהָ לְקַמֵּיהּ דְּרַבִּי אַבָּא בַּר זַבְדָּא. אֲמַר לְהוּ: זוֹ אֵינָהּ צְרִיכָה לִפְנִים. אָ
bava_metzia_4,34,28,5,2,1,Bava Metzia 4a,4,5,2,פִּיו יוֹכִיחַ. מָה לְפִיו שֶׁכֵּן אֵינוֹ בְּהַכְחָשָׁה – עֵד אֶחָד יוֹכִיחַ שֶׁיֶּשְׁנוֹ בְּהַכְחָש
bava_metzia_4,34,28,5,2,2,Bava Metzia 4a,9,10,2,"אֶלָּא פָּרֵיךְ הָכִי: מָה לְהַצַּד הַשָּׁוֶה שֶׁבָּהֶן – שֶׁכֵּן אֵינָן בְּתוֹרַת הֲזָמָה, תֹּאמַר "
bava_metzia_68,29,25,5,1,1,Bava Metzia 68b,8,10,3,וְתַנָּא קַמָּא: גִּיזָּה וְחָלָב לָא סָפֵק שְׂכַר עֲמָלוֹ וּמְזוֹנוֹ? בְּגִיזָּה וְחָלָב – כּוּלֵּי
bava_metzia_7,42,41,5,1,1,Bava Metzia 7b,1,4,4,"מַאי שְׁנָא לְיַד דַּיָּין? אָמַר רָבָא, הָכִי קָאָמַר: וְאַחֵר שֶׁמָּצָא שְׁטָר שֶׁנָּפַל לְיַד דַּ"
bava_metzia_93,41,37,5,1,1,Bava Metzia 93b,9,10,2,"אֲמַר לֵיהּ רַב פָּפָּא לְאַבָּיֵי: אִי הָכִי, מַאי אַהֲנִי לֵיהּ מִינַּהּ? נָפְקָא מִינַּהּ לְכוּשׁ"
bava_metzia_94,41,40,5,1,1,Bava Metzia 94b,10,11,2,"תִּדַּע, דְּהָא שׁוֹאֵל כׇּל הֲנָאָה שֶׁלּוֹ וְאֵינוֹ מְשַׁלֵּם אֶלָּא קֶרֶן."
bekhorot_13,40,40,5,1,1,Bekhorot 13a,11,12,2,"גְּמָ׳ מַאי אִירְיָא דְּתָנֵי עוּבַּר חֲמוֹרוֹ בְּרֵישָׁא, וַהֲדַר תָּנֵי עוּבַּר פָּרָתוֹ? לִיתְנֵי"
bekhorot_27,18,18,5,1,1,Bekhorot 27b,1,3,3,וְכִי הַזָּאָה יֵשׁ לָנוּ? אֲמַר לֵיהּ רָמֵי בַּר חָמָא: לָא לֵיחוּשׁ לֵיהּ לְסָבָא. אַדְּהָכִי אֲתָ
bekhorot_31,36,15,5,2,1,Bekhorot 31a,5,6,2,"רַב הוּנָא בַּר חִיָּיא אִיצְטְרִיכָא לֵיהּ שַׁעְתָּא, הֲוָה עָיֵיל גַּבֵּיהּ רַבָּה וְרַב יוֹסֵף וְ"
bekhorot_31,36,15,5,2,2,Bekhorot 31a,8,9,2,אָמַר מָר: כׇּל הַבְּכוֹרוֹת אָדָם רוֹאֶה חוּץ מִשֶּׁל עַצְמוֹ. בְּמַאי עָסְקִינַן? אִילֵימָא בְּחַד
bekhorot_43,40,31,5,1,1,Bekhorot 43a,19,21,3,"חֲדָא מֵחֲדָא לָא אָתְיָא, תֵּיתֵי חֲדָא מִתַּרְתֵּי? מֵהֵי תֵּיתֵי?! לָא לִכְתֹּב רַחֲמָנָא בִּבְכו"
bekhorot_6,46,43,5,1,1,Bekhorot 6b,12,14,3,"וּלְרַבִּי שִׁמְעוֹן, דְּשָׁרֵי בַּהֲנָאָה, מַשְׁכַּחַתְּ לַהּ לְמִילְקֵי עַל בִּישּׁוּלֵיהּ!"
berakhot_26b,36,15,5,1,1,Berakhot 26b,5,7,3,"תַּנְיָא כְּווֹתֵיהּ דְּרַבִּי יוֹסֵי בְּרַבִּי חֲנִינָא, וְתַנְיָא כְּווֹתֵיהּ דְּרַבִּי יְהוֹשֻׁעַ"
berakhot_31,55,29,5,1,1,Berakhot 31a,27,28,2,אָמַר רַב הַמְנוּנָא: כַּמָּה הִלְכְתָא גִּבָּרָווֹתָא אִיכָּא לְמִשְׁמַע מֵהָנֵי קְרָאֵי דְחַנָּה. 
chagigah_26b,29,22,5,1,1,Chagigah 26a,6,9,4,גְּמָ׳ וּרְמִינְהִי: הַגַּבָּאִין שֶׁנִּכְנְסוּ לְתוֹךְ הַבַּיִת — הַבַּיִת כּוּלּוֹ טָמֵא. לָא קַשׁ
chagigah_6,32,23,5,1,1,Chagigah 6a,11,13,3,"וּבֵית הִלֵּל, מַאי טַעְמָא לָא אָמְרִי כְּבֵית שַׁמַּאי? דְּקָא אָמְרַתְּ: רְאִיָּיה עֲדִיפָא — דְּ"
chagigah_7,27,27,5,1,1,Chagigah 7a,8,10,3,"וּמָה הֵן זְבָחִים — עוֹלוֹת. אַתָּה אוֹמֵר עוֹלוֹת, אוֹ אֵינוֹ אֶלָּא שְׁלָמִים? וְדִין הוּא: נֶאֶמ"
eruvin_100,53,53,5,1,1,Eruvin 100b,18,19,2,אָמַר רַבִּי שְׁמוּאֵל בַּר נַחְמָנִי אָמַר רַבִּי יוֹחָנָן: כׇּל אִשָּׁה שֶׁתּוֹבַעַת בַּעְלָהּ לִד
eruvin_32,26,22,5,1,1,Eruvin 32a,13,1,5,"וְרַב נַחְמָן, הָתָם כִּדְרַב חֲנִינָא חוֹזָאָה, דְּאָמַר רַב חֲנִינָא חוֹזָאָה: חֲזָקָה הוּא עַל חָ"
eruvin_45,49,42,5,2,1,Eruvin 45a,4,5,2,וְכׇל הַיּוֹצְאִין לְהַצִּיל חוֹזְרִין לִמְקוֹמָן. וַאֲפִילּוּ טוּבָא? וְהָא אָמְרַתְּ רֵישָׁא: ״אַל
eruvin_45,49,42,5,2,2,Eruvin 45a,8,9,2,וְתוּ לָא? וְהָא אָמְרַתְּ: כׇּל הַיּוֹצְאִין לְהַצִּיל חוֹזְרִין לִמְקוֹמָן — אֲפִילּוּ טוּבָא!
eruvin_5,26,24,5,1,1,Eruvin 5a,7,8,2,"וְאִם לָאו, פָּחוֹת מִשְּׁלֹשָׁה מַתִּיר. שְׁלֹשָׁה אֵינוֹ מַתִּיר. לְרַב יוֹסֵף אִית לֵיהּ דְּרַבִּ"
eruvin_60,32,32,5,1,1,Eruvin 60b,6,7,2,הַנּוֹתֵן עֵירוּבוֹ בְּתוֹךְ עִיבּוּרָהּ וְכוּ׳. חוּץ לַתְּחוּם סָלְקָא דַּעְתָּךְ? אֶלָּא אֵימָא: ח
eruvin_61,37,37,5,1,1,Eruvin 61a,4,7,4,"וְלָא?! וְהָתְנַן: וְלַמּוֹדֵד שֶׁאָמְרוּ נוֹתְנִין לוֹ אַלְפַּיִם אַמָּה, שֶׁאֲפִילּוּ סוֹף מִדָּתו"
eruvin_80,44,37,5,2,1,Eruvin 80a,6,7,2,"בִּשְׁלָמָא לִשְׁמוּאֵל — הָכָא תְּנַן, וְהָכָא לָא תְּנַן. אֶלָּא לְרַב מַאי טַעְמָא?"
eruvin_80,44,37,5,2,2,Eruvin 80a,24,25,2,"רָגִיל אִין, שֶׁאֵין רָגִיל לָא. שְׁמַע מִינַּהּ."
gittin_13,23,23,5,1,1,Gittin 13a,10,2,4,חָיְישִׁינַן שֶׁמָּא מָנֶה קָבוּר קָאָמַר.
gittin_41,30,27,5,1,1,Gittin 41b,6,7,2,"לֵימָא בְּהָא קָמִיפַּלְגִי – דְּמָר סָבַר: הֶקֵּישָׁא עֲדִיף, וּמָר סָבַר: גְּזֵרָה שָׁוָה עֲדִיפָא"
gittin_53,37,22,5,1,1,Gittin 53a,9,11,3,צְרִיכָא; דְּאִי אַשְׁמְעִינַן מְטַמֵּא – מִשּׁוּם דְּלָא קִים לֵיהּ בִּדְרַבָּה מִינֵּיהּ; אֲבָל מְ
gittin_64,31,23,5,2,1,Gittin 64a,7,8,2,מִידֵּי גַּבֵּי הֲדָדֵי תַּנְיָא?!
gittin_64,31,23,5,2,2,Gittin 64a,12,13,2,"אָמַר רַבָּה: וּמוֹדֶה רַב הוּנָא, דְּאִי אֲמַרָה אִיהִי: לְדִידִי אֲמַר לִי שָׁלִישׁ דִּלְגֵירוּשִׁ"
gittin_77,39,29,5,2,1,Gittin 77a,4,5,2,"״כִּתְבוּ וּתְנוּ גֵּט לְאִשְׁתִּי, אִם לֹא בָּאתִי מִכָּאן וְעַד שְׁנֵים עָשָׂר חֹדֶשׁ״ – כָּתְבוּ "
gittin_77,39,29,5,2,2,Gittin 77a,8,9,2,"תַּנְיָא, רַבִּי אוֹמֵר: ״לְאַחַר הָרֶגֶל״ – שְׁלֹשִׁים יוֹם. נְפַק רַבִּי חִיָּיא דַּרְשַׁהּ מִשְּׁ"
gittin_84,37,28,5,1,1,Gittin 84a,21,1,2,"לְרָבָא, ״כְּלָל״ – לְאֵתוֹיֵי אַבָּא וְאָבִיךְ; ״כָּזֶה״ – לְמַעוֹטֵי בְּשַׂר חֲזִיר."
horayot_6,28,27,5,1,1,Horayot 6a,7,8,2,"מִי דָּמֵי? שָׂעִיר דְּרֹאשׁ חֹדֶשׁ, דִּלְמָא לָא מַיְיתוּ מִצִּבּוּר, אֲבָל הָכָא וַדַּאי מַיְיתוּ!"
hullin_106,21,21,5,1,1,Hullin 106a,9,11,3,"כְּתַנָּאֵי: מַיִם שֶׁנִּפְסְלוּ מִשְּׁתִיַּית בְּהֵמָה, בְּכֵלִים – פְּסוּלִים, בַּקַּרְקַע – כְּשֵ"
hullin_11,28,27,5,1,1,Hullin 11a,17,2,3,"רַב אַחָא בַּר יַעֲקֹב אָמַר: אָתְיָא מִשָּׂעִיר הַמִּשְׁתַּלֵּחַ, דְּרַחֲמָנָא אָמַר: ״וְלָקַח אֶת "
hullin_122,44,38,5,1,1,Hullin 122a,5,6,2,"אִי אָמְרַתְּ בִּשְׁלָמָא פְּלָטַתּוּ סַכִּין, לְרַבִּי יִשְׁמָעֵאל נָמֵי לָא בָּטֵיל, רַב הוּנָא דְ"
hullin_82,33,32,5,2,1,Hullin 82b,11,12,2,"מַנִּי? אִילֵּימָא רַבָּנַן דִּפְלִיגִי עֲלֵיהּ דְּסוֹמְכוֹס – הַשְׁתָּא, וּמָה הָתָם דְּגוּפִין מוּ"
hullin_82,33,32,5,2,2,Hullin 82b,16,17,2,"רַבִּי יְהוּדָה אוֹמֵר: בְּבַת אַחַת – חַיָּיב, בְּזֶה אַחַר זֶה – פָּטוּר. אֶלָּא פְּשִׁיטָא בְּבַת"
hullin_84,39,29,5,2,1,Hullin 84a,14,15,2,תְּרֵי מִיעוּטֵי כְּתִיבִי: ״מַעְיָן מַיִם״ ״וּבוֹר מַיִם״.
hullin_84,39,29,5,2,2,Hullin 84b,2,3,2,"וְאָמַר רַבִּי יוֹחָנָן: כָּסָא דְּחָרָשִׁין, וְלָא כָּסָא דְּפוֹשְׁרִין. וְהָנֵי מִילֵּי בִּכְלִי מ"
hullin_87,24,22,5,1,1,Hullin 87a,13,14,2,וּמַאי שְׁנָא מֵהָא דְּתַנְיָא: הַשּׁוֹחֵט וְנִבְלַע דָּם בַּקַּרְקַע – חַיָּיב לְכַסּוֹת. הָתָם כְּ
ketubot_18,16,15,5,1,1,Ketubot 18b,1,2,2,וּבְכוּלַּהּ בָּעֵי דְּלוֹדֵי לֵיהּ. וְהַאי דְּלָא אוֹדִי לֵיהּ — כִּי הֵיכִי דְּלִישְׁתְּמִיט לֵיהּ
ketubot_27,38,30,5,1,1,Ketubot 27a,8,10,3,"גְּמָ׳ וּרְמִינְהוּ: בַּלֶּשֶׁת שֶׁבָּאָה לָעִיר, בִּשְׁעַת שָׁלוֹם — חָבִיּוֹת פְּתוּחוֹת אֲסוּרוֹת"
ketubot_51,34,27,5,2,1,Ketubot 51a,9,10,2,"לֹא כָּתַב לָהּ: ״אִם תִּשְׁתְּבַאי, אֶפְרְקִינִּךְ וְאוֹתְבִינִּךְ לִי לְאִינְתּוּ״, וּבְכֹהֶנֶת: ״"
ketubot_51,34,27,5,2,2,Ketubot 51b,11,12,2,"וְלַאֲבוּהּ דִּשְׁמוּאֵל, אוֹנֶס דְּשַׁרְיַהּ רַחֲמָנָא הֵיכִי מַשְׁכַּחַתְּ לַהּ? כְּגוֹן דְּקָאָמְ"
ketubot_56,30,14,5,2,1,Ketubot 56a,18,1,2,"הֲרֵי פֵּירוֹת דְּרַבָּנַן, וְלָא עֲבַדוּ לְהוּ רַבָּנַן חִיזּוּק! דִּתְנַן, רַבִּי יְהוּדָה אוֹמֵר:"
ketubot_56,30,14,5,2,2,Ketubot 56b,3,4,2,"הֲרֵי חַמָּרִים, דִּשְׁכִיחִי, וְלָא עֲבַדוּ לַהּ רַבָּנַן חִיזּוּק!"
ketubot_9,17,16,5,2,1,Ketubot 9a,4,5,2,"מַאי קָא מַשְׁמַע לַן? תְּנֵינָא: הָאוֹמֵר לְאִשָּׁה ״קִדַּשְׁתִּיךְ״, וְהִיא אוֹמֶרֶת ״לֹא קִדַּשְׁ"
ketubot_9,17,16,5,2,2,Ketubot 9b,4,5,2,"מַאי לָאו, דְּקָטָעֵין טַעֲנַת ״פֶּתַח פָּתוּחַ״! לָא, דְּקָטָעֵין טַעֲנַת דָּמִים."
kiddushin_21,42,22,5,2,1,Kiddushin 21a,2,3,2,"תָּנֵי חֲדָא: לֹוֶה וְגוֹאֵל וְגוֹאֵל לַחֲצָאִין, וְתַנְיָא אִידַּךְ: אֵין לֹוֶה וְגוֹאֵל וְגוֹאֵל ל"
kiddushin_21,42,22,5,2,2,Kiddushin 21a,15,17,3,"אָמְרִי לֵיהּ רַבָּנַן לְרַב אָשֵׁי, וְאָמְרִי לַהּ רָבִינָא לְרַב אָשֵׁי: בִּשְׁלָמָא לְמַאן דְּאָמ"
kiddushin_39,30,24,5,1,1,Kiddushin 39a,13,1,3,רַב יוֹסֵף מְעָרֵב בִּיזְרָנֵי וְזָרַע. אֲמַר לֵיהּ אַבָּיֵי: וְהָאֲנַן תְּנַן: הַכִּלְאַיִם מִדִּבְ
kiddushin_56,22,15,5,2,1,Kiddushin 56a,4,5,2,"אֶלָּא הָכָא בְּאִשָּׁה חֲבֵירָה עָסְקִינַן, דְּיָדְעָה."
kiddushin_56,22,15,5,2,2,Kiddushin 56b,1,2,2,"כְּשֶׁבָּרַח. וְטַעְמָא דְּבָרַח, הָא לֹא בָּרַח – קָנְסִינַן לְמוֹכֵר. וְנִקְנְסֵיהּ לְלוֹקֵחַ! לָא"
kiddushin_62,25,25,5,2,1,Kiddushin 62a,10,11,2,וְכֵן הָאוֹמֵר לַחֲבֵירוֹ: ״אִם יָלְדָה אִשְׁתְּךָ נְקֵבָה הֲרֵי זוֹ מְקוּדֶּשֶׁת לִי״ – אֵינָהּ מְק
kiddushin_62,25,25,5,2,2,Kiddushin 62b,3,5,3,וְאֶלָּא הָא דְּאָמַר רַבִּי אוֹשַׁעְיָא: הַנּוֹתֵן פְּרוּטָה לְאִשְׁתּוֹ וְאָמַר לָהּ: ״הֲרֵי אַתְּ
kiddushin_71,31,30,5,2,1,Kiddushin 71a,10,11,2,"אָמַר רַבָּה בַּר בַּר חָנָה, אָמַר רַבִּי יוֹחָנָן: שֵׁם בֶּן אַרְבַּע אוֹתִיּוֹת חֲכָמִים מוֹסְרִי"
kiddushin_71,31,30,5,2,2,Kiddushin 71b,7,8,2,וּמְגַדֵּף בַּהּ רַבִּי אֲבָהוּ: אִי הָכִי הַיְינוּ דִּכְתִיב: ״לָכֵן עַתָּה יִגְלוּ בְּרֹאשׁ גֹּלִי
kiddushin_73,33,18,5,1,1,Kiddushin 73b,9,10,2,אֲסוּפִי – הָא דַּאֲמַרַן.
kiddushin_77,37,26,5,1,1,Kiddushin 77b,5,7,3,״אַלְמָנָה וּגְרוּשָׁה וַחֲלָלָה זֹנָה״. הַאי תַּנָּא מַאי קָסָבַר? אִי קָסָבַר אִיסּוּר חָל עַל אִי
kiddushin_82,19,19,5,2,1,Kiddushin 82a,13,1,2,דָּרַשׁ בַּר קַפָּרָא: לְעוֹלָם יְלַמֵּד אָדָם אֶת בְּנוֹ אוּמָּנוּת נְקִיָּה וְקַלָּה. מַאי הִיא? א
kiddushin_82,19,19,5,2,2,Kiddushin 82b,4,5,2,"רַבִּי שִׁמְעוֹן בֶּן אֶלְעָזָר אוֹמֵר: אִם רָאִיתָ מִיָּמֶיךָ. תַּנְיָא, רַבִּי שִׁמְעוֹן בֶּן אֶלְ"
makkot_13,35,22,5,1,1,Makkot 13b,1,2,2,"[יֶשְׁנָן] בִּכְלַל מַלְקוֹת אַרְבָּעִים, דִּבְרֵי רַבִּי יִשְׁמָעֵאל."
megillah_5,37,21,5,1,1,Megillah 5a,6,9,4,"בְּאֵלּוּ אָמְרוּ מַקְדִּימִין וְלֹא מְאַחֲרִין. אֲבָל זְמַן עֲצֵי כֹּהֲנִים, וְתִשְׁעָה בְּאָב, חֲג"
meilah_18,26,26,5,1,1,Meilah 18a,11,12,2,גְּמָ׳: תָּנָא: מוֹדֶה רַבִּי עֲקִיבָא לַחֲכָמִים בְּדָבָר שֶׁיֵּשׁ בּוֹ פְּגָם. בְּמַאי קָא מִיפַּל
meilah_4,24,17,5,1,1,Meilah 4b,3,5,3,אֶלָּא אִי אָמְרַתְּ בְּעוֹלָה – צְרִיכָא לְמֵימַר?
menachot_2,28,28,5,2,1,Menachot 2b,6,7,2,מַתְנִיתִין מִנְחָה לְשׁוּם מִנְחָה הִיא. אֶלָּא לְרַבָּה וְרָבָא מַאי אִיכָּא לְמֵימַר?
menachot_2,28,28,5,2,2,Menachot 2b,9,10,2,"וְאִי נָמֵי כִּדְקָא מְשַׁנֵּי רָבָא: כָּאן בְּקוֹמֵץ מִנְחָה לְשׁוּם מִנְחָה, כָּאן בְּקוֹמֵץ מִנְח"
menachot_42,39,27,5,1,1,Menachot 42a,16,19,4,"וּכְלָלָא הוּא? וַהֲרֵי מִילָה דִּכְשֵׁירָה בְּגוֹי, דְּתַנְיָא: עִיר שֶׁאֵין בָּהּ רוֹפֵא יִשְׂרָאֵ"
menachot_56,29,28,5,1,1,Menachot 56a,10,14,5,"אֶלָּא: ״אוֹתוֹ״ בַּצָּפוֹן, וְאֵין פֶּסַח בַּצָּפוֹן. פֶּסַח מִדְּרַבִּי אֱלִיעֶזֶר בֶּן יַעֲקֹב נָ"
menachot_57,35,25,5,1,1,Menachot 57b,8,9,2,"לֵימָא נָמֵי רַבִּי עֲקִיבָא וְאֶחָד מִתַּלְמִידֵי רַבִּי יִשְׁמָעֵאל אָמְרוּ דָּבָר אֶחָד, וּמַנּוּ"
menachot_63,33,33,5,1,1,Menachot 63b,11,12,2,גְּמָ׳ בִּשְׁלָמָא רַבָּנַן קָא סָבְרִי: עִשָּׂרוֹן מוּבְחָר (בִּשְׁלֹשָׁה) [מִשָּׁלֹשׁ] סְאִין אָתֵ
menachot_9,35,22,5,1,1,Menachot 9b,1,4,4,מִנְחָה מַאי עֲבִידְתֵּהּ? אָמַר רַב פָּפָּא: מִנְחַת נְסָכִים.
nazir_4,36,36,5,1,1,Nazir 4b,17,20,4,וְשִׁמְשׁוֹן לָאו נָזִיר הֲוָה? וְהָכְתִיב: ״כִּי נְזִיר אֱלֹהִים יִהְיֶה הַנַּעַר מִן הַבֶּטֶן״! הָ
nazir_48,24,19,5,1,1,Nazir 48a,10,4,5,"אוֹ: אֵינוֹ מִיטַּמֵּא לְאָבִיו וּלְאִמּוֹ, אֲבָל יִטַּמֵּא לִשְׁאָר מֵתִים! אָמַרְתָּ קַל וָחוֹמֶר:"
nedarim_10,27,21,5,1,1,Nedarim 10b,10,11,2,כִּינּוּיֵי כִינּוּיִין דִּשְׁבוּעָה הֵיכִי דָּמֵי? ״שְׁבוּאֵל״ ״שְׁבוּתִיאֵל״ ״שְׁקוּקָאֵל״. שְׁבוּ
nedarim_25,21,21,5,1,1,Nedarim 25a,7,8,2,וְאַכַּתִּי לָא עֲבִיד דְּמִישְׁתְּבַע אַדַּעְתָּא דְנַפְשֵׁיהּ? וְהָתַנְיָא: וְכֵן מָצִינוּ בְּמֹשׁ
nedarim_52,17,16,5,1,1,Nedarim 52b,9,12,4,הוּא הַדִּין דַּאֲפִילּוּ בְּיוֹצֵא מֵהֶן אָסוּר. וְהָא עֲדִיפָא לֵיהּ לְאַשְׁמוֹעִינַן דְּחִילּוּפֵ
niddah_14,40,29,5,2,1,Niddah 14a,9,10,2,גְּמָ' וְנֵיחוּשׁ דִּלְמָא דַּם מַאֲכוֹלֶת הוּא? אָמַר רַבִּי זֵירָא: אוֹתוֹ מָקוֹם בָּדוּק הוּא אֵצ
niddah_14,40,29,5,2,2,Niddah 14b,1,3,3,אָמַר לוֹ רַבִּי חִיָּיא: אִי אַתָּה מוֹדֶה שֶׁצְּרִיכָה כִּגְרִיס וְעוֹד? אָמַר לוֹ: אֲבָל. אָמַר ל
niddah_4,35,24,5,2,1,Niddah 4a,5,6,2,"וְאִיבָּעֵית אֵימָא: כִּי מוֹדוּ שַׁמַּאי וְהִלֵּל בְּזָוִית קוּפָּה, כִּי פְּלִיגִי חִזְקִיָּה וְרַ"
niddah_4,35,24,5,2,2,Niddah 4b,4,5,2,"וְאִי בָּעֵית אֵימָא: הָכָא בְּטוּמְאָה דְרַבָּנַן. דַּיְקָא נָמֵי דְּקָתָנֵי ״מַדָּף״, כְּדִכְתִיב "
niddah_48,38,25,5,2,1,Niddah 48a,17,18,2,"וְהָנֵי מִילֵּי בִּסְתָמָא, אֲבָל הֵיכָא דְּבַדְקַן וְלָא אַשְׁכְּחַן — אֵימַר מוֹדוּ לֵיהּ רַבָּנַן"
niddah_48,38,25,5,2,2,Niddah 48b,1,2,2,"אִיכְּרַפוּ דַּדַּיִךְ — לָא הֲדַרְתְּ בָּךְ, אִישְׁתְּדוֹ דַּדַּיִךְ — נָמֵי לָא הֲדַרְתְּ בָּךְ."
niddah_5,31,20,5,1,1,Niddah 5a,15,2,4,"וְאִיבָּעֵית אֵימָא: שְׁתֵּי בְדִיקוֹת אַצְרְכוּהָ רַבָּנַן, חַד לִפְנֵי תַשְׁמִישׁ וְחַד לְאַחַר תַ"
niddah_53,40,32,5,1,1,Niddah 53a,10,11,2,"אֶלָּא פְּשִׁיטָא דְּבָדְקָה בֵּין בִּדְרַבִּי יְהוּדָה, וּבֵין בִּדְרַבִּי יוֹסֵי, אֲבָל בָּדְקָה ב"
niddah_55,39,37,5,2,1,Niddah 55b,5,6,2,"״זוֹב״ — חַד, ״זוֹבוֹ״ — תַּרְתֵּי, וּבַשְּׁלִישִׁי אַקְּשֵׁיהּ רַחֲמָנָא לִנְקֵבָה!"
niddah_55,39,37,5,2,2,Niddah 55b,9,10,2,אָמַר מָר: יָכוֹל אַף עַל פִּי שֶׁלֹּא נָגַע? מֵהֵיכָא תֵּיתֵי?
niddah_57,40,32,5,1,1,Niddah 57a,17,1,2,הֲדַרַן עֲלָךְ דַּם הַנִּדָּה.
pesachim_45,41,33,5,1,1,Pesachim 45a,4,5,2,"וְרַבָּנַן נָמֵי, נִיהְוֵי נָזִיר וְחַטָּאת שְׁנֵי כְתוּבִין הַבָּאִין כְּאֶחָד, וְאֵין מְלַמְּדִין!"
pesachim_81,38,35,5,1,1,Pesachim 81a,10,13,4,"נִפְשׁוֹט מִינַּהּ, דִּבְכֹהֵן וְהוּתְרָה לוֹ טוּמְאַת הַתְּהוֹם."
pesachim_82,33,33,5,2,1,Pesachim 82a,7,8,2,רַב יוֹסֵף אָמַר: שֶׁלֹּא לְבַיֵּישׁ אֶת מִי שֶׁאֵין לוֹ. רָבָא אָמַר: מִפְּנֵי הַחֲשָׁד.
pesachim_82,33,33,5,2,2,Pesachim 82b,5,7,3,"וּלְתַנָּא דְּבֵי רַבָּה בַּר אֲבוּהּ, דְּאָמַר: אֲפִילּוּ פִּיגּוּל טָעוּן עִיבּוּר צוּרָה. מְנָא ל"
rosh_hashanah_19,23,23,5,1,1,Rosh Hashanah 19b,12,14,3,"מַאי שְׁנָא שְׁלֹשִׁים — דְּיָדְעִי? חֹדֶשׁ נָמֵי יָדְעִי! אָמַר רַב פָּפָּא: מַאן דְּאָמַר חֹדֶשׁ, "
sanhedrin_100,33,24,5,1,1,Sanhedrin 100a,16,1,4,אֲמַר: מַאי טַעְמָא לָא שְׁכִיחַתְּ בְּאַגַּדְתָּא? דְּאָמְרִי בְּמַעְרְבָא מִשְּׁמֵיהּ דְּרָבָא בַּ
sanhedrin_22,45,44,5,2,1,Sanhedrin 22b,3,4,2,"אָמַר רַב שְׁמוּאֵל בַּר אוּנְיָא מִשְּׁמֵיהּ דְּרַב: אִשָּׁה גּוֹלֶם הִיא, וְאֵינָהּ כּוֹרֶתֶת בְּר"
sanhedrin_22,45,44,5,2,2,Sanhedrin 22b,14,15,2,"רַב אָשֵׁי אָמַר: שְׁתוּיֵי יַיִן דְּמַחֲלִי עֲבוֹדָה – גְּזַרוּ בְּהוּ רַבָּנַן, פְּרוּעֵי רֹאשׁ דּ"
sanhedrin_28,60,44,5,1,1,Sanhedrin 28a,32,2,3,רַב אִיקְּלַע לְמִזְבַּן
sanhedrin_33,33,26,5,2,1,Sanhedrin 33a,12,13,2,אָמַר רַב נַחְמָן בַּר יִצְחָק לְרָבָא: מַאי קָא מוֹתֵיב רַב הַמְנוּנָא לְרַב שֵׁשֶׁת מִפָּרָה? פָּר
sanhedrin_33,33,26,5,2,2,Sanhedrin 33a,17,2,3,"חֲדָא קָתָנֵי: דִּינֵי מָמוֹנוֹת מַחְזִירִין לִזְכוּת, שֶׁהִיא חוֹבָה. דִּכְוָותַהּ גַּבֵּי נְפָשׁוֹ"
sanhedrin_51,53,38,5,1,1,Sanhedrin 51a,30,4,5,"מַתְקֵיף לַהּ רַבִּי יִרְמְיָה: מִידֵּי ״לְמַעְלָה״ ״לְמַטָּה״ קָתָנֵי? אֶלָּא, אָמַר רַבִּי יִרְמְי"
sanhedrin_64,42,36,5,2,1,Sanhedrin 64a,19,20,2,אָמַר אַבָּיֵי: רַבִּי אֶלְעָזָר בְּרַבִּי שִׁמְעוֹן וְרַבִּי חֲנִינָא בֶּן אַנְטִיגְנוֹס אָמְרוּ דּ
sanhedrin_64,42,36,5,2,2,Sanhedrin 64b,7,8,2,"תַּנָּא פָּתַח בְּ״כִּי מִזַּרְעוֹ״, וְסָלֵיק בְּ״תִתּוֹ מִזַּרְעוֹ״."
sanhedrin_74,33,30,5,2,1,Sanhedrin 74a,5,6,2,"אֶלָּא, אִי אָמְרַתְּ: יָכוֹל לְהַצִּיל בְּאֶחָד מֵאֵבָרָיו נָמֵי נִיתָּן לְהַצִּילוֹ בְּנַפְשׁוֹ, ה"
sanhedrin_74,33,30,5,2,2,Sanhedrin 74a,23,1,2,מַאי מִצְוָה קַלָּה? אָמַר רָבָא בַּר רַב יִצְחָק אָמַר רַב:
sanhedrin_78,34,32,5,1,1,Sanhedrin 78a,7,8,2,תָּנֵי תַּנָּא קַמֵּיהּ דְּרַב שֵׁשֶׁת: ״וְאִישׁ כִּי יַכֶּה כׇּל נֶפֶשׁ אָדָם״ – לְהָבִיא הַמַּכֶּה
sanhedrin_7b,38,21,5,1,1,Sanhedrin 7b,16,18,3,"״וּשְׁפַטְתֶּם צֶדֶק״. אָמַר רֵישׁ לָקִישׁ: צַדֵּק אֶת הַדִּין, וְאַחַר כָּךְ חׇתְכֵהוּ. ״בֵּין אִיש"
shabbat_124,43,36,5,1,1,Shabbat 124a,18,19,2,"מִמַּאי? דִּילְמָא עַד כָּאן לָא קָאָמַר רַבִּי אֱלִיעֶזֶר הָתָם אֶלָּא דְּאֶפְשָׁר בְּפַרְנָסָה, אֲ"
shabbat_146,27,25,5,1,1,Shabbat 146b,1,2,2,"מִשּׁוּם רִיחְשָׁא. וְיֵשׁ אוֹמְרִים אֵין מוֹסִיפִים — זִימְנִין דְּלָא תַּקְּנֵיהּ מֵעִיקָּרָא, וְא"
shabbat_27,21,21,5,1,1,Shabbat 27a,2,6,5,"וְאַבָּיֵי, הַאי ״אוֹ בֶגֶד״ מַאי עָבֵיד לֵיהּ? מִיבְּעֵי לֵיהּ לְרַבּוֹת שָׁלֹשׁ עַל שָׁלֹשׁ בְּצֶמ"
shabbat_35,18,16,5,1,1,Shabbat 35a,5,8,4,רַבִּי נְחֶמְיָה אוֹמֵר כְּדֵי שֶׁיְּהַלֵּךְ אָדָם מִשֶּׁתִּשְׁקַע הַחַמָּה חֲצִי מִיל. אָמַר רַבִּי
shabbat_71,15,14,5,1,1,Shabbat 71a,5,1,5,וְכׇל הֵיכָא דַּחֲלוּקִין לַחֲטָאוֹת לָא מִצְטָרְפִי? וְהָתְנַן: אָכַל חֵלֶב וְחֵלֶב בְּהֶעְלֵם אֶחָ
shabbat_75,17,13,5,1,1,Shabbat 75a,3,5,3,"אַמְגּוּשְׁתָּא — רַב וּשְׁמוּאֵל, חַד אָמַר: חָרָשֵׁי, וְחַד אָמַר: גָּדוֹפֵי. תִּסְתַּיֵּים דְּרַב"
shabbat_92,21,20,5,1,1,Shabbat 92b,5,6,2,אָמַר רַב אָשֵׁי: מַאי קוּשְׁיָא? דִּילְמָא לָא מִיבַּעְיָא קָאָמַר: לָא מִיבַּעְיָא לְאַחֲרָיו וּבָ
shevuot_23,38,36,5,1,1,Shevuot 23a,13,14,2,"אָמַר רַב אָשֵׁי, מַתְנִיתִין נָמֵי דַּיְקָא: ״שְׁבוּעָה שֶׁלֹּא אוֹכַל״, וְאָכַל אֳוכָלִין שֶׁאֵין "
shevuot_27,35,33,5,1,1,Shevuot 27b,4,6,3,אָמַר רַבִּי יְהוּדָה בֶּן בְּתֵירָא: מָה אִם הָרְשׁוּת כּוּ׳. וְרַבָּנַן – שַׁפִּיר קָאָמְרִי לֵיהּ
shevuot_35,56,49,5,1,1,Shevuot 35a,9,10,2,״מַשְׁבִּיעַ אֲנִי עֲלֵיכֶם כְּשֶׁתֵּדְעוּ לִי עֵדוּת״ כּוּ׳.
shevuot_42,37,21,5,2,1,Shevuot 42a,10,11,2,"לִישָּׁנָא אַחֲרִינָא, הָהוּא דַּאֲמַר לֵיהּ לְחַבְרֵיהּ: ״מְהֵימְנַתְּ לִי כְּבֵי תְרֵי, כֹּל אֵימַ"
shevuot_42,37,21,5,2,2,Shevuot 42a,17,1,2,"אִי הָכִי, ״טַעֲנַת עַצְמוֹ״?! טַעֲנַת אֲחֵרִים הִיא! טַעֲנַת אֲחֵרִים, וְהוֹדָאַת עַצְמוֹ."
sotah_19,28,28,5,1,1,Sotah 19a,8,9,2,הָיָה מַשְׁקָהּ וְאַחַר כָּךְ מַקְרִיב אֶת מִנְחָתָהּ. רַבִּי שִׁמְעוֹן אוֹמֵר: מַקְרִיב אֶת מִנְחָת
taanit_13b,29,17,5,2,1,Taanit 13b,3,4,2,"לֵימָא מְסַיַּיע לֵיהּ, דְּאָמַר רַבִּי אַבָּא הַכֹּהֵן מִשּׁוּם רַבִּי יוֹסֵי הַכֹּהֵן: מַעֲשֶׂה וּ"
taanit_13b,29,17,5,2,2,Taanit 13b,6,7,2,לֵימָא מְסַיַּיע לֵיהּ: אֵין הַבּוֹגֶרֶת רַשָּׁאָה לְנַוֵּול עַצְמָהּ. הָא נַעֲרָה — רַשָּׁאָה! בְּמ
taanit_18,28,24,5,1,1,Taanit 18b,1,2,2,מוּתָּרִין בְּהֶסְפֵּד וְתַעֲנִית. אֵימַת? אִילֵּימָא בְּנֵי חֲמֵיסַר וְקָא קָרוּ לֵיהּ בְּאַרְבֵּיס
taanit_5,26,26,5,1,1,Taanit 5b,3,7,5,"וַאֲמַר לֵיהּ רַב נַחְמָן לְרַבִּי יִצְחָק, מַאי דִּכְתִיב: ״וַיְהִי כַּאֲשֶׁר זָקֵן שְׁמוּאֵל״, וּמ"
temurah_10,30,22,5,1,1,Temurah 10b,6,9,4,"יָתֵיב רַבִּי זֵירָא וְקָאָמַר לְהָא שְׁמַעְתָּא, אֵיתִיבֵיהּ רַבִּי יִרְמְיָה לְרַבִּי זֵירָא: כֵּי"
temurah_15,29,21,5,2,1,Temurah 15a,6,7,2,וּמִי אָמַר רַבִּי יְהוּדָה תִּרְעֶה? וְהָא רַבִּי יְהוּדָה ״תָּמוּת״ שָׁמְעִינַן לֵיהּ! אֵיפוֹךְ: ר
temurah_15,29,21,5,2,2,Temurah 15b,3,4,2,"קָא סָלְקָא דַּעְתִּין, לְמַאן דְּאִית לֵיהּ חַטַּאת צִבּוּר שֶׁנִּתְכַּפְּרוּ בְּעָלֶיהָ — מֵתָה, א"
temurah_6,38,33,5,1,1,Temurah 6b,8,9,2,וְהָא אַבָּיֵי נָמֵי סָבַר מַפְּקִינַן רִיבִּית קְצוּצָה בְּדַיָּינִין! דְּאָמַר אַבָּיֵי: הָדֵין דְ
temurah_8,31,29,5,1,1,Temurah 8b,9,10,2,"אָמַר רַב הוּנָא בְּרֵיהּ דְּרַב יְהוֹשֻׁעַ: הַיְינוּ טַעְמָא דְּיִשְׂרָאֵל אָסוּר, מִפְּנֵי שֶׁנִּר"
yevamot_118,31,29,5,2,1,Yevamot 118a,8,9,2,"אָמְרָה: ״מֵת (לִי) בַּעְלִי, וְאַחַר כָּךְ מֵת חָמִי״ — תִּנָּשֵׂא וְתִטּוֹל כְּתוּבָּתָהּ, וַחֲמוֹ"
yevamot_118,31,29,5,2,2,Yevamot 118a,11,12,2,"אָמַר רַב יְהוּדָה אָמַר שְׁמוּאֵל: הֲלָכָה כְּרַבִּי טַרְפוֹן. אָמַר אַבָּיֵי, אַף אֲנַן נָמֵי תְּנ"
yevamot_19,33,18,5,2,1,Yevamot 19a,5,6,2,אֲמַר לֵיהּ אַבָּיֵי: וְלָא שָׁנֵי לָךְ בֵּין זִיקַת יָבָם אֶחָד לְזִיקַת שְׁנֵי יְבָמִים? דִּלְמָא 
yevamot_19,33,18,5,2,2,Yevamot 19a,10,12,3,"וְעוֹד, מֵתִיב רַב אוֹשַׁעְיָא: שְׁלֹשָׁה אַחִין, שְׁנַיִם מֵהֶן נְשׂוּאִין שְׁתֵּי אֲחָיוֹת, אוֹ אִ"
yevamot_23,29,19,5,1,1,Yevamot 23a,2,3,2,"דִּכְתִיב: ״כִּי תִהְיֶיןָ לְאִישׁ שְׁתֵּי נָשִׁים הָאַחַת אֲהוּבָה וְהָאַחַת שְׂנוּאָה״, וְכִי יֵשׁ"
yevamot_23b,29,14,5,1,1,Yevamot 23b,10,13,4,"וּמַאי קָא מַשְׁמַע לַן? סֵיפָא אִיצְטְרִיכָא לֵיהּ: מֵתוּ, לָזֶה אֶחָד וְלָזֶה שְׁנַיִם — הַיָּחִיד"
yevamot_25,28,19,5,1,1,Yevamot 25a,12,13,2,"״מֵת״, ״הֲרַגְתִּיו״, ״הֲרַגְנוּהוּ״ — לֹא יִשָּׂא אֶת אִשְׁתּוֹ. הוּא נִיהוּ דְּלֹא יִשָּׂא אֶת אִש"
yevamot_26,33,18,5,1,1,Yevamot 26a,16,20,5,"הָיְתָה אַחַת מֵהֶן אֲסוּרָה עַל הָאֶחָד אִיסּוּר עֶרְוָה — אָסוּר בָּהּ, וּמוּתָּר בַּאֲחוֹתָהּ. וְ"
yevamot_29b,27,23,5,2,1,Yevamot 29b,1,2,2,וְאִי סָלְקָא דַּעְתָּךְ מַאֲמָר לְבֵית שַׁמַּאי קוֹנֶה קִנְיָן גָּמוּר: זֶה יַעֲשֶׂה מַאֲמָר וְיִקְ
yevamot_29b,27,23,5,2,2,Yevamot 29b,16,17,2,"וּלְרַבִּי אֶלְעָזָר, דְּאָמַר: מַאֲמָר לְבֵית שַׁמַּאי אֵינוֹ קוֹנֶה אֶלָּא לִדְחוֹת לַצָּרָה בִּלְ"
yevamot_39,49,30,5,1,1,Yevamot 39a,25,2,3,"וְלִיטַעְמָיךְ, וּבְגָדוֹל עַד שֶׁיָּבֹא מִמְּדִינַת הַיָּם אֵין שׁוֹמְעִין לוֹ, אַמַּאי? נִינְטַר ד"
yevamot_75,35,33,5,2,1,Yevamot 75a,3,4,2,"וְאִי כְּתַב רַחֲמָנָא ״וּבָא הַשֶּׁמֶשׁ״, הָנֵי מִילֵּי דְּלָאו בַּר כַּפָּרָה, אֲבָל דְּבַר כַּפָּ"
yevamot_75,35,33,5,2,2,Yevamot 75b,9,10,2,וְאֵימָא מֵחוֹטְמוֹ? מִי כְּתִיב ״בִּשְׁפוֹךְ״?! ״כְּרוּת שׇׁפְכָה״ כְּתִיב — מִי שֶׁעַל יְדֵי כְּרִ
yevamot_83,25,22,5,1,1,Yevamot 83a,5,8,4,אַנְדְּרוֹגִינוֹס — הָא דַּאֲמַרַן. הַרְכָּבָה — דִּתְנַן: אֵין נוֹטְעִין וְאֵין מַבְרִיכִין וְאֵין 
yevamot_9,36,24,5,2,1,Yevamot 9a,6,8,3,וְלֹא בַּעֲבוֹדָה זָרָה אֶלָּא עַל דָּבָר שֶׁחַיָּיבִין עַל זְדוֹנוֹ כָּרֵת וְעַל שִׁגְגָתוֹ חַטָּאת
yevamot_9,36,24,5,2,2,Yevamot 9a,11,12,2,"אַשְׁכְּחַן יָחִיד וְנָשִׂיא וּמָשִׁיחַ, בֵּין בַּעֲבוֹדָה זָרָה וּבֵין בִּשְׁאָר מִצְוֹת. צִבּוּר ב"
yoma_66,35,30,5,2,1,Yoma 66a,15,1,2,"מְסָרוֹ לְמִי שֶׁמּוֹלִיכוֹ. תָּנוּ רַבָּנַן: ״אִישׁ״ — לְהַכְשִׁיר אֶת הַזָּר, ״עִתִּי״ —"
yoma_66,35,30,5,2,2,Yoma 66b,13,14,2,"אִיתְּמַר, רַב וְלֵוִי. חַד אָמַר: זִיבֵּחַ וְקִיטֵּר — בְּסַיִיף. גִּפֵּף וְנִישֵּׁק — בְּמִיתָה. ש"
yoma_68,30,25,5,1,1,Yoma 68a,4,5,2,מֵאֵימָתַי מְטַמְּאִין בְּגָדִים. תָּנוּ רַבָּנַן: ״יוֹצִיא אֶל מִחוּץ לַמַּחֲנֶה וְשָׂרְפוּ״.
yoma_76,27,26,5,1,1,Yoma 76b,2,5,4,"אֶלָּא: יָלֵיף ״שֵׁכָר״ ״שֵׁכָר״ מִנָּזִיר, מָה לְהַלָּן — יַיִן, אַף כָּאן יַיִן."
yoma_83,36,33,5,1,1,Yoma 83b,4,7,4,"לֵימָא תַּנָּאֵי הִיא. דְּתַנְיָא: מִי שֶׁנְּשָׁכוֹ נָחָשׁ — קוֹרִין לוֹ רוֹפֵא מִמָּקוֹם לְמָקוֹם, "
zevachim_11,60,43,5,1,1,Zevachim 11b,13,14,2,"מַהוּ דְּתֵימָא: קׇדְשֵׁי קָדָשִׁים וְקָדָשִׁים קַלִּים הוּא דְּאִיכָּא גָּבוֹהַּ וְנָמוּךְ, אֲבָל ק"
zevachim_73,18,18,5,2,1,Zevachim 73a,9,1,2,"וְנִמְשׁוֹךְ וְנַקְרֵב חַד מִינַּיְיהוּ, וְנֵימָא: כֹּל דְּפָרֵישׁ – מֵרוּבָּא פָּרֵישׁ! נִמְשׁוֹךְ?"
zevachim_73,18,18,5,2,2,Zevachim 73b,4,6,3,מִשּׁוּם שֶׁמָּא יָבֹאוּ עֲשָׂרָה כֹּהֲנִים בְּבַת אַחַת וְיִקְחוּ. בַּעֲשָׂרָה כֹּהֲנִים בְּבַת אַח
zevachim_87,25,25,5,2,1,Zevachim 87a,9,10,2,"אֲמַר לֵיהּ: אֵין לִינָה בְּרֹאשׁוֹ שֶׁל מִזְבֵּחַ. קִיבְּלַהּ מִינֵּיהּ, אוֹ לָא? תָּא שְׁמַע, דְּא"
zevachim_87,25,25,5,2,2,Zevachim 87a,13,2,3,אֲמַר לֵיהּ: לְכַתְּחִילָּה לִיקְרַב קָמִיבְּעֵי לִי. הָא נָמֵי תְּנֵינָא:
zevachim_88,31,30,5,2,1,Zevachim 88a,6,7,2,"גְּמָ׳ אָמַר שְׁמוּאֵל: לֹא שָׁנוּ אֶלָּא מִדּוֹת, אֲבָל מִזְרָקוֹת – מְקַדְּשִׁין, שֶׁנֶּאֱמַר: ״שְ"
zevachim_88,31,30,5,2,2,Zevachim 88b,4,5,2,"אָמַר רַבִּי עִינְיֹנִי בַּר שָׂשׂוֹן: כְּמַחְלוֹקֶת כָּאן כָּךְ מַחְלוֹקֶת בְּמַרְאוֹת נְגָעִים, דִ"
zevachim_90,33,28,5,1,1,Zevachim 90a,9,12,4,תָּא שְׁמַע: מִנְחַת חוֹטֵא קוֹדֶמֶת לְמִנְחַת נְדָבָה. מִנְחַת חוֹטֵא הוּא דְּקָדְמָה לְמִנְחַת נְד
zevachim_96,22,22,5,1,1,Zevachim 96b,5,7,3,וְהָא לָא תְּנָא הָכִי! אֲמַר לֵיהּ: מִסְתַּבְּרָא כְּבֶגֶד – מָה בֶּגֶד אֵינוֹ טָעוּן כִּיבּוּס אֶל
Hullin_13,27,24,4,1,1,Chullin 13a,8,9,2,"רַב נַחְמָן בַּר יִצְחָק מַתְנֵי הָכִי: אָמַר רַבִּי חִיָּיא בַּר אַבָּא, בָּעֵי רַבִּי יוֹחָנָן: קָ"
Hullin_5b,25,16,4,1,1,Chullin 5a,11,14,4,"הָא גוּפָא קַשְׁיָא, אָמְרַתְּ: ״מִכֶּם״ – וְלֹא כּוּלְּכֶם, לְהוֹצִיא אֶת הַמְשׁוּמָּד, וַהֲדַר תָּ"
arakhin_3,34,34,4,1,1,Arakhin 3b,13,14,2,"וּמַאי שְׁנָא דְּיָד, דִּכְתִיב ״יִלְבַּשׁ עַל בְּשָׂרוֹ״? רֹאשׁ נָמֵי, כְּתִיב ״וְשַׂמְתָּ הַמִּצְנ"
arakhin_6,34,29,4,1,1,Arakhin 6b,4,5,2,"לְמַאי? אִילֵימָא לִדְבַר הָרְשׁוּת, מַאי אִירְיָא גּוֹי? אֲפִילּוּ יִשְׂרָאֵל נָמֵי!"
avodah_zarah_20,31,22,4,1,1,Avodah Zarah 20b,7,9,3,"אָמַר מָר: מִמֶּנָּה מֵת. נֵימָא פְּלִיגָא דַּאֲבוּהּ דִּשְׁמוּאֵל, דְּאָמַר אֲבוּהּ דִּשְׁמוּאֵל: א"
bava_batra_123,33,32,4,1,1,Bava Batra 123a,7,9,3,מַאי ״וְאוֹמֵר״? וְכִי תֵּימָא הַאי לְכִדְרַבִּי יוֹחָנָן בֶּן בְּרוֹקָא הוּא דַּאֲתָא – תָּא שְׁמַע
bava_batra_124,26,23,4,1,1,Bava Batra 124a,4,7,4,מַאי טַעְמַיְיהוּ דְּרַבָּנַן? אָמַר קְרָא: ״לָתֶת לוֹ פִּי שְׁנַיִם״ – ״מַתָּנָה״ קַרְיֵיהּ רַחֲמָנ
bava_batra_125,13,13,4,1,1,Bava Batra 125b,1,2,2,"״נִכְסַי לְסָבְתָּא, וּבָתְרַהּ לְיָרְתַאי״. הַוְיָא לֵיהּ בְּרַתָּא דַּהֲוָה נְסִיבָא, שְׁכִיבָא בּ"
bava_batra_128,22,17,4,1,1,Bava Batra 128b,6,7,2,שְׁלַח לֵיהּ רַבִּי אַבָּא לְרַב יוֹסֵף בַּר חָמָא: הָאוֹמֵר ״תִּטּוֹל אִשְׁתִּי כְּאֶחָד מִן הַבָּנ
bava_batra_132,21,13,4,1,1,Bava Batra 132a,5,6,2,"טַעְמָא דְּיָצָא עָלָיו שְׁטַר חוֹב, הָא לֹא יָצָא עָלָיו שְׁטַר חוֹב – קָנְיָא. וּבְמַאי? אִילֵּימָ"
bava_batra_167,24,23,4,2,1,Bava Batra 167a,5,6,2,הָהוּא דַּהֲוָה כְּתִיב בֵּיהּ: ״תִּילְתָּא בְּפַרְדֵּיסָא״. אֲזַל מַחְקֵיהּ לְגַגֵּיהּ דְּבֵית וְכַ
bava_batra_167,24,23,4,2,2,Bava Batra 167b,6,7,2,גְּמָ׳ מַאי ״וּבִלְבַד שֶׁיְּהֵא מַכִּירָן״? אָמַר רַב יְהוּדָה אָמַר רַב: וּבִלְבַד שֶׁיְּהֵא מַכִּ
bava_batra_40,14,14,4,2,1,Bava Batra 40a,2,3,2,"הוֹדָאָה – בִּפְנֵי שְׁנַיִם, וְצָרִיךְ לוֹמַר ״כְּתוֹבוּ״; קִנְיָן – בִּפְנֵי שְׁנַיִם, וְאֵינוֹ צָ"
bava_batra_40,14,14,4,2,2,Bava Batra 40b,4,5,2,אָמַר רַב יְהוּדָה: הַאי מַתַּנְתָּא טְמִירְתָּא – לָא מַגְבֵּינַן בַּהּ. הֵיכִי דָּמֵי מַתַּנְתָּא 
bava_batra_45,18,16,4,1,1,Bava Batra 45a,2,3,2,"לְעוֹלָם דְּלֵית לֵיהּ אַרְעָא אַחֲרִיתִי, דְּאָמַר: לָא נִיחָא דְּלֶיהְוֵי ״לֹוֶה רָשָׁע וְלֹא יְשׁ"
bava_batra_61,19,19,4,2,1,Bava Batra 61a,7,1,2,"וְלֹא אֶת הַחֶדֶר שֶׁלִּפְנִים הֵימֶנּוּ. הַשְׁתָּא יָצִיעַ לָא מִיזְדַּבַּן, חֶדֶר מִיבַּעְיָא?!"
bava_batra_61,19,19,4,2,2,Bava Batra 61b,6,7,2,"הֵיכִי דָמֵי? אִילֵּימָא דְּקָרוּ לֵיהּ לְשָׂדֶה ״שָׂדֶה״ וּלְבִקְעָה ״בִּקְעָה״, פְּשִׁיטָא – שָׂדֶ"
bava_batra_85,16,15,4,1,1,Bava Batra 85b,3,6,4,"בְּעָא מִינֵּיהּ רַב שֵׁשֶׁת מֵרַב הוּנָא: כִּלְיוֹ שֶׁל לוֹקֵחַ בִּרְשׁוּת מוֹכֵר – קָנָה לוֹקֵחַ, "
bava_batra_86,16,14,4,1,1,Bava Batra 86a,2,3,2,אָמַר רַב נַחְמָן בַּר יִצְחָק: בְּשֶׁשְּׁפָכָן. אִיקְּפַד רָבָא – מִידֵּי ״שְׁפָכָן״ קָתָנֵי?! ״פֵּ
bava_kamma_105,41,27,4,1,1,Bava Kamma 105a,12,15,4,"וְאָמַר רָבָא, הֲרֵי אָמְרוּ: חָבִית שֶׁנִּיקְּבָה, וּסְתָמוּהָ שְׁמָרִים – הִצִּילוּהָ. בָּעֵי רָבָ"
bava_kamma_13,48,37,4,2,1,Bava Kamma 13a,8,9,2,"רָבִינָא מַתְנֵי לַהּ אַסֵּיפָא – אַבָּא יוֹסֵי בֶּן דּוֹסְתַּאי אוֹמֵר: לֹא אָמַר בֶּן עַזַּאי, אֶל"
bava_kamma_13,48,37,4,2,2,Bava Kamma 13b,6,7,2,נְכָסִים שֶׁהֵן שֶׁל בְּנֵי בְרִית.
bava_kamma_32,46,43,4,1,1,Bava Kamma 32a,14,15,2,אֶלָּא סֵיפָא דְּמַתְנִיתִין מְסַיַּיע לֵיהּ לְרֵישׁ לָקִישׁ – דְּקָתָנֵי: הָיָה בַּעַל חָבִית רִאשׁ
bava_kamma_38,32,23,4,1,1,Bava Kamma 38a,6,7,2,מַאי ״וְאוֹמֵר״?
bava_kamma_4,34,29,4,1,1,Bava Kamma 4a,13,15,3,וּמַאי ״לֹא הֲרֵי״?
bava_kamma_58,28,28,4,2,1,Bava Kamma 58b,9,10,2,"מֵיתִיבִי: אָכְלָה קַב אוֹ קַבַּיִים – אֵין אוֹמְרִים תְּשַׁלֵּם דְּמֵיהֶן, אֶלָּא רוֹאִין אוֹתָהּ כ"
bava_kamma_58,28,28,4,2,2,Bava Kamma 58b,13,14,2,מַתְקֵיף לַהּ רַב הוּנָא בַּר מָנוֹחַ: הַאי ״וְלֹא בֵּית כּוֹר״?! ״וְלֹא כּוֹר״ מִבְּעֵי לֵיהּ!
bava_metzia_103,30,29,4,1,1,Bava Metzia 103a,13,15,3,אִי הָכִי מַאי לְמֵימְרָא?
bava_metzia_112,24,20,4,1,1,Bava Metzia 112a,14,15,2,אָמַר רַב מָרִי בְּרֵיהּ דְּרַב כָּהֲנָא: בִּגְרָדָא דְּסַרְבָּלָא. לְמַאי יַהֲבֵהּ נִיהֲלֵיהּ – לְר
bava_metzia_55,27,23,4,2,1,Bava Metzia 55a,13,14,2,"וְתַנָּא דִּידַן, מַאי טַעְמָא לָא קָתָנֵי יְשִׁיבַת הַדַּיָּינִין? תְּנָא לֵיהּ גָּזֵל."
bava_metzia_55,27,23,4,2,2,Bava Metzia 55a,17,18,2,"וְלֵוִי, מַאי טַעְמָא לָא קָתָנֵי הֶקְדֵּשׁ? בְּחוּלִּין קָמַיְירֵי, בְּקָדָשִׁים לָא קָמַיְירֵי."
bava_metzia_62,27,23,4,1,1,Bava Metzia 62b,7,8,2,"וְכִדְתַנְיָא: הֲרֵי שֶׁהָיָה נוֹשֶׁה בַּחֲבֵירוֹ מָנֶה, וְהָלַךְ וְעָמַד עַל גּוֹרְנוֹ, וְאוֹמֵר: ת"
bava_metzia_73,24,9,4,1,1,Bava Metzia 73a,2,4,3,"הַמּוֹלִיךְ פֵּירוֹת מִמָּקוֹם לְמָקוֹם, מְצָאוֹ חֲבֵירוֹ וְאָמַר לוֹ: תְּנֵם לִי וַאֲנִי אַעֲלֶה לְ"
bava_metzia_90,30,22,4,1,1,Bava Metzia 90a,13,15,3,"אֲמַר לְהוּ רַב שֵׁשֶׁת: תְּנֵיתוּהָ, רַבִּי שִׁמְעוֹן בֶּן יוֹחַי אוֹמֵר: מֵבִיא כַּרְשִׁינִים וְתו"
bava_metzia_95,43,41,4,1,1,Bava Metzia 95b,11,12,2,"הַאי מַאי?! אִי אָמְרַתְּ בִּשְׁלָמָא רֵישָׁא בִּמְלָאכָה אַחֶרֶת, וְסֵיפָא בְּאוֹתָהּ מְלָאכָה – הַ"
bava_metzia_96,44,44,4,1,1,Bava Metzia 96a,4,5,2,"אֵיפוֹךְ אֲנָא! מִסְתַּבְּרָא שְׁאֵלָה עֲדִיפָא, מִשּׁוּם דְּקָא מַיְיתֵי לַהּ לִרְשׁוּתֵיהּ."
beitzah_32,32,22,4,1,1,Beitzah 32a,11,13,3,"אִיכָּא דְּאָמְרִי, אָמַר רַב יוֹסֵף: רַבִּי אֱלִיעֶזֶר בְּרַבִּי צָדוֹק הִיא, דִּתְנַן: אִלְפָּסִין"
beitzah_5,23,23,4,1,1,Beitzah 5b,4,6,3,וְכִי תֵּימָא: לְמִצְוַת עוֹנָה הוּא דַּאֲתָא. תָּא שְׁמַע: ״בִּמְשֹׁךְ הַיֹּבֵל הֵמָּה יַעֲלוּ בָהָ
bekhorot_17,30,30,4,2,1,Bekhorot 17a,2,3,2,"תָּא שְׁמַע: הַמְקַבֵּל צֹאן בַּרְזֶל מִן הַגּוֹי — וְלָדוֹת פְּטוּרִין, וַולְדֵי וְלָדוֹת לֹא. תְּי"
bekhorot_17,30,30,4,2,2,Bekhorot 17b,1,2,2,"וְחַיָּיב בַּמַּתָּנוֹת, וְרַבִּי יוֹסֵי פּוֹטֵר. מֵת אֶחָד מֵהֶן — רַבִּי טַרְפוֹן אוֹמֵר: יַחְלוֹק"
bekhorot_3,34,31,4,1,1,Bekhorot 3a,17,19,3,"מַתְקֵיף לַהּ מָר בַּר רַב אָשֵׁי: מַאי שְׁנָא מִנְּפָלִים, דְּאַף עַל גַּב דְּלָאו בְּנֵי חִיּוּתָא"
bekhorot_45b,40,14,4,1,1,Bekhorot 45b,13,16,4,"גְּמָ׳ וְאֵלּוּ כְּשֵׁירִין בָּאָדָם, מַאי (באותו) [״אוֹתוֹ] וְאֶת בְּנוֹ״?"
bekhorot_48,27,22,4,1,1,Bekhorot 48b,11,13,3,מַתְנִי׳ שְׁתֵּי נָשִׁים שֶׁלֹּא בִּכֵּרוּ וְיָלְדוּ שְׁנֵי זְכָרִים — נוֹתֵן עֲשָׂרָה סְלָעִים לַכֹ
bekhorot_7,44,36,4,1,1,Bekhorot 7a,9,11,3,"קָרֵי לֵיהּ ״טָמֵא״, כְּרַבִּי שִׁמְעוֹן, וְקָאָמַר: אֲבָל אַתָּה אוֹכֵל הַבָּא בְּסִימָן אֶחָד!"
berakhot_14,46,31,4,1,1,Berakhot 14a,15,16,2,אָמַר רַבִּי יוֹנָה אָמַר רַבִּי זֵירָא: כָּל הָעוֹשֶׂה חֲפָצָיו קוֹדֶם שֶׁיִּתְפַּלֵּל — כְּאִלּוּ 
berakhot_41,20,19,4,1,1,Berakhot 41a,11,12,2,"״שְׂעֹרָה״, דִּתְנַן: עֶצֶם כִּשְׂעוֹרָה מְטַמֵּא בְּמַגָּע וּבְמַשָּׂא, וְאֵינוֹ מְטַמֵּא בְּאֹהֶל."
berakhot_49,40,36,4,2,1,Berakhot 49b,6,7,2,עַד כַּמָּה מְזַמְּנִין וְכוּ׳.
berakhot_49,40,36,4,2,2,Berakhot 49b,16,17,2,גְּמָ׳ אָמַר שְׁמוּאֵל: לְעוֹלָם אַל יוֹצִיא אָדָם אֶת עַצְמוֹ מִן הַכְּלָל.
eruvin_10,37,36,4,2,1,Eruvin 10a,17,1,2,אֶלָּא הֵיכִי עָבֵיד? אָמַר שְׁמוּאֵל מִשְּׁמֵיהּ דְּלֵוִי:
eruvin_10,37,36,4,2,2,Eruvin 10b,5,6,2,"וְיַעֲשֶׂה פַּס אַמָּה וְיַרְחִיק אַמָּה, וְיַעֲשֶׂה פַּס אַמָּה וְיַרְחִיק אַמָּה, וְיַעֲשֶׂה פַּס "
eruvin_101,30,30,4,1,1,Eruvin 101b,7,9,3,"מִדְּקָאָמַר: ״וְכֵן חֲנוּיוֹת״, מִכְּלָל דִּבְאִיסְקוּפַּת כַּרְמְלִית עָסְקִינַן. הַאי מַנְעוּל הֵ"
eruvin_51,32,27,4,1,1,Eruvin 51b,7,9,3,"רַבִּי יְהוּדָה אוֹמֵר: אֶחָד עָנִי וְאֶחָד עָשִׁיר מְעָרְבִין בָּרֶגֶל, וְיֵצֵא עָשִׁיר חוּץ לַתְּח"
eruvin_81,39,39,4,1,1,Eruvin 81b,11,12,2,וּמוֹדִים בִּשְׁאָר כׇּל הָאָדָם כּוּ׳. מַאן שְׁאָר כׇּל אָדָם? אָמַר רַב: בַּעַל הַבַּיִת.
eruvin_83,32,32,4,1,1,Eruvin 83a,5,6,2,פְּשִׁיטָא! שׂוֹחֲקוֹת אֲתָא לְאַשְׁמוֹעִינַן.
gittin_16,23,19,4,1,1,Gittin 16b,4,5,2,וְכִי אֵין גֵּט יוֹצֵא מִתַּחַת יְדֵי שְׁנֵיהֶם בְּמַאי פְּלִיגִי? מָר סָבַר: גָּזְרִינַן דִּלְמָא א
gittin_37,36,17,4,1,1,Gittin 37a,2,4,3,"אָמַר רַב יְהוּדָה אָמַר שְׁמוּאֵל: יְתוֹמִין, אֵין צְרִיכִין פְּרוֹסְבּוּל. וְכֵן תָּנֵי רָמֵי בַּר"
gittin_46,32,26,4,1,1,Gittin 46a,10,13,4,"רַבִּי מֵאִיר אוֹמֵר: כׇּל נֶדֶר שֶׁצָּרִיךְ וְכוּ׳: תַּנְיָא, רַבִּי אֶלְעָזָר אוֹמֵר: לֹא אָסְרוּ "
gittin_60,34,22,4,1,1,Gittin 60a,11,12,2,"אֵיתִיבֵיהּ: כְּשֶׁהוּא כּוֹתֵב, רוֹאֶה וְכוֹתֵב מַה שֶּׁכָּתוּב בַּטַּבְלָא! אֵימָא: ״כְּמָה שֶׁכָּ"
gittin_88,39,28,4,1,1,Gittin 88a,4,5,2,רַב אָשֵׁי אָמַר: דִּידִיעָה בֵּיהּ מְתַחְתָּא דִמְגִילְּתָא.
gittin_90,25,25,4,1,1,Gittin 90a,8,10,3,וּבֵית הִלֵּל – מִי כְּתִיב ״עֶרְוָה בְּדָבָר״?! וּבֵית שַׁמַּאי – מִי כְּתִיב ״אוֹ עֶרְוָה אוֹ דָּב
hullin_102,35,30,4,1,1,Hullin 102a,9,11,3,"(סִימָן: שְׁמוּאֵל, שֵׁילָא, שִׁימִי)."
hullin_108,26,25,4,1,1,Hullin 108b,3,5,3,וְסָבַר רַב גְּדִי אָסְרָה תּוֹרָה וְלֹא חָלָב? וְהָא אִיתְּמַר: חֲצִי זַיִת בָּשָׂר וַחֲצִי זַיִת ח
hullin_113,34,29,4,2,1,Hullin 113a,7,8,2,תָּא שְׁמַע מִסֵּיפָא דְּסֵיפָא: אֲבָל אִם הָיָה טָמֵא מָלִיחַ וְטָהוֹר תָּפֵל – אָסוּר. טָמֵא מָלִי
hullin_113,34,29,4,2,2,Hullin 113b,3,4,2,"וְלֵילַף מִינֵּיהּ? הָווּ לְהוּ שְׁנֵי כְּתוּבִין הַבָּאִין כְּאֶחָד, וְכׇל שְׁנֵי כְתוּבִים הַבָּאִ"
hullin_126,33,31,4,1,1,Hullin 126a,8,9,2,"מַאי לָאו, אַאֵין בְּצַוָּארוֹ פּוֹתֵחַ טֶפַח קָאֵי רַבִּי יוֹסֵי?"
hullin_133,38,34,4,1,1,Hullin 133a,3,4,2,"אָמַר רַבִּי אַבָּא, אָמַר רַב הוּנָא, אָמַר רַב: חוּטִין שֶׁבַּלְּחִי אֲסוּרִים, וְכׇל כֹּהֵן שֶׁאֵ"
hullin_137,39,29,4,1,1,Hullin 137b,3,4,2,"רַבָּה בַּר בַּר חָנָה אָמַר רַבִּי יוֹחָנָן: שֵׁשׁ – לְכֹהֵן חָמֵשׁ, וְאַחַת לוֹ. עוּלָּא אָמַר רַב"
hullin_140,42,29,4,1,1,Hullin 140b,1,2,2,"אִם כֵּן, ״צִפּוֹר״ לְמַעוֹטֵי עוֹף טָמֵא לְמָה לִי?"
hullin_29b,40,14,4,1,1,Chullin 29b,6,7,2,"לֹא נֶחְלְקוּ אֶלָּא כְּגוֹן שֶׁשָּׁחַט סִימָן אֶחָד בַּחוּץ וְסִימָן אֶחָד בִּפְנִים, לְמַאן דְּאָמ"
hullin_40,15,15,4,2,1,Hullin 40b,4,5,2,"אִי הָכִי, מַאי אִירְיָא חַטָּאת? לַישְׁמְעִינַן זֶבַח!"
hullin_40,15,15,4,2,2,Hullin 40b,7,8,2,"וְאָמַר רַב פָּפָּא: אִי לָאו דְּאָמַר רַב הוּנָא בֶּהֱמַת חֲבֵרוֹ, לָא הָוְיָא חַטָּאת תְּיוּבְתֵּי"
hullin_56,28,27,4,1,1,Hullin 56a,10,11,2,"הָא גוּפַאּ קַשְׁיָא, אָמְרַתְּ: בּוֹדְקִין לְחוּלְדָּה בַּיָּד אֲבָל לֹא בְּמַסְמֵר. אַלְמָא אִית ל"
hullin_61,13,13,4,1,1,Hullin 61a,6,2,3,"אִם כֵּן, עוֹרֵב, דִּכְתַב רַחֲמָנָא, לְמָה לִי? הַשְׁתָּא דְּאִית לֵיהּ תְּלָתָא לָא אָכְלִינַן, דְ"
hullin_71,38,37,4,2,1,Hullin 71a,14,15,2,"וּלְרַבָּנַן, הַאי קְרָא לְמָה לִי?"
hullin_71,38,37,4,2,2,Hullin 71b,5,6,2,"אַשְׁכְּחַן בָּלוּעַ דִּלְמַעְלָה, בָּלוּעַ דִּלְמַטָּה מְנָלַן? קַל וָחוֹמֶר: וּמָה לְמַעְלָה, שֶׁא"
hullin_72,26,26,4,1,1,Hullin 72b,5,6,2,"טוֹל לְךָ מַה שֶּׁהֵבֵאתָ, הֲרֵי שֶׁנּוֹלְדָה טְרֵפָה מִן הַבֶּטֶן, מִנַּיִן?"
hullin_73,30,28,4,1,1,Hullin 73b,9,10,2,"אִי מֵהַהִיא, הֲוָה אָמֵינָא: מַאי ״הוּכְשְׁרוּ״ – אַבָּשָׂר."
hullin_88,22,21,4,1,1,Hullin 88b,5,6,2,דָּרַשׁ רַב נַחְמָן בַּר רַב חִסְדָּא: אֵין מְכַסִּים אֶלָּא בְּדָבָר שֶׁזּוֹרְעִין בּוֹ וּמַצְמִיחַ
hullin_92,35,32,4,1,1,Hullin 92b,9,10,2,"מִמַּאי דִּילְמָא רַבִּי יְהוּדָה הִיא, אֲבָל לְרַבִּי מֵאִיר מִדְּאוֹרָיְיתָא נָמֵי אֲסִיר!"
hullin_94,36,30,4,1,1,Hullin 94b,5,6,2,"אֵימָא סֵיפָא: לֹא יֹאמַר אָדָם לְגוֹי ״קַח לִי בְּדִינָר זֶה בָּשָׂר״ מִפְּנֵי שְׁנֵי דְבָרִים, אֶח"
ketubot_105,33,28,4,1,1,Ketubot 105a,10,12,3,וְהָתַנְיָא: ״וְשׁוֹחַד לֹא תִקָּח״ מָה תַּלְמוּד לוֹמַר? אִם לְלַמֵּד שֶׁלֹּא לְזַכּוֹת אֶת הַחַיָּ
ketubot_14,23,23,4,1,1,Ketubot 14b,4,6,3,"אָמַר מָר: אֵיזוֹהִי אַלְמְנַת עִיסָּה — כֹּל שֶׁאֵין בָּהּ לֹא מִשּׁוּם מַמְזֵרוּת, וְלֹא מִשּׁוּם "
ketubot_24,26,26,4,2,1,Ketubot 24a,4,5,2,"הָנִיחָא לְמַאן דְּמַתְנֵי לַהּ אַסֵּיפָא, אֶלָּא לְמַאן דְּמַתְנֵי לַהּ אַרֵישָׁא — מַאי אִיכָּא לְ"
ketubot_24,26,26,4,2,2,Ketubot 24a,8,9,2,"לְמֵימְרָא דְּרַבִּי יְהוּדָה חָיֵישׁ לְגוֹמְלִין, וְרַבָּנַן לָא חָיְישִׁי לְגוֹמְלִין? וְהָא אִיפּ"
ketubot_28,30,28,4,1,1,Ketubot 28b,6,7,2,וְשֶׁהַמָּקוֹם הַזֶּה בֵּית הַפְּרָס הוּא. מַאי טַעְמָא? בֵּית הַפְּרָס דְּרַבָּנַן. דְּאָמַר רַב יְ
ketubot_3,23,20,4,1,1,Ketubot 3a,8,11,4,אֵין גֵּט לְאַחַר מִיתָה הָא תְּנָא לֵיהּ רֵישָׁא! דִּלְמָא לְאַפּוֹקֵי מִדְּרַבּוֹתֵינוּ.
ketubot_31,21,20,4,1,1,Ketubot 31a,3,6,4,"הָכִי הַשְׁתָּא?! הָתָם, אִי אֶפְשָׁר לְהַנָּחָה בְּלֹא עֲקִירָה. הָכָא, אֶפְשָׁר לַאֲכִילָה בְּלֹא "
ketubot_40b,22,13,4,1,1,Ketubot 40b,10,12,3,"גְּמָ׳ אָמַר רַב יְהוּדָה אָמַר רַב: זוֹ דִּבְרֵי רַבִּי מֵאִיר, אֲבָל חֲכָמִים אוֹמְרִים: יֵשׁ לָהּ"
ketubot_71,29,21,4,2,1,Ketubot 71a,13,1,2,"וְסָבַר רַבִּי יוֹסֵי בַּעֲנִיּוּת שֶׁלֹּא נָתַן קִצְבָה, אַלְמָא בַּעַל מָצֵי מֵיפַר? וּרְמִינְהוּ:"
ketubot_71,29,21,4,2,2,Ketubot 71b,5,6,2,וְלֹא תִּתְקַשֵּׁט וְלֹא תֵּאָסֵר! אִם כֵּן קָרוּ לַהּ ״מְנֻוֶּולֶת״.
ketubot_81,25,10,4,1,1,Ketubot 81a,6,9,4,"אוֹ שׁוֹתוֹת?! ״וְהֵבִיא הָאִישׁ אֶת אִשְׁתּוֹ אֶל הַכֹּהֵן״ אָמַר רַחֲמָנָא, וְלֵיכָּא! אֶלָּא: מִת"
ketubot_86,26,22,4,1,1,Ketubot 86b,12,13,2,"מַתְנִי׳ כָּתַב לָהּ ״נֶדֶר וּשְׁבוּעָה אֵין לִי עָלַיִךְ״ — אֵין יָכוֹל לְהַשְׁבִּיעָהּ, אֲבָל מַשׁ"
kiddushin_14,34,27,4,1,1,Kiddushin 14a,16,17,2,"תְּרֵי ״לָהּ״ כְּתִיבִי. וְאַכַּתִּי מִיבְּעֵי לֵיהּ חַד ״לָהּ״ לִשְׁמָהּ, וְאִידָּךְ ״לָהּ״ – וְלֹא"
kiddushin_26,25,24,4,1,1,Kiddushin 26a,13,14,2,נְכָסִים שֶׁאֵין לָהֶם אַחְרָיוּת. מְנָהָנֵי מִילֵּי? אָמַר חִזְקִיָּה: דְּאָמַר קְרָא: ״וַיִּתֵּן ל
kiddushin_30,37,19,4,2,1,Kiddushin 30a,6,7,2,"הוּא דְּאָמַר כִּי הַאי תַּנָּא, דְּתַנְיָא: ״וְלִמַּדְתֶּם אֹתָם אֶת בְּנֵיכֶם״ – אֵין לִי אֶלָּא ב"
kiddushin_30,37,19,4,2,2,Kiddushin 30a,15,1,2,"תָּנוּ רַבָּנַן: ״וְשִׁנַּנְתָּם״, שֶׁיְּהוּ דִּבְרֵי תוֹרָה מְחוּדָּדִים בְּפִיךְ, שֶׁאִם יִשְׁאַל "
kiddushin_32,31,18,4,1,1,Kiddushin 32a,9,12,4,"מַתְנֵי לֵיהּ רַב יְחֶזְקֵאל לְרָמִי בְּרֵיהּ: הַנִּשְׂרָפִים בַּנִּסְקָלִים, רַבִּי שִׁמְעוֹן אוֹמֵ"
kiddushin_33,36,18,4,1,1,Kiddushin 33a,10,12,3,"הָכִי נָמֵי מִסְתַּבְּרָא, דְּאָמַר רַבָּה בַּר בַּר חָנָה אָמַר רַבִּי יוֹחָנָן: בְּכׇל מָקוֹם מוּת"
kiddushin_44,31,22,4,1,1,Kiddushin 44a,7,8,2,"אִי רַבִּי יְהוּדָה, מַה שֶּׁאֵין כֵּן בְּקִידּוּשִׁין?! מַה שֶּׁאֵין כֵּן בְּגֵירוּשִׁין מִיבְּעֵי "
kiddushin_45,17,17,4,1,1,Kiddushin 45b,8,10,3,אָמַר רַב שְׁמוּאֵל בַּר רַב יִצְחָק: וּמוֹדֶה רַב שֶׁאִם מֵתָה – אֵינוֹ יוֹרְשָׁהּ. אוֹקִי מָמוֹנָא
kiddushin_48,28,21,4,1,1,Kiddushin 48b,2,3,2,"וְאִיבָּעֵית אֵימָא: דְּכוּלֵּי עָלְמָא יֶשְׁנָהּ לִשְׂכִירוּת מִתְּחִלָּה וְעַד סוֹף, וּמְקַדֵּשׁ ב"
kiddushin_57,33,32,4,1,1,Kiddushin 57a,13,15,3,"מָה מַכְשִׁיר וּמְכַפֵּר הָאָמוּר בִּפְנִים – עָשָׂה בּוֹ מַכְשִׁיר כִּמְכַפֵּר, אַף מַכְשִׁיר וּמְכ"
kiddushin_78,36,21,4,1,1,Kiddushin 78a,16,18,3,"מָה לְמִצְרִי רִאשׁוֹן, שֶׁכֵּן אֵינוֹ רָאוּי לָבֹא בַּקָּהָל. חָלָל יוֹכִיחַ."
makkot_4,24,24,4,1,1,Makkot 4a,5,7,3,וְרַב דְּאָמַר – כְּדִבְרֵי הַכֹּל?
makkot_7,34,29,4,1,1,Makkot 7a,9,10,2,"סַנְהֶדְרִין הַהוֹרֶגֶת וְכוּ׳. אִיבַּעְיָא לְהוּ: אַחַת לְשִׁבְעִים שָׁנָה נִקְרֵאת חַבְּלָנִית, או"
megillah_20,30,27,4,1,1,Megillah 20a,7,8,2,"מַתְנִי׳ אֵין קוֹרִין אֶת הַמְּגִילָּה, וְלֹא מָלִין, וְלֹא טוֹבְלִין, וְלֹא מַזִּין, וְכֵן שׁוֹמֶרֶ"
megillah_5b,37,19,4,1,1,Megillah 5b,1,3,3,"וְרָחַץ בִּקְרוֹנָהּ שֶׁל צִפּוֹרִי בְּשִׁבְעָה עָשָׂר בְּתַמּוּז, וּבִקֵּשׁ לַעֲקוֹר תִּשְׁעָה בְּא"
meilah_12,26,20,4,1,1,Meilah 12b,5,6,2,"אַמַּאי? הָכָא נָמֵי, לָא מְקַיֵּים בְּלֹא פֶּרֶשׁ! אָמְרִי: מַאי אִירְיָא, הָדֵין פֶּרֶשׁ דְּמִן עָ"
menachot_102,38,34,4,1,1,Menachot 102b,15,16,2,"״הֲרֵי עָלַי שְׁנֵי עֶשְׂרוֹנוֹת לְהָבִיא בִּשְׁנֵי כֵּלִים״, וְהֵבִיא בִּכְלִי אֶחָד, אָמְרוּ לוֹ: "
menachot_21,36,25,4,1,1,Menachot 21a,6,7,2,"וְרַב יְהוּדָה דִּידֵיהּ אָמַר: אֵבָרִים שֶׁצְּלָאָן וְהֶעֱלָן, אֵין בָּהֶם מִשּׁוּם ״לְרֵיחַ נִיחוֹ"
menachot_37,25,13,4,1,1,Menachot 37a,8,1,2,"אִינִי? וְהָתָנֵי רָמֵי בַּר חָמָא: מִתּוֹךְ שֶׁנֶּאֱמַר ״פָּדֹה תִפְדֶּה אֵת בְּכוֹר הָאָדָם״, שׁוֹ"
menachot_54,27,18,4,1,1,Menachot 54a,3,4,2,"כְּמַאן? לֵימָא רַבִּי חֲנִינָא בֶּן גַּמְלִיאֵל הִיא, וְלָא רַבָּנַן? אֲפִילּוּ תֵּימָא רַבָּנַן, נ"
menachot_6,47,28,4,1,1,Menachot 6a,5,6,2,"אֶלָּא אָמַר רַב אָשֵׁי, מִשּׁוּם דְּאִיכָּא לְמֵימַר: מֵעִיקָּרָא דְּדִינָא פִּרְכָא, מֵהֵיכָא קָא "
menachot_60,36,22,4,1,1,Menachot 60b,5,8,4,"מָה לְהַצַּד הַשָּׁוֶה שֶׁבָּהֶן, שֶׁכֵּן הוּכְשְׁרוּ לָבֹא בְּעָשִׁיר כִּבְעָנִי, תֹּאמַר בְּמִנְחַ"
menachot_7,37,17,4,1,1,Menachot 7a,13,14,2,"אֵיתִיבֵיהּ: זֶה הַכְּלָל, כׇּל הַקּוֹמֵץ וְנוֹתֵן בִּכְלִי, הַמּוֹלִיךְ וְהַמַּקְטִיר, לֶאֱכוֹל דָּ"
menachot_71,30,28,4,1,1,Menachot 71a,13,14,2,"אַנְשֵׁי יְרִיחוֹ קוֹצְרִין בִּרְצוֹן חֲכָמִים, וְגוֹדְשִׁין שֶׁלֹּא בִּרְצוֹן חֲכָמִים וְכוּ׳. מַאן"
menachot_88,41,39,4,1,1,Menachot 88a,13,14,2,אָמַר מָר: וְאֶת מִי אָבִיא תַּחְתָּיו. לָא סַגִּיא דְּלָא מְעַיֵּיל? כִּדְאָמַר רָבִינָא: גְּמִירִי
moed_katan_6,32,32,4,1,1,Moed Katan 6b,2,4,3,וְהָתַנְיָא: הִתְקִינוּ שֶׁיְּהוּ מַפְקִירִין כׇּל הַשָּׂדֶה כּוּלָּהּ! לָא קַשְׁיָא: כָּאן קוֹדֶם ת
nazir_28,23,16,4,2,1,Nazir 28b,1,2,2,"תַּנָּא דִידַן סָבַר: כֵּיוָן דְּאִיזְדְּרִיק עֲלַהּ דָּם, לְאַלְתַּר שַׁרְיָא בְּחַמְרָא, וְהָא לֵי"
nazir_28,23,16,4,2,2,Nazir 28b,5,6,2,כְּדִתְנַן: אִם גִּילַּח עַל אַחַת מִשְּׁלׇשְׁתָּן — יָצָא.
nazir_40,23,23,4,1,1,Nazir 40a,2,4,3,"רַבִּי אוֹמֵר: אֵינוֹ צָרִיךְ, הֲרֵי הוּא אוֹמֵר ״תַּעַר לֹא יַעֲבוֹר עַל רֹאשׁוֹ עַד מְלֹאת״, הַתּו"
nedarim_44,10,10,4,1,1,Nedarim 44b,2,4,3,דְּאָמְרִינַן לֵיהּ: כִּי מְעַשְּׂרַתְּ — עַשַּׂר מִינֵּיהּ וּבֵיהּ.
nedarim_5,17,17,4,1,1,Nedarim 5a,6,8,3,"וְהָא מַתְנִיתִין דְּקָתָנֵי ״הֵימָךְ״, וְאוֹקִימְנָא לְמַתְנִיתִין לִשְׁמוּאֵל: בְּכוּלָּן עַד שֶׁי"
nedarim_50,19,18,4,2,1,Nedarim 50a,5,6,2,"אֲתָא בְּעֶשְׂרִין וְאַרְבְּעָה אַלְפִין זוּגֵי תַלְמִידֵי. נְפוּק כּוּלֵּי עָלְמָא לְאַפֵּיהּ, וְאַ"
nedarim_50,19,18,4,2,2,Nedarim 50a,8,1,2,"דְּמִן דִּסְרוּקִיתָא, וּמִן מַטְרוֹנִיתָא,"
niddah_11,31,12,4,1,1,Niddah 11a,6,7,2,"לִישָּׁנָא אַחֲרִינָא, אָמַר רַב הוּנָא: קָפְצָה וְרָאֲתָה, קָפְצָה וְרָאֲתָה, קָפְצָה וְרָאֲתָה — ק"
niddah_11b,31,18,4,1,1,Niddah 11b,14,15,2,"וְהָא מַתְנִיתִין בְּאִשָּׁה שֶׁיֵּשׁ לָהּ וֶסֶת עָסְקִינַן! מַתְנִיתִין בֵּין שֶׁיֵּשׁ לָהּ וֶסֶת, "
niddah_24,40,32,4,1,1,Niddah 24b,2,3,2,"תָּנֵי תַּנָּא קַמֵּיהּ דְּרַב: הַמַּפֶּלֶת בְּרִיַּית גּוּף שֶׁאֵינוֹ חָתוּךְ, וּבְרִיַּית רֹאשׁ שֶ"
niddah_35,42,31,4,1,1,Niddah 35a,12,13,2,"רַבָּנַן לָא דָּרְשִׁי ״אֶתִּים״: ״הַזָּב״ — חֲדָא, ״זוֹבוֹ״ — תַּרְתֵּי, ״לַזָּכָר״ — בַּשְּׁלִישִׁ"
pesachim_50,35,33,4,1,1,Pesachim 50a,21,22,2,רַבִּי אֲבִינָא רָמֵי: כְּתִיב ״זֶה שְּׁמִי לְעֹלָם״ — ״וְזֶה זִכְרִי לְדוֹר דּוֹר״. אָמַר הַקָּדוֹש
pesachim_71,30,16,4,1,1,Pesachim 71a,10,11,2,מֵיתִיבִי: ״וְהָיִיתָ אַךְ שָׂמֵחַ״ — לְרַבּוֹת לֵילֵי יוֹם טוֹב הָאַחֲרוֹן לְשִׂמְחָה. אַתָּה אוֹמֵ
pesachim_73,30,29,4,1,1,Pesachim 73a,2,3,2,"שְׁחָטוֹ שֶׁלֹּא לְאוֹכְלָיו. פְּשִׁיטָא! כֵּיוָן דְּהָתָם — פָּסוּל, הָכָא — חַיָּיב! מִשּׁוּם דְּת"
rosh_hashanah_17,35,23,4,1,1,Rosh Hashanah 17a,7,9,3,"אָמַר מָר, בֵּית הִלֵּל אוֹמְרִים: ״וְרַב חֶסֶד״ — מַטֶּה כְּלַפֵּי חֶסֶד, וְהָכְתִיב: ״וְהֵבֵאתִי א"
sanhedrin_10,25,24,4,1,1,Sanhedrin 10a,7,8,2,"אֶלָּא מֵעַתָּה, ״וְהִצְדִּיקוּ״ – שְׁנַיִם, ״וְהִרְשִׁיעוּ״ – שְׁנַיִם, הֲרֵי כָּאן שִׁבְעָה? הָהוּ"
sanhedrin_108,45,28,4,1,1,Sanhedrin 108a,23,1,2,"לֹא יִפְנֶה דֶּרֶךְ כְּרָמִים״, מְלַמֵּד שֶׁהָיוּ מְפַנִּים דֶּרֶךְ כְּרָמִים. אָמְרוּ לוֹ: וּמִי מְ"
sanhedrin_14,31,29,4,1,1,Sanhedrin 14b,6,7,2,"הֵיכִי דָּמֵי? לָאו לִמְדִידַת עֶגְלָה, וְרַבִּי אֱלִיעֶזֶר בֶּן יַעֲקֹב הִיא, דְּאָמַר: כּוּלֵּי סַ"
sanhedrin_16,39,32,4,1,1,Sanhedrin 16a,15,16,2,"פְּשִׁיטָא! מַהוּ דְּתֵימָא: הוֹאִיל וְכָתַב ״כׇּל הַדָּבָר הַגָּדֹל״, כׇּל דְּבָרָיו שֶׁל גָּדוֹל –"
sanhedrin_19,38,13,4,1,1,Sanhedrin 19a,4,5,2,"מֵת לוֹ מֵת כּוּ׳. תָּנוּ רַבָּנַן: ״וּמִן הַמִּקְדָּשׁ לֹא יֵצֵא״ – לֹא יֵצֵא עִמָּהֶן, אֲבָל יוֹצֵ"
sanhedrin_35,26,23,4,1,1,Sanhedrin 35a,4,5,2,"אֶלָּא, כְּדֵי שֶׁיָּשׁוּב חֲרוֹן אַף מִיִּשְׂרָאֵל."
sanhedrin_45,40,21,4,1,1,Sanhedrin 45a,6,7,2,"אָמַר רָבָא: דְּרַבִּי יְהוּדָה אַדְּרַבִּי יְהוּדָה קַשְׁיָא, דְּרַבָּנַן אַדְּרַבָּנַן לָא קַשְׁיָ"
sanhedrin_59,43,15,4,1,1,Sanhedrin 59a,12,13,2,"לִבְנֵי נֹחַ, וְלֹא נִשְׁנֵית בְּסִינַי – לְיִשְׂרָאֵל נֶאֶמְרָה וְלֹא לִבְנֵי נֹחַ. וְאָנוּ אֵין לָ"
sanhedrin_98,38,32,4,1,1,Sanhedrin 98b,5,6,2,"אֲמַר לֵיהּ: שֶׁמָּא יִגְרוֹם הַחֵטְא, כִּדְרַבִּי יַעֲקֹב בַּר אִידִי, דְּרַבִּי יַעֲקֹב בַּר אִידִ"
shabbat_102,23,23,4,1,1,Shabbat 102b,8,9,2,אֲבָל שׁוּפְתָּא בְּקוֹפִינָא דְמָרָא דְּאֵין דֶּרֶךְ בִּנְיָן בְּכָךְ — אֵימָא מוֹדֶה לֵיהּ לִשְׁמו
shabbat_107,19,13,4,1,1,Shabbat 107b,1,2,2,"לְמַה שֶּׁמָּנוּ חֲכָמִים. אַדְּרַבָּה, לְמַה שֶּׁמָּנוּ חֲכָמִים אֵין לָהֶם עוֹר! וְאָמַר אַבָּיֵי,"
shabbat_111,18,16,4,1,1,Shabbat 111b,3,4,2,מַאי ״הֲלָכָה כְּרַבִּי שִׁמְעוֹן וְלָאו מִטַּעְמֵיהּ״? אִילֵּימָא הֲלָכָה כְּרַבִּי שִׁמְעוֹן — דְּ
shabbat_118,22,19,4,1,1,Shabbat 118b,7,8,2,"וְאָמַר רַבִּי יוֹסֵי: יְהֵא חֶלְקִי מִמֵּתֵי בְּחוֹלִי מֵעַיִים, דַּאֲמַר מָר: רוּבָּן שֶׁל צַדִּיק"
shabbat_154,24,24,4,1,1,Shabbat 154b,3,4,2,וְהָאֲנַן תְּנַן: נוֹטֵל אֶת הַכֵּלִים הַנִּיטָּלִין בְּשַׁבָּת?
shabbat_39,14,10,4,1,1,Shabbat 39a,6,7,2,תָּא שְׁמַע: מַעֲשֶׂה שֶׁעָשׂוּ אַנְשֵׁי טְבֶרְיָא וְהֵבִיאוּ סִילוֹן שֶׁל צוֹנֵן לְתוֹךְ אַמָּה שֶׁ
shabbat_49,29,26,4,1,1,Shabbat 49a,9,10,2,בִּנְסוֹרֶת שֶׁל חָרָשִׁין כּוּ׳. אִיבַּעְיָא לְהוּ: רַבִּי יְהוּדָה אַנְּסוֹרֶת שֶׁל חָרָשִׁין קָאֵ
shabbat_64,41,37,4,1,1,Shabbat 64a,13,15,3,וְדִין הוּא: טִימֵּא בְּמֵת וְטִימֵּא בְּשֶׁרֶץ. מָה כְּשֶׁטִּימֵּא בְּשֶׁרֶץ — עָשָׂה דָּבָר הַבָּא
shabbat_69,19,17,4,1,1,Shabbat 69a,6,7,2,"בִּשְׁלָמָא לְרַבִּי יוֹחָנָן, דְּאָמַר כֵּיוָן שֶׁשָּׁגַג בְּכָרֵת אַף עַל פִּי שֶׁהֵזִיד בְּלָאו —"
shabbat_85,9,9,4,1,1,Shabbat 85a,2,3,2,וּמְנָלַן דְּהָא דְּקִים לְהוּ לְרַבָּנַן דְּחַמְשָׁא בְּשִׁיתָּא מִילְּתָא הִיא? דְּאָמַר רַבִּי חִ
shevuot_10,32,26,4,1,1,Shevuot 10b,3,6,4,"מַאי שְׁנָא דְּרָאשֵׁי חֳדָשִׁים דְּלָא מְכַפְּרִי אַדִּרְגָלִים – דְּאָמַר קְרָא ״עֲוֹן״, עָוֹן אֶח"
shevuot_39,43,21,4,1,1,Shevuot 39a,13,14,2,"אָמַר מָר, אוֹמְרִין לוֹ: הֱוֵי יוֹדֵעַ, שֶׁכׇּל הָעוֹלָם כּוּלּוֹ נִזְדַּעְזַע בְּשָׁעָה שֶׁאָמַר ה"
sotah_18,32,28,4,1,1,Sotah 18b,2,4,3,"רַבִּי מֵאִיר אוֹמֵר: אָמֵן שֶׁלֹּא נִטְמֵאתִי, אָמֵן שֶׁלֹּא אֶטָּמֵא."
sotah_28,28,26,4,1,1,Sotah 28a,16,19,4,"וְאִידַּךְ: אִם כֵּן, לִכְתּוֹב קְרָא ״בִּטְנָהּ וִירֵכָהּ״, מַאי ״בֶּטֶן״ וְ״יָרֵךְ״? שְׁמַע מִינַּ"
sukkah_13,26,24,4,1,1,Sukkah 13a,14,1,2,שְׁיָרָיו אֶחָד פָּסוּל? הָא אָמְרַתְּ שְׁיָרָיו אֶחָד כָּשֵׁר!
sukkah_21,20,20,4,1,1,Sukkah 21b,8,9,2,"אָמַר רַבִּי שִׁמְעוֹן: מַעֲשֶׂה בְּטָבִי עַבְדּוֹ. תַּנְיָא, אָמַר רַבִּי שִׁמְעוֹן: מִשִּׂיחָתוֹ ש"
sukkah_27,28,15,4,1,1,Sukkah 27a,9,10,2,"וְהָתָם מְנָלַן? אָמַר קְרָא: ״בָּעֶרֶב תֹּאכְלוּ מַצּוֹת״, הַכָּתוּב קְבָעוֹ חוֹבָה."
sukkah_51,30,26,4,1,1,Sukkah 51a,12,15,4,מַאי טַעְמָא דְּמַאן דְּאָמַר עִיקַּר שִׁירָה בִּכְלִי? דִּכְתִיב: ״וַיֹּאמֶר חִזְקִיָּהוּ לְהַעֲלוֹ
taanit_8,35,28,4,1,1,Taanit 8b,1,2,2,"נֶאֶמְרָה עֲצִירָה בְּאִשָּׁה, שֶׁנֶּאֱמַר: ״כִּי עָצֹר עָצַר ה׳ בְּעַד כׇּל רֶחֶם״, וְנֶאֶמְרָה עֲצ"
temurah_5,42,38,4,1,1,Temurah 5b,2,5,4,"וַהֲרֵי תְּמוּרָה, דְּאָמַר רַחֲמָנָא: ״לֹא יַחֲלִיפֶנּוּ וְלֹא יָמִיר אוֹתוֹ״, וְתָנָא: לֹא שֶׁאָדָ"
yevamot_107,31,25,4,1,1,Yevamot 107b,8,11,4,"בֵּית שַׁמַּאי אוֹמְרִים: בְּפָנָיו וְכוּ׳. תַּנְיָא, אָמְרוּ לָהֶן בֵּית הִלֵּל לְבֵית שַׁמַּאי: וַ"
yevamot_26b,33,19,4,1,1,Yevamot 26a,16,19,4,"הָיְתָה אַחַת מֵהֶן אֲסוּרָה עַל הָאֶחָד אִיסּוּר עֶרְוָה — אָסוּר בָּהּ, וּמוּתָּר בַּאֲחוֹתָהּ. וְ"
yevamot_67,31,19,4,1,1,Yevamot 67b,11,12,2,"סָפֵק שֶׁהוּא בֶּן תֵּשַׁע שָׁנִים וְיוֹם אֶחָד סָפֵק שֶׁאֵינוֹ, סָפֵק הֵבִיא שְׁתֵּי שְׂעָרוֹת וְסָ"
yevamot_72,38,38,4,1,1,Yevamot 72a,2,3,2,"מַאי טַעְמָא? אִיבָּעֵית אֵימָא מִשּׁוּם דִּנְזוּפִים הָווּ, וְאִי בָּעֵית אֵימָא דְּלָא נִבַּדּוּר "
yevamot_8,35,22,4,2,1,Yevamot 8a,19,1,2,אֲמַר לֵיהּ רַב אַחָא בַּר בִּיבִי מָר לְרָבִינָא: הָכִי קָאָמְרִינַן מִשְּׁמֵיהּ דְּרָבָא: צָרָה נָ
yevamot_8,35,22,4,2,2,Yevamot 8b,4,5,2,הַאי ״בְּחַיֶּיהָ״ מִיבְּעֵי לֵיהּ לְמַעוֹטֵי לְאַחַר מִיתָה! הָהִיא מִ״וְאִשָּׁה אֶל אֲחוֹתָהּ״ נָפ
yevamot_80,25,23,4,1,1,Yevamot 80a,5,6,2,"לְחַד אֵבֶר חָיְישִׁינַן, לְכוּלֵּיהּ גּוּפָא לָא חָיְישִׁינַן."
yevamot_96,36,21,4,1,1,Yevamot 96a,9,10,2,גְּמָ׳ אַטּוּ כּוּלְּהוּ לָאו לְאַחַר מִיתַת רִאשׁוֹנָה נִינְהוּ? אָמַר רַב שֵׁשֶׁת: לְאַחַר מִיתַת 
yoma_4,25,20,4,1,1,Yoma 4a,11,1,2,רַבִּי עֲקִיבָא אוֹמֵר: ״וַיִּשְׁכּוֹן כְּבוֹד ה׳״ — מֵרֹאשׁ חוֹדֶשׁ.
yoma_42,27,25,4,1,1,Yoma 42b,2,3,2,"אִיתְּמַר: שְׁחִיטַת פָּרָה בְּזָר, רַבִּי אַמֵּי אָמַר: כְּשֵׁרָה, וְרַבִּי יִצְחָק נַפָּחָא אָמַר:"
yoma_70,35,24,4,1,1,Yoma 70a,9,10,2,הָרוֹאֶה כֹּהֵן גָּדוֹל כּוּ׳ לֹא מִפְּנֵי שֶׁאֵינוֹ רַשַּׁאי. פְּשִׁיטָא? מַהוּ דְּתֵימָא כִּדְרֵיש
yoma_73,39,39,4,1,1,Yoma 73a,13,14,2,יְתֵיב רַבִּי אֲבָהוּ וְקָאָמַר לַהּ לְהָא שְׁמַעְתָּא מִשְּׁמֵיהּ דְּרַבִּי יוֹחָנָן. אַהְדְּרִינְה
zevachim_20,34,30,4,1,1,Zevachim 20a,11,12,2,"אֲנַן הָכִי קָאָמְרִינַן: אִי סָלְקָא דַּעְתָּךְ רַבִּי הִיא, לוֹקְמַהּ בִּמְקוֹם דְּרִיסַת רַגְלֵי "
zevachim_21,23,21,4,1,1,Zevachim 21b,6,7,2,"אִי הָכִי, ״לְמָחָר אֵינוֹ מְקַדֵּשׁ״ – [אַמַּאי? אֵין צָרִיךְ לְקַדֵּשׁ.]"
zevachim_26,34,21,4,1,1,Zevachim 26a,4,5,2,אָמַר רַב חִסְדָּא אָמַר אֲבִימִי: חוֹתֵךְ בָּאֵבָר עַד שֶׁמַּגִּיעַ לָעֶצֶם.
zevachim_49,41,38,4,2,1,Zevachim 49b,3,4,2,אֲמַר לֵיהּ מָר זוּטְרָא בְּרֵיהּ דְּרַב מָרִי לְרָבִינָא: אֵימָא כִּי אַהְדְּרֵיהּ קְרָא – לְגַבֵּי
zevachim_49,41,38,4,2,2,Zevachim 49b,14,15,2,"(הֶיקֵּשׁ, וּגְזֵירָה שָׁוָה, קַל וָחוֹמֶר – סִימָן)"
zevachim_50,31,30,4,2,1,Zevachim 50a,18,1,2,"וְתַנְיָא, רַבִּי אוֹמֵר: נֶאֱמַר כָּאן עוֹר וּבָשָׂר [וָפֶרֶשׁ],"
zevachim_50,31,30,4,2,2,Zevachim 50b,3,4,2,"הָנִיחָא לְמַאן דְּאִית לֵיהּ דְּרַב פָּפָּא; אֶלָּא לְמַאן דְּלֵית לֵיהּ דְּרַב פָּפָּא, מַאי אִיכָ"
zevachim_74,34,25,4,1,1,Zevachim 74a,16,2,3,אָמַר מָר: מֵרִיבּוֹא לִשְׁלֹשָׁה וּמִשְּׁלֹשָׁה לְמָקוֹם אַחֵר – מוּתָּר.
zevachim_76,20,20,4,1,1,Zevachim 76a,8,9,2,"הָא לָא דָּמֵי אֶלָּא לַחֲתִיכָה שֶׁבַּחֲתִיכוֹת – כֵּיוָן דְּלֵית תַּקַּנְתָּא, דְּאוֹכֵל כְּחָמוּר"
Hullin_18,25,22,3,1,1,Chullin 18b,2,3,2,אָמַר רַב יוֹסֵף: רַבִּי יוֹסֵי בַּר יְהוּדָה תַּרְתֵּי קָאָמַר. רַב וּשְׁמוּאֵל סָבְרִי כְּוָותֵיהּ
Hullin_4,40,28,3,1,1,Chullin 4a,5,6,2,"כַּיּוֹצֵא בּוֹ, מָצָא בְּיָדוֹ דְּקוּרְיָא שֶׁל צִפֳּרִין, קוֹטֵעַ רֹאשׁוֹ כּוּ׳. אַמַּאי? לֵיחוּשׁ"
avodah_zarah_13,28,25,3,1,1,Avodah Zarah 13a,6,7,2,"אָמַר רַב מְשַׁרְשְׁיָא בְּרֵיהּ דְּרַב אִידִי: קָסָבַר רַבִּי שִׁמְעוֹן בֶּן לָקִישׁ, פְּלִיגִי רַב"
avodah_zarah_19,35,35,3,1,1,Avodah Zarah 19b,11,12,2,הִגִּיעַ לַכִּיפָּה מָקוֹם שֶׁמַּעֲמִידִין בָּהּ עֲבוֹדָה זָרָה. אָמַר רַבִּי אֶלְעָזָר אָמַר רַבִּי
avodah_zarah_21,19,18,3,1,1,Avodah Zarah 21a,14,1,2,אַף בְּמָקוֹם שֶׁאָמְרוּ לְהַשְׂכִּיר. מִכְּלָל דְּאִיכָּא דּוּכְתָּא דְּלָא מוֹגְרִי.
avodah_zarah_33,28,20,3,1,1,Avodah Zarah 33b,9,10,2,"כָּסֵי — רַב אַסִּי אָסַר, וְרַב אָשֵׁי שְׁרֵי. אִי שָׁתֵי בְּהוּ גּוֹי פַּעַם רִאשׁוֹן — כּוּלֵּי ע"
avodah_zarah_37,32,29,3,1,1,Avodah Zarah 37a,7,9,3,אֲמַר לֵיהּ רַבִּי (אֱלִיעֶזֶר) [אֶלְעָזָר] לְהָהוּא סָבָא: כִּי שְׁרִיתוּהָ — לְאַלְתַּר שְׁרִיתוּה
avodah_zarah_50,25,24,3,1,1,Avodah Zarah 50b,6,7,2,"וְאֶלָּא זִיהוּם אַגִּיזּוּם קָא קַשְׁיָא לֵיהּ: מַאי שְׁנָא זִיהוּם דְּשָׁרֵי, וּמַאי שְׁנָא גִּיזּ"
avodah_zarah_52,42,41,3,1,1,Avodah Zarah 52a,5,6,2,"אֵימָא: הָנֵי מִילֵּי לְמֵיקַם גַּבְרָא בְּחֵטְא, אִיתְּסוֹרֵי לָא מִיתַּסְרָא! אָמַר קְרָא: ״אָרוּר"
avodah_zarah_61,24,22,3,1,1,Avodah Zarah 61a,4,5,2,"הַמְטַהֵר יֵינוֹ שֶׁל נׇכְרִי וְנוֹתְנוֹ בִּרְשׁוּתוֹ, וְהַלָּה כּוֹתֵב לוֹ: ״הִתְקַבַּלְתִּי מִמְּך"
avodah_zarah_73,31,30,3,1,1,Avodah Zarah 73b,14,16,3,"תַּנְיָא כְּוָותֵיהּ דְּרַב וּשְׁמוּאֵל, תַּנְיָא כְּוָותֵיהּ דְּרַבִּי יוֹחָנָן וְרֵישׁ לָקִישׁ."
bava_batra_135,24,22,3,1,1,Bava Batra 135a,11,1,2,אַבָּיֵי אָמַר:
bava_batra_137,26,24,3,1,1,Bava Batra 137a,3,4,2,"קַשְׁיָא דְּרַבִּי אַדְּרַבִּי, וּדְרַבָּן שִׁמְעוֹן בֶּן גַּמְלִיאֵל אַדְּרַבָּן שִׁמְעוֹן בֶּן גַּ"
bava_batra_14,27,22,3,1,1,Bava Batra 14b,4,5,2,"וְרַבִּי מֵאִיר, עַמּוּדִין הֵיכָא הֲווֹ קָיְימִי? מִבָּרַאי. וְרַבִּי מֵאִיר, שִׁבְרֵי לוּחוֹת דְּמ"
bava_batra_141,23,22,3,1,1,Bava Batra 141a,8,10,3,"אֶלָּא הָא דְּתַנְיָא: יָלְדָה זָכָר וּנְקֵבָה – הַזָּכָר נוֹטֵל שִׁשָּׁה דִּינָרִין, וְהַנְּקֵבָה נ"
bava_batra_149,10,10,3,1,1,Bava Batra 149a,2,3,2,"אִיבַּעְיָא לְהוּ: מָכַר כׇּל נְכָסָיו, מַהוּ? אָמַר רַב יְהוּדָה אָמַר רַב: אִם עָמַד אֵינוֹ חוֹזֵר"
bava_batra_150,22,22,3,1,1,Bava Batra 150a,6,7,2,אִיבַּעְיָא לְהוּ: עַבְדָּא – כִּמְקַרְקְעָא אוֹ כְּמִטַּלְטְלָא דָּמֵי? אֲמַר לֵיהּ רַב אַחָא בְּרֵ
bava_batra_176,20,20,3,1,1,Bava Batra 176a,8,9,2,קַשְׁיָא דְּרַב אַדְּרַב! לָא קַשְׁיָא; הָא דִּכְתִב בֵּיהּ ״פְּלוֹנִי עָרֵב״. הָא דִּכְתִב בֵּיהּ ״
bava_batra_38,15,13,3,1,1,Bava Batra 38b,2,3,2,אָמַר רַב יְהוּדָה אָמַר רַב: אֵין מַחֲזִיקִין בְּנִכְסֵי בוֹרֵחַ. כִּי אַמְרִיתַהּ קַמֵּיהּ דִּשְׁמ
bava_kamma_111,31,24,3,1,1,Bava Kamma 111a,7,8,2,"תַּנְיָא, אָמַר רַבִּי: לְדִבְרֵי רַבִּי יְהוּדָה, אִם קַיָּים אָשָׁם – יַחֲזִיר אָשָׁם אֵצֶל כֶּסֶף"
bava_kamma_42,35,33,3,1,1,Bava Kamma 42a,8,9,2,"אֶלָּא אָמַר רָבָא: אִיצְטְרִיךְ, סָלְקָא דַּעְתָּךְ אָמֵינָא: אֲנָשִׁים – וְלֹא שְׁוָורִים הַדּוֹמִ"
bava_kamma_45,32,29,3,1,1,Bava Kamma 45b,14,16,3,"וְהָא מִיבְּעֵי לֵיהּ לְלָאו! אִם כֵּן, נִכְתּוֹב רַחֲמָנָא ״וְלֹא יִשְׁמוֹר״, מַאי ״וְלֹא יִשְׁמְרֶ"
bava_kamma_55,36,29,3,1,1,Bava Kamma 55a,15,16,2,"אָמְרִי: הָכִי הַשְׁתָּא?! הָתָם – אֶרֶץ מְקוֹם חִיּוּבָא, חוּצָה לָאָרֶץ לָא מְקוֹם חִיּוּבָא; הָכָ"
bava_kamma_60,45,40,3,1,1,Bava Kamma 60a,13,14,2,וְרַבִּי יְהוּדָה – ״אוֹ״ מִיבְּעֵי לֵיהּ לְחַלֵּק. וְרַבָּנַן לְחַלֵּק מְנָא לְהוּ? נָפְקָא לְהוּ מ
bava_kamma_81,34,25,3,1,1,Bava Kamma 81b,8,9,2,"וּמְהַלְּכִין בִּשְׁבִילֵי הָרְשׁוּת, עַד שֶׁתֵּרֵד רְבִיעָה שְׁנִיָּה. אָמַר רַב פָּפָּא: וְהַאי דּ"
bava_kamma_96,32,20,3,1,1,Bava Kamma 96b,1,2,2,"מַאי, לָאו הוּא הַדִּין לְנֶחְלְקָה? לָא; נִיטְּלָה שָׁאנֵי, דְּהָא חֲסַר לֵהּ."
bava_kamma_99,42,21,3,1,1,Bava Kamma 99a,14,15,2,"מַאי, לָאו בְּאוּמָּן קוֹנֶה בִּשְׁבַח כְּלִי קָמִיפַּלְגִי? דְּרַבִּי מֵאִיר סָבַר: אוּמָּן קוֹנֶה "
bava_metzia_116,30,25,3,1,1,Bava Metzia 116b,8,9,2,כִּדְאָמַר רַב נַחְמָן: כְּגוֹן שֶׁיֵּשׁ עֵסֶק שְׁבוּעָה בֵּינֵיהֶן. הָכָא נָמֵי: כְּגוֹן שֶׁיֵּשׁ ע
bava_metzia_18,33,31,3,1,1,Bava Metzia 18b,12,14,3,"לְמַאן דְּאָמַר לְרַבִּי זֵירָא בִּמְקוֹם שֶׁהַשְּׁיָירוֹת מְצוּיוֹת, וְאַף עַל גַּב שֶׁלֹּא הוּחְזְ"
bava_metzia_2,26,26,3,1,1,Bava Metzia 2b,9,10,2,"הַאי מַאי, אִי אָמְרַתְּ בִּשְׁלָמָא רַבָּנַן: הָתָם דְּלָא תָּפְסִי תַּרְוַיְיהוּ אֲמַרוּ רַבָּנַן "
bava_metzia_33,33,33,3,1,1,Bava Metzia 33a,2,3,2,"הָא מַנִּי? רַבִּי יוֹסֵי הַגְּלִילִי הִיא, דְּאָמַר צַעַר בַּעֲלֵי חַיִּים דְּרַבָּנַן."
bava_metzia_51,33,16,3,1,1,Bava Metzia 51a,17,18,2,"אִי רַבִּי נָתָן – מַתְנִיתִין קָתָנֵי ״רָצָה״, וּבָרַיְיתָא לָא קָתָנֵי ״רָצָה״. אִי רַבִּי יְהוּדָ"
bava_metzia_54,30,30,3,1,1,Bava Metzia 54b,6,7,2,וְתִיפּוֹק לֵיהּ דְּהָוֵה לֵיהּ הֶקְדֵּשׁ שֵׁנִי. וְאָמַר רַבִּי יְהוֹשֻׁעַ בֶּן לֵוִי: אַהֶקְדֵּשׁ 
bava_metzia_61,37,36,3,1,1,Bava Metzia 61a,18,1,2,"וְלוֹקְמַהּ בְּרִבִּית וְאוֹנָאָה, וְלַעֲבוֹר עָלָיו בִּשְׁנֵי לָאוִין? דָּבָר הַלָּמֵד מֵעִנְיָינוֹ"
beitzah_28,36,29,3,1,1,Beitzah 28a,15,17,3,"אִיכָּא דְּמַתְנֵי לַהּ אַסֵּיפָא: בְּשֶׁל עֵץ מוּתָּר, אָמַר רַב יְהוּדָה אָמַר שְׁמוּאֵל: הָא דְּא"
bekhorot_25,35,34,3,1,1,Bekhorot 25a,2,4,3,וּמִי אָמַר רַב הָכִי? וְהָא אָמַר רַב חִיָּיא בַּר אָשֵׁי מִשְּׁמֵיהּ דְּרַב: מְסוֹכַרְיָא דְּנַזְי
bekhorot_30,31,21,3,1,1,Bekhorot 30a,13,1,2,"רַבִּי יוֹנָה וְרַבִּי יִרְמְיָה תַּלְמִידֵי רַבִּי זְעֵירָא, וְאָמְרִי לַהּ רַבִּי יוֹנָה וְרַבִּי "
bekhorot_8,38,29,3,1,1,Bekhorot 8a,9,11,3,כֹּל שֶׁתַּשְׁמִישׁוֹ וְעִיבּוּרוֹ שָׁוֶה — יוֹלְדִים וּמְגַדְּלִים זֶה מִזֶּה. הַכֹּל מְשַׁמְּשִׁין
berakhot_2,33,22,3,1,1,Berakhot 2a,14,1,2,"וּמִמַּאי דְּהַאי ״וּבָא הַשֶּׁמֶשׁ״ בִּיאַת הַשֶּׁמֶשׁ, וְהַאי ״וְטָהֵר״ — טְהַר יוֹמָא."
berakhot_24,45,22,3,1,1,Berakhot 24a,8,9,2,"בִּשְׁלָמָא לְרַב יוֹסֵף לָא קַשְׁיָא, הָא אִשְׁתּוֹ, וְהָא בְּאַחֵר. אֶלָּא לִשְׁמוּאֵל קַשְׁיָא?"
berakhot_45,40,23,3,1,1,Berakhot 45b,6,8,3,"תִּסְתַּיֵּים, דְּרַב דְּאָמַר אִם רָצוּ לְזַמֵּן — אֵין מְזַמְּנִין. דְּאָמַר רַב דִּימִי בַּר יוֹס"
chagigah_22,39,27,3,1,1,Chagigah 22a,15,16,2,"וּמַאן תַּנָּא דְּחָיֵישׁ לְאֵיבָה — רַבִּי יוֹסֵי הִיא. דְּתַנְיָא, אָמַר רַבִּי יוֹסֵי: מִפְּנֵי מ"
chagigah_24,24,18,3,1,1,Chagigah 24b,6,7,2,דִּלְמָא לָא שֵׁנִי עָבֵיד וְלָא שְׁלִישִׁי.
chagigah_4,25,17,3,1,1,Chagigah 4a,9,10,2,"וְאֶלָּא קְרָא לְמַאי אֲתָא? לִכְדַאֲחֵרִים. דִּתְנַן, אֲחֵרִים אוֹמְרִים: הַמְקַמֵּץ, וְהַמְצָרֵף נ"
eruvin_27,33,30,3,1,1,Eruvin 27b,8,9,2,"וְאִי כְּתַב רַחֲמָנָא ״בַּשֵּׁכָר״, הֲוָה אָמֵינָא: מַאי שֵׁכָר? דְּבֵילָה קְעִילִית, דְּפֵירָא הוּ"
eruvin_89,30,28,3,1,1,Eruvin 89b,3,4,2,וְהָא אָמַר רַבִּי אֶלְעָזָר: כִּי הֲוֵינַן בְּבָבֶל הֲוָה אָמְרִינַן: בֵּי רַב מִשְּׁמֵיהּ דְּרַב א
eruvin_91,26,25,3,1,1,Eruvin 91a,12,13,2,"מֵתִיב רַב שֵׁשֶׁת: רַבִּי שִׁמְעוֹן אוֹמֵר, אֶחָד גַּגּוֹת אֶחָד חֲצֵירוֹת וְאֶחָד קַרְפֵּיפוֹת רְש"
gittin_19,38,26,3,1,1,Gittin 19a,5,6,2,עַל הַכֹּל כּוֹתְבִין – עַל הֶעָלֶה שֶׁל זַיִת; וְעַל הַקֶּרֶן שֶׁל פָּרָה – וְנוֹתֵן לָהּ אֶת הַפָּ
gittin_26,31,28,3,1,1,Gittin 26a,16,1,3,שֶׁנֶּאֱמַר ״וְכָתַב לָהּ״: וְהָא כִּי כְּתִיב ״לָהּ״ – אַתּוֹרֶף הוּא דִּכְתִיב!
gittin_55,34,27,3,1,1,Gittin 55b,5,7,3,"הָכִי נָמֵי קָאָמַר: לָא נוֹדְעָה – מְכַפֶּרֶת, נוֹדְעָה – אֵינָהּ מְכַפֶּרֶת, מִפְּנֵי תִּיקּוּן הַ"
gittin_56,36,35,3,1,1,Gittin 56b,14,15,2,"אַמַּאי קָרֵי לַהּ ״בְּרִיָּה קַלָּה״? דְּמַעֲלָנָא אִית לַהּ, וּמַפְּקָנָא לֵית לַהּ."
gittin_75,34,29,3,1,1,Gittin 75b,1,2,2,דִּתְנַאי וּמַעֲשֶׂה בְּדָבָר אֶחָד! אֶלָּא אָמַר רַב אַדָּא בַּר אַהֲבָה: מִשּׁוּם דִּתְנַאי וּמַעֲ
gittin_89,37,27,3,1,1,Gittin 89a,11,12,2,אָמַר רַבָּה בַּר בַּר חָנָה אָמַר רַבִּי יוֹחָנָן: לֹא שֶׁשָּׁמְעוּ קוֹל הֲבָרָה; אֶלָּא כְּדֵי שֶׁ
horayot_12,42,33,3,1,1,Horayot 12b,7,8,2,"וְכוּלָּן נוֹהֲגִין בִּמְרוּבֵּה בְגָדִים חוּץ מִפַּר הַמֵּבִיא עַל כׇּל הַמִּצְוֹת, וְכוּלָּן נוֹהֲ"
hullin_37,21,20,3,1,1,Hullin 37a,11,2,3,"אֶלָּא מֵהָכָא, ״וְחֵלֶב נְבֵלָה וְחֵלֶב טְרֵפָה יֵעָשֶׂה לְכׇל מְלָאכָה וְאָכֹל לֹא תֹאכְלֻהוּ״, וְ"
hullin_39,34,32,3,1,1,Hullin 39b,9,10,2,וְהָוֵינַן בַּהּ: מַעֲשֶׂה לִסְתּוֹר?
hullin_44,28,25,3,1,1,Hullin 44a,5,6,2,"מִכׇּל מָקוֹם, קַשְׁיָא."
ketubot_108,21,20,3,1,1,Ketubot 108b,11,12,2,"אֶלָּא טַעְמָא דְּאֵין בַּלָּשׁוֹן הַזֶּה לְשׁוֹן קַנְקַנִּים, הָא יֵשׁ בַּלָּשׁוֹן הַזֶּה לְשׁוֹן ק"
ketubot_109,28,26,3,1,1,Ketubot 109b,5,6,2,"אֲמַר: אִי הֲוָה אֲבוּהוֹן דְּיַתְמֵי קַיָּים, הֲוָה טָעֵין וְאָמַר: ״תֶּלֶם אֶחָד עָשִׂיתִי לָךְ״. "
ketubot_4,22,20,3,1,1,Ketubot 4b,1,2,2,"הָכִי קָאָמַר: וְכֵן מִי שֶׁפֵּירְסָה אִשְׁתּוֹ נִדָּה וְלֹא בָּעַל — הוּא יָשֵׁן בֵּין הָאֲנָשִׁים,"
ketubot_62,25,25,3,1,1,Ketubot 62a,10,1,2,הַחַמָּרִים אַחַת בַּשַּׁבָּת. אֲמַר לֵיהּ רַבָּה בַּר רַב חָנָן לְאַבָּיֵי: אִיכְּפַל תַּנָּא לְאַש
ketubot_72,33,17,3,1,1,Ketubot 72a,3,4,2,וְאִם הָיָה טוֹעֵן מִשּׁוּם דָּבָר אַחֵר — רַשַּׁאי. מַאי ״דָּבָר אַחֵר״? אָמַר רַב יְהוּדָה אָמַר ש
ketubot_76,18,17,3,1,1,Ketubot 76b,1,2,2,"כַּלָּה בְּבֵית אָבִיהָ, מִי דָּמֵי? הָתָם — מַיְיתֵי אָב רְאָיָה וּמַפֵּיק, הָכָא — מַיְיתֵי בַּעַל"
ketubot_78,20,19,3,1,1,Ketubot 78b,7,8,2,כְּמַאן? דְּלֹא כְּרַבִּי יְהוּדָה וְלֹא כְּרַבִּי חֲנִינָא בֶּן עֲקַבְיָא! אִינְהוּ דְּאָמְרִי כְּר
ketubot_90,35,24,3,1,1,Ketubot 90a,15,1,2,"לְעוֹלָם אֵימָא לָךְ מַה שֶּׁגָּבָה — גָּבָה, אַיְּידֵי דִּתְנָא: שְׁנִיָּה וְיוֹרְשֶׁיהָ קוֹדְמִין "
ketubot_91,39,23,3,1,1,Ketubot 91a,18,19,2,"גְּמָ׳ תָּנוּ רַבָּנַן: לָזוֹ אֶלֶף וְלָזוֹ חֲמֵשׁ מֵאוֹת, אִם יֵשׁ שָׁם מוֹתַר דִּינָר — אֵלּוּ נוֹ"
ketubot_94,27,27,3,1,1,Ketubot 94a,6,7,2,אַבָּיֵי אָמַר: דְּאַבָּיֵי קַשִּׁישָׁא אִיכָּא בֵּינַיְיהוּ. דְּתָנֵי אַבָּיֵי קַשִּׁישָׁא: יְתוֹמִ
kiddushin_36,30,28,3,1,1,Kiddushin 36a,22,1,2,"הַקַּבָּלוֹת. דִּכְתִיב: ״וְהִקְרִיבוּ בְּנֵי אַהֲרֹן״, וְאָמַר מָר:"
kiddushin_37,30,19,3,1,1,Kiddushin 37a,11,13,3,"אוֹ דִלְמָא לְקוּלָּא פְּלִיג, וְהָכִי קָאָמַר תַּנָּא קַמָּא: חוּץ מִן הָעׇרְלָה וְהַכִּלְאַיִם, דּ"
kiddushin_41,27,21,3,1,1,Kiddushin 41b,1,2,2,פִּיחֵת עֲשָׂרָה אוֹ הוֹסִיף עֲשָׂרָה – תְּרוּמָתוֹ תְּרוּמָה. מְנָלַן? וְכִי תֵּימָא דְּיָלֵיף מִגּ
kiddushin_54,24,17,3,1,1,Kiddushin 54b,2,3,2,"אָמַר עוּלָּא מִשְּׁמֵיהּ דְּבַר פְּדָא, אוֹמֵר הָיָה רַבִּי מֵאִיר: הֶקְדֵּשׁ בְּמֵזִיד – מִתְחַלֵּ"
kiddushin_55,16,15,3,1,1,Kiddushin 55b,5,7,3,"וְדִילְמָא בְּכוֹר וּמַעֲשֵׂר נִינְהוּ? לְמַאי הִילְכְתָא, לְמֵיכְלִינְהוּ בְּמוּמָן? הָכִי נָמֵי בּ"
kiddushin_58,31,24,3,1,1,Kiddushin 58b,4,5,2,וְאִיבָּעֵית אֵימָא: דְּכוּלֵּי עָלְמָא כְּמִי שֶׁהוּרְמוּ דָּמְיָין וְטוֹבַת הֲנָאָה אֵינָהּ מָמוֹן
kiddushin_65b,36,12,3,1,1,Kiddushin 65b,4,6,3,"הֵיכִי דָמֵי? אִי דְּאִית לֵיהּ סָהֲדֵי לְהַאי וְאִית לֵיהּ סָהֲדֵי לְהַאי, מִי מָצְיָ[א] אַמְרַהּ: "
makkot_22,29,21,3,1,1,Makkot 22b,3,4,2,רַבִּי יְהוּדָה אוֹמֵר: אַרְבָּעִים שְׁלֵימוֹת וְכוּ׳. אָמַר רַבִּי יִצְחָק: מַאי טַעְמָא דְּרַבִּי 
makkot_3,32,28,3,1,1,Makkot 3b,4,5,2,"אִיכָּא דְּאָמְרִי, אָמַר רַב יְהוּדָה אָמַר שְׁמוּאֵל: הַמַּלְוֶה אֶת חֲבֵירוֹ לְעֶשֶׂר שָׁנִים – א"
makkot_9,31,20,3,1,1,Makkot 9a,12,2,3,אֵיתִיבֵיהּ אַבָּיֵי לְרָבָא: ״הֲגוֹי גַּם צַדִּיק תַּהֲרֹג״! הָתָם כִּדְקָא מְהַדְּרִי עִלָּוֵיהּ: 
meilah_20,24,23,3,1,1,Meilah 20b,4,5,2,"מַאן תַּנָּא דִּפְלִיג עֲלֵיהּ דְּרַבִּי עֲקִיבָא? רַבָּן שִׁמְעוֹן בֶּן גַּמְלִיאֵל הִיא, דְּתַנְיָ"
menachot_29b,36,21,3,1,1,Menachot 29a,19,1,2,"אַגְרָא חֲמוּהּ דְּרַבִּי אַבָּא,"
menachot_32,23,12,3,1,1,Menachot 32a,11,12,2,"הָא מוֹרִידִין עוֹשִׂין? וְהָתַנְיָא: הֲלָכָה לְמֹשֶׁה מִסִּינַי – תְּפִילִּין עַל הַקְּלָף, וּמְזוּ"
menachot_47,37,37,3,1,1,Menachot 47b,18,19,2,"הָכִי קָאָמֵינָא: יֵשׁ לָךְ דָּבָר שֶׁנִּרְאֶה לִשְׁמוֹ, וְנִשְׁחָט לִשְׁמוֹ, וְנִדְחֶה מִלִּשְׁמוֹ,"
menachot_50,42,14,3,1,1,Menachot 50a,8,9,2,"אָמַר רַבִּי שִׁמְעוֹן: אֵימָתַי? בִּזְמַן שֶׁהָיוּ אֲנוּסִין אוֹ שׁוֹגְגִין, אֲבָל אִם הָיוּ מְזִיד"
menachot_64b,32,11,3,1,1,Menachot 64b,10,11,2,"הָנְהוּ שָׁלֹשׁ נָשִׁים דְּאַיְיתוֹ שָׁלֹשׁ קִינִּין, חֲדָא אָמְרָה: ״לְזִיבָתִי״, וַחֲדָא אָמְרָה: "
menachot_65,25,17,3,1,1,Menachot 65a,10,11,2,"מַאי אַהְדַּרוּ? ״אֶת קׇרְבָּנִי לַחְמִי לְאִשַּׁי תִּשְׁמְרוּ״, שֶׁיִּהְיוּ כּוּלָּן בָּאִין מִתְּר"
moed_katan_8,32,29,3,1,1,Moed Katan 8a,17,18,2,וְלֹא יְעַרְעֵר עַל מֵתוֹ. מַאי לֹא יְעַרְעֵר עַל מֵתוֹ? אָמַר רַב: כַּד הָדַר סַפְדָנָא בְּמַעְרְבָ
nazir_16,15,12,3,1,1,Nazir 16b,2,3,2,"״הֲרֵינִי נָזִיר מֵאָה יוֹם״, וְנִטְמָא יוֹם מֵאָה — סוֹתֵר אֶת הַכֹּל, רַבִּי אֱלִיעֶזֶר אוֹמֵר: אֵ"
nazir_18,20,19,3,1,1,Nazir 18b,1,3,3,"״בְּיוֹם הַהוּא״ לְמָה לִי? אִם אֵינוֹ עִנְיָן לִשְׁמִינִי, תְּנֵהוּ עִנְיָן לִשְׁבִיעִי. וְרַבִּי נ"
nazir_41,10,8,3,1,1,Nazir 41a,4,5,2,מִמַּאי? דִּלְמָא לְעוֹלָם אֲפִילּוּ לִיקְּטוֹ בְּמַלְקֵט וּבְרָהִיטְנֵי — מִצְוָה קָעָבֵיד. וְכִי ת
nazir_53,20,18,3,1,1,Nazir 53a,7,8,2,"מִכְּדִי אֵין הַכְרָעַת שְׁלִישִׁית מַכְרַעַת! אָמַר רַבִּי יַעֲקֹב בַּר אִידִי, מִפִּי שְׁמוּעָה אָ"
nedarim_64,11,11,3,1,1,Nedarim 64a,4,5,2,"״קֻוֽנָּם לְבַיִת זֶה שֶׁאֲנִי נִכְנָס״ וְנַעֲשָׂה בֵּית הַכְּנֶסֶת, אָמַר: ״אִילּוּ הָיִיתִי יוֹדֵע"
nedarim_78,17,14,3,1,1,Nedarim 78a,6,7,2,"״זֶה הַדָּבָר״ בְּפָרָשַׁת נְדָרִים לְמַאי כְּתִיב? לוֹמַר: חָכָם מַתִּיר וְאֵין בַּעַל מַתִּיר, בַּ"
nedarim_79,18,13,3,1,1,Nedarim 79a,5,6,2,"כְּשֶׁהוּא אוֹמֵר ״כִּי הֶחֱרִשׁ לָהּ״, הֲרֵי בְּשׁוֹתֵק עַל מְנָת לְקַיֵּים הַכָּתוּב מְדַבֵּר, הָא"
nedarim_85,16,10,3,1,1,Nedarim 85b,2,3,2,וְכִי תֵּימָא: כִּי קָאָמַר הֲלָכָה כְּרַבִּי יוֹחָנָן בֶּן נוּרִי — עַל הַעֲדָפָה הוּא דְּקָאָמַר.
niddah_27,33,33,3,1,1,Niddah 27b,5,7,3,"גּוּפָא: מְלֹא תַּרְוָד רָקָב שֶׁנָּפַל לְתוֹכוֹ עָפָר כֹּל שֶׁהוּא — טָמֵא, וְרַבִּי שִׁמְעוֹן מְטַ"
niddah_32,31,28,3,1,1,Niddah 32b,4,5,2,"וְלִיכְתּוֹב רַחֲמָנָא בְּזָבָה, וְלָא בָּעֵי בְּנִדָּה, וַאֲנָא יָדַעְנָא דְּאֵין זָבָה בְּלֹא נִדָ"
niddah_39,29,28,3,1,1,Niddah 39a,8,9,2,הָא מִדְּקָתָנֵי סֵיפָא: ״הִגִּיעַ שְׁעַת וִסְתָּהּ וְלֹא בָּדְקָה״ — מִכְּלָל דִּבְאִשָּׁה שֶׁיֵּשׁ
niddah_46,43,32,3,1,1,Niddah 46a,18,19,2,מִכְּלָל דְּמַאן דְּאָמַר ״חוֹשְׁשִׁין״ — חוֹלֶצֶת? וְהָא ״חוֹשְׁשִׁין״ בְּעָלְמָא קָאָמַר!
niddah_9,35,21,3,1,1,Niddah 9a,20,1,2,אֵיזוֹ הִיא זְקֵנָה? כֹּל שֶׁעָבְרוּ עָלֶיהָ שָׁלֹשׁ עוֹנוֹת [סָמוּךְ לְזִקְנָתָהּ]. הֵיכִי דָמֵי סָ
pesachim_106,17,17,3,1,1,Pesachim 106a,5,6,2,תָּנוּ רַבָּנַן: ״זָכוֹר אֶת יוֹם הַשַּׁבָּת לְקַדְּשׁוֹ״ — זוֹכְרֵהוּ עַל הַיַּיִן. אֵין לִי אֶלָּא
pesachim_11,37,27,3,1,1,Pesachim 11a,5,6,2,"אָמַר רָבָא: דְּרַבִּי יְהוּדָה אַדְּרַבִּי יְהוּדָה קַשְׁיָא, דְּרַבָּנַן אַדְּרַבָּנַן לָא קַשְׁיָ"
pesachim_110,29,27,3,1,1,Pesachim 110b,4,5,2,"וְהָא דַּאֲמַרַן עֲשָׂרָה, תְּמָנְיָא, שִׁיתָּא, אַרְבְּעָה אֵין בָּהֶן מִשּׁוּם זוּגֵי, לָא אֲמַרַן"
pesachim_118,41,21,3,1,1,Pesachim 118a,10,11,2,אָמַר רַב שֵׁיזְבִי מִשְּׁמֵיהּ דְּרַבִּי אֶלְעָזָר בֶּן עֲזַרְיָה: קָשִׁין מְזוֹנוֹתָיו שֶׁל אָדָם 
pesachim_18,30,20,3,1,1,Pesachim 18a,13,1,2,"וְאֵימָא: כִּי לָא מְטַמְּאוּ, מַשְׁקִין הַבָּאִין מֵחֲמַת כְּלִי. אֲבָל מַשְׁקִין הַבָּאִין מֵחֲמַת"
pesachim_59,34,29,3,1,1,Pesachim 59a,16,18,3,"וְהָאִיכָּא עוֹלָה! וְכִי תֵּימָא: עוֹלָה לָא מְעַכְּבָא, וְהָתַנְיָא, רַבִּי יִשְׁמָעֵאל בְּנוֹ שֶׁ"
pesachim_60,27,26,3,1,1,Pesachim 60a,10,12,3,"לָא, לְעוֹלָם בִּשְׁתֵּי עֲבוֹדוֹת, וּבְדִין הוּא דְּלָא אִיצְטְרִיךְ לֵיהּ, וְאַיְּידֵי דִּתְנָא לִ"
pesachim_63,24,22,3,1,1,Pesachim 63b,4,6,3,אֶלָּא בְּהַתְרָאַת סָפֵק קָמִיפַּלְגִי. בְּהָא נָמֵי הָא פְּלִיגִי בַהּ חֲדָא זִימְנָא!
pesachim_64,35,31,3,1,1,Pesachim 64b,12,13,2,כֹּהֲנִים עוֹמְדִין שׁוּרוֹת וְכוּ׳. מַאי טַעְמָא? אִילֵּימָא דִּילְמָא שָׁקְלִי דְּדַהֲבָא וּמְעַיּ
rosh_hashanah_12,23,19,3,1,1,Rosh Hashanah 12b,10,11,2,מַאי מִשֶּׁתִּצְמַח — מִשֶּׁתִּצְמַח לִזְרָעִים.
rosh_hashanah_20,35,29,3,1,1,Rosh Hashanah 20a,2,4,3,"אִיכָּא דְּאָמְרִי, אָמַר רַב נַחְמָן, אַף אֲנַן נָמֵי תְּנֵינָא: עַל שְׁנֵי חֳדָשִׁים מְחַלְּלִין א"
rosh_hashanah_21,23,17,3,1,1,Rosh Hashanah 21b,2,4,3,גְּמָ׳ עַל שְׁנֵי חֳדָשִׁים וְתוּ לָא?! וּרְמִינְהוּ: עַל שִׁשָּׁה חֳדָשִׁים הַשְּׁלוּחִין יוֹצְאִין
rosh_hashanah_3,28,26,3,1,1,Rosh Hashanah 3a,6,7,2,"וְאֵימָא רֹאשׁ הַשָּׁנָה סִיוָן? לָא סָלְקָא דַּעְתָּךְ, דִּכְתִיב: ״בַּחֹדֶשׁ הַשְּׁלִישִׁי לְצֵאת "
rosh_hashanah_8,29,26,3,1,1,Rosh Hashanah 8a,13,14,2,"אֶלָּא הָא דְּאָמַר רַב חִסְדָּא: לֹא שָׁנוּ אֶלָּא לְמַלְכֵי יִשְׂרָאֵל, אֲבָל לְמַלְכֵי אוּמּוֹת ה"
sanhedrin_113,20,20,3,1,1,Sanhedrin 113a,4,5,2,רַבִּי שִׁמְעוֹן אוֹמֵר: אָמַר הַקָּדוֹשׁ בָּרוּךְ הוּא וְכוּ׳. לֵימָא בִּדְרַבִּי אָבִין אָמַר רַבּ
sanhedrin_18,28,23,3,1,1,Sanhedrin 18b,3,4,2,"פְּשִׁיטָא! סָלְקָא דַּעְתָּךְ אָמֵינָא, הוֹאִיל וּתְנַן: אֵין דָּנִין לֹא אֶת הַשֵּׁבֶט וְלֹא אֶת נ"
sanhedrin_41,40,36,3,1,1,Sanhedrin 41b,2,4,3,מַעֲשֶׂה וּבָדַק כּוּ׳. מָה בֵּין חֲקִירוֹת כּוּ׳. מַאי ״אֲפִילּוּ שְׁנַיִם אוֹמְרִים״? פְּשִׁיטָא! 
sanhedrin_8,22,8,3,1,1,Sanhedrin 8a,6,7,2,"כְּתִיב: ״וָאֲצַוֶּה אֶת שֹׁפְטֵיכֶם בָּעֵת הַהִיא״, וּכְתִיב: ״וָאֲצַוֶּה אֶתְכֶם בָּעֵת הַהִיא״. א"
sanhedrin_81,34,32,3,1,1,Sanhedrin 81a,3,4,2,"גְּמָ׳ פְּשִׁיטָא! אֶלָּא, אִיתְּגוֹרֵי אִיתְּגוּר?"
sanhedrin_84,37,36,3,1,1,Sanhedrin 84b,7,8,2,וְאֵימָא: אַף עַל גַּב דְּלָא עָבֵיד בֵּיהּ חַבּוּרָה? אַלְּמָה תְּנַן: הַמַּכֶּה אָבִיו וְאִמּוֹ אֵ
shabbat_110,15,14,3,1,1,Shabbat 110b,2,4,3,"וְאִי לָא — לִיכְרֵי שְׁבַע בֵּירֵי, וְלִיקְלֵי בְּהוּ שְׁבִישָׁתָא (יַלְדָּה) דְעׇרְלָה, וְלַינְקְט"
shabbat_113,28,24,3,1,1,Shabbat 113b,1,2,2,"שֶׁלֹּא יְהֵא דִּבּוּרְךָ שֶׁל שַׁבָּת כְּדִבּוּרְךָ שֶׁל חוֹל. דִּבּוּר אָסוּר, הִרְהוּר — מוּתָּר."
shabbat_131,27,27,3,1,1,Shabbat 131b,1,2,2,"כֹּל שַׁעְתָּא וְשַׁעְתָּא זִמְנֵיהּ הוּא? אֶלָּא אָמַר רַב נַחְמָן אָמַר רַבִּי יִצְחָק, וְאִיתֵּימ"
shabbat_135,27,27,3,1,1,Shabbat 135b,2,3,2,"אִינִי? וְהָא אִיתְּמַר: יוֹצֵא דּוֹפֶן וּמִי שֶׁיֵּשׁ לוֹ שְׁתֵּי עֲרָלוֹת, רַב הוּנָא וְרַב חִיָּי"
shabbat_16,14,12,3,1,1,Shabbat 16b,6,7,2,רָבָא אָמַר: גְּזֵירָה שֶׁמָּא יֹאמְרוּ טְבִילָה בַּת יוֹמָא עוֹלָה לָהּ. מַאי בֵּינַיְיהוּ? אִיכָּא
shabbat_22,16,15,3,1,1,Shabbat 22a,5,6,2,"אִיתְּמַר: רַב אָמַר אֵין מַדְלִיקִין מִנֵּר לְנֵר, וּשְׁמוּאֵל אָמַר מַדְלִיקִין. רַב אָמַר אֵין מַ"
shabbat_30,21,12,3,1,1,Shabbat 30a,8,9,2,וְהַיְינוּ דִּכְתִיב: ״בַּיּוֹם הַשְּׁמִינִי שִׁלַּח אֶת הָעָם וַיְבָרֲכוּ אֶת הַמֶּלֶךְ וַיֵּלְכוּ 
shabbat_65,27,14,3,1,1,Shabbat 65a,10,11,2,רַבִּי — הָא דַּאֲמַרַן. רַבִּי אֱלִיעֶזֶר — דְּתַנְיָא: רַבִּי אֱלִיעֶזֶר פּוֹטֵר בְּכוֹבֶלֶת וּבִצ
shabbat_98,16,14,3,1,1,Shabbat 98b,3,4,2,"וְהָכְתִיב ״תַּמִּים״! הַהוּא דְּלֵיתוֹ שַׁלְמִין וְלָא לֵיתוֹ דְּנִיסְרָא. וְאִידַּךְ נָמֵי, הָכְתִ"
shevuot_2,20,19,3,1,1,Shevuot 2b,7,8,2,"אָמְרוּ לוֹ: מַהוּ שֶׁיִּקְרְבוּ זֶה בָּזֶה? אָמַר לָהֶם: הֵן. אָמְרוּ לוֹ: אִם כֵּן, יִהְיוּ שֶׁל י"
shevuot_32,40,35,3,1,1,Shevuot 32a,4,5,2,״אָמַר״ לָאו דַּוְקָא.
sotah_24,21,21,3,1,1,Sotah 24a,15,1,2,"וְרַבִּי יוֹנָתָן, הַאי ״אִישׁ אִישׁ״ מַאי עָבֵיד לֵיהּ? מִיבְּעֵי לֵיהּ לְרַבּוֹת אֵשֶׁת חֵרֵשׁ, וְ"
sotah_30,31,31,3,1,1,Sotah 30b,14,15,2,"בְּמַאי קָמִיפַּלְגִי — רַבִּי עֲקִיבָא סָבַר: ״לֵאמֹר״, אַמִּילְּתָא קַמַּיְיתָא."
sotah_6,37,35,3,1,1,Sotah 6a,5,6,2,"אֲמַר לֵיהּ אַבָּיֵי: אֶלָּא מֵעַתָּה, כֹּהֵן גָּדוֹל שֶׁקִּידֵּשׁ אֶת הָאַלְמָנָה וָמֵת, וְיֵשׁ לוֹ"
sotah_8,32,25,3,1,1,Sotah 8a,14,1,2,"אָמַר רָבָא: דְּרַבִּי יְהוּדָה אַדְּרַבִּי יְהוּדָה קַשְׁיָא, דְּרַבָּנַן אַדְּרַבָּנַן לָא קַשְׁיָ"
sukkah_31,33,27,3,1,1,Sukkah 31b,3,4,2,"אָמַר מָר: כְּשֵׁם שֶׁאֵין פּוֹחֲתִין מֵהֶן, כָּךְ אֵין מוֹסִיפִין עֲלֵיהֶן. פְּשִׁיטָא? מַהוּ דְּתֵ"
sukkah_44,21,19,3,1,1,Sukkah 44a,4,6,3,אָמַר רַב זְבִיד מִשְּׁמֵיהּ דְּרָבָא: לוּלָב דְּאוֹרָיְיתָא — עָבְדִינַן שִׁבְעָה זֵכֶר לַמִּקְדָּש
sukkah_7,40,33,3,1,1,Sukkah 7a,19,1,2,גּוּפָא. אָמַר רָבָא:
taanit_16,32,17,3,1,1,Taanit 16a,8,9,2,מַאי הַר הַמּוֹרִיָּה? פְּלִיגִי בַּהּ רַבִּי לֵוִי בַּר חָמָא וְרַבִּי חֲנִינָא. חַד אָמַר: הַר שֶׁ
temurah_26,26,26,3,1,1,Temurah 26a,12,14,3,"תַּנְיָא אִידַּךְ: אָמַר ״בְּהֵמָה זוֹ חֶצְיָהּ עוֹלָה וְחֶצְיָהּ שְׁלָמִים״ — קְדוֹשָׁה, וְאֵינָהּ "
yevamot_10b,28,14,3,1,1,Yevamot 10b,9,10,2,"אִיהוּ הוּא דְּקָאֵי בְּ״לֹא יִבְנֶה״, אֲבָל אֶחָיו — כִּדְקָיְימִי קָיְימִי."
yevamot_114,35,30,3,1,1,Yevamot 114b,6,8,3,"תָּא שְׁמַע: שְׁנֵי אַחִין פִּקְחִין נְשׂוּאִין שְׁתֵּי אֲחָיוֹת, אַחַת פִּקַּחַת וְאַחַת חֵרֶשֶׁת. "
yevamot_116,28,27,3,1,1,Yevamot 116a,4,5,2,"אָמַר אַבָּיֵי: אַף לְדִידִי דְּאָמֵינָא חָיְישִׁינַן — הָכָא לָא חָיְישִׁינַן, דְּהָא קָאָמְרִי סָה"
yevamot_121,39,36,3,1,1,Yevamot 121b,11,12,2,"גְּמָ׳ וְדִלְמָא לָא אָזְלִי? אָמַר רַב יְהוּדָה אָמַר שְׁמוּאֵל, דְּקָאָמְרִי: ״הָרֵינוּ בָּאִין מִ"
yevamot_19b,33,15,3,1,1,Yevamot 19a,18,19,2,"וְתַרְוַויְיהוּ לְרַבָּנַן אִיצְטְרִיךְ, וְלֹא זוֹ אַף זוֹ קָתָנֵי."
yevamot_41,39,29,3,1,1,Yevamot 41a,16,17,2,לֵימָא שְׁמוּאֵל וְרַב אַסִּי דְּאָמְרִי כְּרַבִּי אֶלְעָזָר?
yevamot_59,25,19,3,1,1,Yevamot 59b,1,2,2,"הָא מַנִּי — רַבִּי מֵאִיר הִיא, וְרַב דְּאָמַר כְּרַבִּי אֶלְעָזָר."
yevamot_61b,31,20,3,1,1,Yevamot 61b,1,2,2,"וְיֵשׁ לוֹ בָּנִים — לֹא יִשָּׂא אַיְלוֹנִית, שֶׁהִיא זוֹנָה הָאֲמוּרָה בַּתּוֹרָה. דְּאַזּוֹנָה כֹּ"
yevamot_64,32,30,3,1,1,Yevamot 64b,10,11,2,"וְהָתַנְיָא אִיפְּכָא, הֵי מִינַּיְיהוּ (אַחֲרִינִיתָא)?"
yevamot_66,28,28,3,1,1,Yevamot 66a,2,3,2,וְלָא מִיפַּקְדִי? וְהָאָמַר רַב אַחָא בַּר רַב קַטִּינָא אָמַר רַבִּי יִצְחָק: מַעֲשֶׂה בְּאִשָּׁה 
yevamot_67b,31,19,3,1,1,Yevamot 67a,15,16,2,מַאי אִירְיָא שֶׁמָּא יִמָּצֵא עוּבָּר זָכָר? תִּיפּוֹק לֵיהּ דִּנְקֵבָה נָמֵי פָּסְלָה! חֲדָא וְעוֹ
yevamot_78,41,32,3,1,1,Yevamot 78a,19,1,3,"טַעְמָא דִּכְתִיב ״אֲשֶׁר יִוָּלְדוּ״, הָא בְּעָלְמָא — בָּתַר אֲבוּהּ שָׁדֵינַן לֵיהּ. אֶלָּא הָא ד"
yevamot_88,32,28,3,1,1,Yevamot 88b,1,2,2,וְהַבָּא עָלֶיהָ בְּאָשָׁם תָּלוּי קָאֵי! אָמַר רַב שֵׁשֶׁת: כְּגוֹן שֶׁנִּיסֵּת לְאֶחָד מֵעֵדֶיהָ.
yevamot_97,40,32,3,1,1,Yevamot 97b,5,6,2,"״בִּיָּיא בִּיָּיא מֵאַח, וְהוּא אַב, וְהוּא בְּעֵל, וְהוּא בַּר בְּעֵל, וְהוּא בַּעְלַהּ דְּאֵם, וַ"
yevamot_99,27,25,3,1,1,Yevamot 99b,5,7,3,"גְּמָ׳ מֵתוּ הַכְּשֵׁרִים וְכוּ׳. אֶלָּא הָנָךְ, מִשּׁוּם דְּאִיעָרוּב לְהוּ הָווּ לְהוּ פְּסוּלִין?"
yoma_11,29,20,3,1,1,Yoma 11b,1,2,2,"בֵּית שַׁעַר, אַכְסַדְרָה וּמִרְפֶּסֶת — תַּלְמוּד לוֹמַר: ״בַּיִת״, מָה בַּיִת מְיוּחָד לְדִירָה, י"
yoma_3,21,21,3,1,1,Yoma 3a,6,1,2,"וְאֵימָא רֹאשׁ הַשָּׁנָה, דִּפְרִישַׁת שִׁבְעָה לְיוֹם אֶחָד הוּא! אָמַר רַבִּי אֲבָהוּ: דָּנִין פָּ"
yoma_40,27,22,3,1,1,Yoma 40a,9,10,2,אִילֵּימָא דְּאִי אַקְדֵּים מַתָּנוֹת דְּפַר בַּהֵיכָל מִקַּמֵּי מַתָּנוֹת דְּשָׂעִיר בִּפְנִים — ״ח
yoma_45,26,26,3,1,1,Yoma 45a,2,3,2,"רַב אָשֵׁי אָמַר: חֲמִשָּׁה הֵן, וְכׇל חַד וְחַד אִית בֵּיהּ זָהָב וְזָהָב טוֹב. תַּנְיָא נָמֵי הָכִ"
yoma_55,25,23,3,1,1,Yoma 55a,8,10,3,"אוֹ כְּלָךְ לְדֶרֶךְ זוֹ: נֶאֶמְרוּ דָּמִים לְמַעְלָה בַּשָּׂעִיר, וְנֶאֶמְרוּ דָּמִים לְמַטָּה בַּש"
yoma_84,27,21,3,1,1,Yoma 84a,11,2,3,וַחֲכָמִים אוֹמְרִים: בְּאֵילּוּ אֵין בָּהֶן מִשּׁוּם רְפוּאָה. ״בְּאֵילּוּ״ לְמַעוֹטֵי מַאי? מַאי ל
zevachim_32,25,25,3,1,1,Zevachim 32a,12,1,2,"רַב חִסְדָּא מַתְנִי אִיפְּכָא: ״וְסָמַךְ... וְשָׁחַט״ – מָה שְׁחִיטָה בִּטְהוֹרִין, אַף סְמִיכָה בִ"
zevachim_60,30,27,3,1,1,Zevachim 60b,5,6,2,"וְנִיהְדַּר דִּינָא, וְנֵיתֵי בְּ״מָה הַצַּד״!"
zevachim_84,26,21,3,1,1,Zevachim 84a,15,1,2,וּמָה רָאִיתָ לְרַבּוֹת אֶת אֵלּוּ וּלְהוֹצִיא אֶת אֵלּוּ? אַחַר שֶׁרִיבָּה
Hullin_22,23,23,2,1,1,Chullin 22b,5,6,2,תָּנוּ רַבָּנַן: יָכוֹל יְהוּ כׇּל הַתּוֹרִים וְכׇל בְּנֵי הַיּוֹנָה כְּשֵׁרִים? תַּלְמוּד לוֹמַר: ״
Hullin_25,27,24,2,1,1,Chullin 25a,9,10,2,"וְלֹא יְהוּ כׇּל הַכֵּלִים מִיטַּמְּאִין מִגַּבָּן, אֶלָּא מִתּוֹכָן וּבִנְגִיעָה, מִקַּל וְחוֹמֶר: "
arakhin_2,35,34,2,1,1,Arakhin 2b,2,3,2,"וְרַבִּי יְהוּדָה, הַאי ״הָמֵר יָמִיר״ מַאי עָבֵיד לֵיהּ? מִיבְּעֵי לֵיהּ לְרַבּוֹת אֶת הָאִשָּׁה, ד"
arakhin_33,45,36,2,1,1,Arakhin 33a,19,20,2,"״וּבַיּוֹבֵל יֵצֵא״, לְמָה לִי? אָמַר רַב פָּפָּא: לֹא נִצְרְכָה אֶלָּא לְמוֹכֵר בַּיִת בְּבָתֵּי הַ"
avodah_zarah_22,23,23,2,1,1,Avodah Zarah 22b,7,8,2,"אִי הָכִי, זְכָרִים מִנְּקֵבוֹת לָא נִיזְבּוֹן, דְּחָיְישִׁינַן דִּלְמָא מַרְבְּעָא לֵיהּ עִילָּוַהּ"
bava_batra_105,13,13,2,1,1,Bava Batra 105a,6,7,2,״זוֹ״ – וְלָא סְבִירָא לֵיהּ?! וְהָא רַב וּשְׁמוּאֵל דְּאָמְרִי תַּרְוַיְיהוּ: ״כּוֹר בִּשְׁלֹשִׁים 
bava_batra_133,22,11,2,1,1,Bava Batra 133a,9,1,2,"אֲמַר לֵיהּ רָבָא לְרַב נַחְמָן: וְהָא אַפְסְקַהּ! הוּא סָבַר – יֵשׁ לָהּ הֶפְסֵק, וְרַחֲמָנָא אָמַר"
bava_batra_145,27,18,2,1,1,Bava Batra 145a,3,4,2,לֵימָא ״תְּנוּ לִי בַּעְלִי וְאֶשְׂמַח עִמּוֹ״ – תַּנָּאֵי הִיא? דְּתַנְיָא: הַמְאָרֵס אֶת הָאִשָּׁה
bava_batra_33,13,13,2,1,1,Bava Batra 33b,4,5,2,"הָהוּא דַּאֲמַר לֵיהּ לְחַבְרֵיהּ: מַאי בָּעֵית בְּהַאי אַרְעָא? אֲמַר לֵיהּ: מִינָּךְ זְבַנִי, וַאֲ"
bava_batra_59,23,23,2,1,1,Bava Batra 59b,5,6,2,"לָא; דְּכוּלֵּי עָלְמָא שְׁמֵיהּ הֶיזֵּק; וְשָׁאנֵי הָכָא, דְּאָמַר לֵיהּ: לְתַשְׁמִישְׁתָּא – לָא ח"
bava_batra_76,16,12,2,1,1,Bava Batra 76a,4,5,2,סְפִינָה בִּמְשִׁיכָה – הַיְינוּ תַּנָּא קַמָּא! אֶלָּא דְּרַב וּשְׁמוּאֵל אִיכָּא בֵּינַיְיהוּ? לָא
bava_kamma_20,38,23,2,1,1,Bava Kamma 20b,1,2,2,הָא אִיתְהֲנִית!
bava_kamma_23,30,15,2,1,1,Bava Kamma 23a,11,1,2,תִּפְשׁוֹט דְּפִי פָרָה –
bava_kamma_43,38,15,2,1,1,Bava Kamma 43a,13,14,2,"אִי דָּמִים, אֵימָא סֵיפָא: ״הֵמִית שׁוֹרִי אֶת עַבְדּוֹ שֶׁל פְּלוֹנִי״ – אֵינוֹ מְשַׁלֵּם עַל פִּי"
bava_kamma_72,20,16,2,1,1,Bava Kamma 72b,2,3,2,אֲמַר לֵיהּ רַב אַחָא בְּרֵיהּ דְּרָבָא: כִּי קָא מִחַיַּיב נָמֵי – אַהָהוּא פּוּרְתָּא. אֲמַר לֵיהּ
bava_kamma_95,32,21,2,1,1,Bava Kamma 95a,11,12,2,"אִיכָּא דְאָמְרִי: הָא – לָא אִיבְּעִי לַן; מִדְּאָפֵיךְ רַב וְתָנֵי: ״גָּזַל פָּרָה וְהִזְקִינָה, ע"
bava_metzia_10,37,35,2,1,1,Bava Metzia 10b,2,3,2,"אָמַר רָבָא, מוֹתֵיב רַבִּי יַעֲקֹב בַּר אִידִי נְזִיקִין: רָאָה אֶת הַמְּצִיאָה וְנָפַל לוֹ עָלֶיהָ"
bava_metzia_26,28,22,2,1,1,Bava Metzia 26a,11,12,2,שְׁמַע מִינַּהּ הֲלָכָה כְּרַבִּי שִׁמְעוֹן בֶּן אֶלְעָזָר אֲפִילּוּ בְּרוֹב יִשְׂרָאֵל!
bava_metzia_36,30,20,2,1,1,Bava Metzia 36a,13,14,2,יָתֵיב רַבִּי אַמֵּי וְקָאָמַר לַהּ לְהָא שְׁמַעְתָּא. אֵיתִיבֵיהּ רַבִּי אַבָּא בַּר מֶמֶל לְרַבִּי
bava_metzia_39,22,16,2,1,1,Bava Metzia 39a,7,8,2,וְכוּלָּן שָׁמִין לָהֶם כְּאָרִיס – וְכוּלָּן לְאֵיתוֹיֵי מַאי?
bava_metzia_67,29,25,2,1,1,Bava Metzia 67a,9,10,2,"אֲמַר לֵיהּ אַבָּיֵי לְרַבָּה: מַשְׁכַּנְתָּא, מַאי? הָתָם טַעְמָא מַאי – מִשּׁוּם דְּלָא קַץ לֵיהּ,"
bava_metzia_78,28,11,2,1,1,Bava Metzia 78a,6,7,2,הַשּׂוֹכֵר אֶת הַחֲמוֹר וְהִבְרִיקָה אוֹ שֶׁנַּעֲשֵׂית אַנְגַּרְיָא – אוֹמֵר לוֹ: הֲרֵי שֶׁלְּךָ לְפ
bava_metzia_79,27,25,2,1,1,Bava Metzia 79a,6,7,2,"לְעוֹלָם דְּלָא שְׁכִיחַ לְאֹגוֹרֵי, וּמִשּׁוּם דְּאָמַר לֵיהּ: אִילּוּ בָּעֵית לְמֵיתֵי עַד הָכָא –"
bava_metzia_82,17,17,2,1,1,Bava Metzia 82b,1,2,2,"בְּמִלְוֶה צָרִיךְ לְמַשְׁכּוֹן קָמִיפַּלְגִי. מָר סָבַר: מִצְוָה קָא עָבֵיד שֶׁהִלְוָהוּ, וְהָוֵי ש"
bava_metzia_91,32,31,2,1,1,Bava Metzia 91b,14,15,2,"תָּא שְׁמַע: אֲבָל מוֹנֵעַ אֶת עַצְמוֹ עַד שֶׁמַּגִּיעַ לִמְקוֹם הַיָּפוֹת, וְאוֹכֵל. וְאִי אָמְרַתּ"
beitzah_2,26,24,2,1,1,Beitzah 2b,9,10,2,"וְקָסָבַר רַבָּה, כֹּל בֵּיצָה דְּמִתְיַלְדָא הָאִידָּנָא — מֵאֶתְמוֹל גָּמְרָה לָהּ."
beitzah_25,33,24,2,1,1,Beitzah 25a,15,16,2,"וְהָאֲנַן תְּנַן מַתְנִיתִין כִּדְרַב הוּנָא! דִּתְנַן, רַבִּי עֲקִיבָא אוֹמֵר: אֲפִילּוּ כְּזַיִת ח"
beitzah_39,27,24,2,1,1,Beitzah 39b,5,6,2,"וְסָבַר רַב נַחְמָן יֵשׁ בְּרֵירָה? וְהָתְנַן: הָאַחִין הַשּׁוּתָּפִין, כְּשֶׁחַיָּיבִין בַּקָּלְבּו"
beitzah_40,21,21,2,1,1,Beitzah 40a,11,12,2,אֲמַר לֵיהּ רַב הִלֵּל לְרַב אָשֵׁי: וְאִי אִינְהוּ תָּלוּ לֵיהּ לָא שָׁקֵיל? וְהָאָמַר שְׁמוּאֵל: ש
bekhorot_23,21,18,2,1,1,Bekhorot 23a,8,1,2,"דִּלְמָא, וַדַּאי שָׁאנֵי הָכָא, דְּהָוְיָא לַהּ טוּמְאָה סְרוּחָה. הָנִיחָא לְבַר פְּדָא, דְּאָמַר:"
bekhorot_34,29,16,2,1,1,Bekhorot 34a,4,5,2,לְמֵימְרָא דְּרַבִּי אֱלִיעֶזֶר סָבַר יֵשׁ אֵם לַמִּקְרָא? וּרְמִינְהִי: ״בְּבִגְדוֹ בָּהּ״ — כֵּיוָ
bekhorot_36,43,24,2,1,1,Bekhorot 36a,8,9,2,"אֵימָא: לָא הַפֶּה שֶׁאָסַר הוּא, קָא מַשְׁמַע לַן, דְּאִי מִשּׁוּם הָכִי — הֲוָה שָׁדֵי בֵּיהּ מוּמ"
bekhorot_4,37,23,2,1,1,Bekhorot 4b,2,3,2,"וּמִמַּאי דִּבְשֶׂה? אָמַר רַב חִסְדָּא: נֶאֱמַר כֶּסֶף לְדוֹרוֹת, וְנֶאֱמַר שֶׂה לְדוֹרוֹת."
bekhorot_44,41,33,2,1,1,Bekhorot 44a,17,18,2,חוֹטְמוֹ גָּדוֹל וכו׳. תָּנָא: כְּאֶצְבַּע קְטַנָּה.
berakhot_21,36,26,2,1,1,Berakhot 21b,7,8,2,"אִיבַּעְיָא לְהוּ: מַהוּ לְהַפְסִיק לִ״יהֵא שְׁמוֹ הַגָּדוֹל מְבוֹרָךְ״? כִּי אֲתָא רַב דִּימִי, אָמ"
berakhot_25b,52,23,2,1,1,Berakhot 25b,10,11,2,"אָמַר אַבָּיֵי: צוֹאָה כׇּל שֶׁהוּ, מְבַטְּלָהּ בְּרוֹק. אָמַר רָבָא: וּבְרוֹק עָבֶה. אָמַר רָבָא: צ"
berakhot_36,44,17,2,1,1,Berakhot 36a,10,11,2,וְלַשְׁמְעִינַן דְּחִיטֵּי וְכׇל שֶׁכֵּן דִּשְׂעָרֵי!
chagigah_23,26,20,2,1,1,Chagigah 23a,12,13,2,"וְאָמַר רַבָּה בַּר שֵׁילָא אָמַר רַב מַתְנָה אָמַר שְׁמוּאֵל: לְעוֹלָם דְּחַתְכַהּ חָבֵר, וּמִשּׁוּ"
eruvin_86,30,29,2,1,1,Eruvin 86a,16,1,2,"וְאֶלָּא הָא דְּאָמַר רַב יְהוּדָה: קוֹרָה אַרְבַּע מַתֶּרֶת בְּחוּרְבָּה, וְרַב נַחְמָן אָמַר רַבָּ"
eruvin_98,33,33,2,1,1,Eruvin 98a,13,14,2,הָיָה קוֹרֵא בְּרֹאשׁ הַגָּג וְכוּ׳. וּמִי שְׁרֵי? וְהָתַנְיָא: כּוֹתְבֵי סְפָרִים תְּפִילִּין וּמְז
gittin_22,26,24,2,1,1,Gittin 22a,10,11,2,"וְאַכַּתִּי, בִּדְאַשְׁרוּשׁ לָא פְּלִיגִי?! וְהָא תַּנְיָא: אִילָן – מִקְצָתוֹ בָּאָרֶץ וּמִקְצָתוֹ"
gittin_29,37,23,2,1,1,Gittin 29b,5,6,2,רַב נַחְמָן בַּר יִצְחָק מַתְנֵי הָכִי: אֲמַרוּ לֵיהּ רַבָּנַן לַאֲבִימִי בְּרֵיהּ דְּרַבִּי אֲבָהוּ
gittin_38,34,17,2,1,1,Gittin 38a,8,9,2,"אֶלָּא לְרָבָא – דְּאָמַר לְאַחַר יֵאוּשׁ, קַשְׁיָא דְּרַבִּי יוֹחָנָן אַדְּרַבִּי יוֹחָנָן!"
horayot_13,42,30,2,1,1,Horayot 13a,20,21,2,אֵימָתַי? בִּזְמַן שֶׁכּוּלָּן שָׁוִין כּוּ׳. מְנָא הָנֵי מִילֵּי? אָמַר רַב אַחָא בְּרַבִּי חֲנִינָ
horayot_4,40,36,2,1,1,Horayot 4a,4,5,2,אָמַר לוֹ בֶּן עַזַּאי: מַאי שְׁנָא מִן הַיּוֹשֵׁב כּוּ׳. שַׁפִּיר קָאָמַר לֵיהּ רַבִּי עֲקִיבָא לְב
horayot_7,36,35,2,1,1,Horayot 7b,17,18,2,וְתִסְבְּרַאּ: בִּזְדוֹנוֹ כָּרֵת וּבְשִׁגְגָתוֹ חַטָּאת מִי קָתָנֵי?
hullin_47,21,21,2,1,1,Hullin 47b,14,15,2,"רַבִּי חֲנַנְיָה חֲלַשׁ, עָל לְגַבֵּיהּ רַבִּי נָתָן וְכׇל גְּדוֹלֵי הַדּוֹר, אַיְיתוֹ קַמֵּיהּ רֵיא"
hullin_57,25,21,2,1,1,Hullin 57b,2,3,2,"וְאַשְׁכַּחְתֵּיהּ נָמֵי לְרַבִּי יִרְמְיָה בַּר אַבָּא דְּיָתֵיב וְקָא בָדֵיק בְּצוֹמֵת הַגִּידִין,"
hullin_98,30,30,2,1,1,Hullin 98a,5,6,2,"הָכִי נָמֵי מִסְתַּבְּרָא, דְּאִי סָלְקָא דַעְתָּךְ רֵישָׁא דְּלֵית בַּהּ אֶפְרוֹחַ – הַשְׁתָּא דְּל"
ketubot_101,39,29,2,1,1,Ketubot 101a,2,3,2,"מַאי קָא מַשְׁמַע לַן? תְּנֵינָא כּוּלְּהוּ: הַמְמָאֶנֶת בְּאִישׁ — הוּא מוּתָּר בִּקְרוֹבוֹתֶיהָ, ו"
ketubot_106,29,28,2,1,1,Ketubot 106b,12,13,2,״פֵּירוֹת״ מַאי הִיא? — דְּתַנְיָא: מוֹתַר תְּרוּמָה מָה הָיוּ עוֹשִׂין בָּהּ? לוֹקְחִין פֵּירוֹת בּ
ketubot_13,35,26,2,1,1,Ketubot 13a,16,17,2,"אֲמַר לֵיהּ רַב פָּפָּא לְאַבָּיֵי: לִזְעֵירִי דְּאָמַר מַאי ״מְדַבֶּרֶת״ — נִסְתְּרָה, וְאָמַר רַבּ"
ketubot_2,25,20,2,1,1,Ketubot 2a,11,1,2,"בִּשְׁעַת וִוסְתָּהּ, לָא תִּיבְּעֵי לָךְ"
ketubot_25,21,19,2,1,1,Ketubot 25a,9,10,2,"קָתָנֵי מִיהַת נְשִׂיאוּת כַּפַּיִם, מַאי לָאו לְיוּחֲסִין? לָא, לְחַלָּה. הָא דּוּמְיָא דְּחִילּוּק"
ketubot_39,20,12,2,1,1,Ketubot 39a,9,1,2,גְּמָ׳ צַעַר דְּמַאי? אָמַר אֲבוּהּ דִּשְׁמוּאֵל: צַעַר שֶׁחֲבָטָהּ עַל גַּבֵּי קַרְקַע. מַתְקֵיף לַ
ketubot_58,27,23,2,1,1,Ketubot 58b,7,8,2,"אִי בְּשֶׁאֵינָהּ נִיזּוֹנֶת, מַאי לְמֵימְרָא? אֲפִילּוּ לְמַאן דְּאָמַר יָכוֹל הָרַב לוֹמַר לָעֶבֶד"
makkot_21,26,18,2,1,1,Makkot 21a,13,14,2,"רַב פָּפָּא אָמַר: מַתְנִיתִין וּמַתְנִיתָא – רַב מַלְכִּיָּא, שְׁמַעְתָּתָא – רַב מַלְכִּיּוֹ. וְסִ"
megillah_26b,34,18,2,1,1,Megillah 26b,11,12,2,"וְאָמַר רָבָא: הַאי תֵּיבוּתָא דְּאִירְפַט, מִיעְבְּדַהּ תֵּיבָה זוּטַרְתִּי — שְׁרֵי, כּוּרְסְיָיא "
meilah_17,28,21,2,1,1,Meilah 17a,13,14,2,"חָזַר וְאָמַר לָהֶם: מִי שֶׁיֵּשׁ לוֹ אוֹיֵב, יַכְחִישׁ אוֹ יַבְרִיא? אָמְרוּ לוֹ: יַכְחִישׁ. אָמַר "
menachot_104,37,26,2,1,1,Menachot 104b,7,8,2,"אֵין שְׁנַיִם מִתְנַדְּבִין. מַאי טַעְמָא? אִילֵּימָא מִשּׁוּם דִּכְתִיב ״תַּקְרִיב״, עוֹלָה נָמֵי ה"
menachot_44,34,31,2,1,1,Menachot 44b,6,7,2,"וְרַבִּי נָמֵי מִיבְּעֵי לֵיהּ לִכְדִזְעֵירִי, וְרַבָּנַן נָמֵי מִיבְּעֵי לְהוּ לְ״מִנְחָתָם וְנִסְכ"
menachot_50b,42,27,2,1,1,Menachot 50b,5,6,2,"כֹּהֵן שֶׁמֵּבִיא מֶחֱצָה שַׁחֲרִית, וָמֵת, וּמִינּוּ כֹּהֵן אַחֵר תַּחְתָּיו – לֹא יָבִיא חֲצִי עִש"
menachot_75,29,29,2,1,1,Menachot 75a,6,7,2,"״אִי אֶפְשָׁר״ דְּקָאָמְרִי לֵיהּ רַבָּנַן לְרַבִּי, מַאי הִיא? אָמַר רַבִּי שְׁמוּאֵל בַּר רַב יִצְ"
menachot_8,36,15,2,1,1,Menachot 8a,7,8,2,"אֶלָּא מֵעַתָּה, תֶּיהְוֵי כְּשִׁירַיִם שֶׁחָסְרוּ בֵּין קְמִיצָה לְהַקְטָרָה, דְּאֵין מַקְטִירִין ק"
menachot_93,37,36,2,1,1,Menachot 93a,7,8,2,"וְרַבָּנַן, הַאי ״קׇרְבָּנוֹ״ מַאי עָבְדִי לֵיהּ? ״קׇרְבָּנוֹ״ – וְלֹא קׇרְבַּן גּוֹי, ״קׇרְבָּנוֹ״ "
nazir_44,27,7,2,1,1,Nazir 44b,5,6,2,אָמַר אַבָּיֵי: אַשְׁכַּחְתִּינְהוּ לְחַבְרֵיהּ דְּרַב נָתָן בַּר הוֹשַׁעְיָא דְּיָתְבִין וְקָאָמְרִ
nazir_9,16,16,2,1,1,Nazir 9a,5,6,2,"אֶלָּא: בֵּית שַׁמַּאי סָבְרִי לַהּ כְּרַבִּי מֵאִיר, דְּאָמַר: אֵין אָדָם מוֹצִיא דְּבָרָיו לְבַטָּ"
nedarim_19,23,22,2,1,1,Nedarim 19b,9,10,2,"רַבִּי יְהוּדָה אוֹמֵר: סְתָם תְּרוּמָה בִּיהוּדָה כּוּ׳. הָא מַכִּירִין — אֲסוּרִין, אַלְמָא סְפֵיק"
nedarim_88,11,9,2,1,1,Nedarim 88a,4,1,2,"גְּמָ׳ אָמַר רַב: לֹא שָׁנוּ אֶלָּא דְּאָמַר לַהּ ״מָה שֶׁאַתְּ נוֹשֵׂאת וְנוֹתֶנֶת בְּפִיךְ״, אֲבָל"
niddah_58,42,6,2,1,1,Niddah 58a,3,4,2,"בִּשְׁלָמָא לְרַב אָשֵׁי — הַיְינוּ דְּקָאָמַר ״קַרְקַע״, אֶלָּא לְרַב יִרְמְיָה — מַאי אִירְיָא קַר"
pesachim_35,35,31,2,1,1,Pesachim 35a,10,11,2,"תָּא שְׁמַע, דְּתַנְיָא, אָמַר רַבִּי יוֹחָנָן בֶּן נוּרִי: אוֹרֶז מִין דָּגָן הוּא וְחַיָּיבִין עַל"
pesachim_38,29,29,2,1,1,Pesachim 38a,15,16,2,"אוֹ דִילְמָא: חַד ״הוֹאִיל״ אָמְרִינַן, תְּרֵי ״הוֹאִיל״ לָא אָמְרִינַן? אָמַר רָבָא: מִסְתַּבְּרָא "
rosh_hashanah_24,34,33,2,1,1,Rosh Hashanah 24b,7,8,2,"אִי לְעׇבְדָם, אֲפִילּוּ שִׁלְשׁוּל קָטָן נָמֵי! אִין הָכִי נָמֵי, דְּתַנְיָא: ״אֲשֶׁר בָּאָרֶץ״ — ל"
sanhedrin_39,38,36,2,1,1,Sanhedrin 39b,9,10,2,״וְאִישׁ מָשַׁךְ בַּקֶּשֶׁת לְתֻמּוֹ וַיַּכֶּה״. רַבִּי אֶלְעָזָר אָמַר: לְפִי תּוּמּוֹ. רָבָא אָמַר
sanhedrin_46,41,11,2,1,1,Sanhedrin 46a,14,15,2,"וּמַתִּירִין אוֹתוֹ מִיָּד, וְאִם לָן – עוֹבֵר עָלָיו בְּלֹא תַעֲשֶׂה, שֶׁנֶּאֱמַר: ״לֹא תָלִין נִבְ"
sanhedrin_5,27,21,2,1,1,Sanhedrin 5a,13,1,2,וְאִי בָּעֵית אֵימָא:
sanhedrin_52,53,34,2,1,1,Sanhedrin 52b,4,5,2,אָמַר רַבִּי אֶלְעָזָר בְּרַבִּי צָדוֹק: מַעֲשֶׂה בְּבַת כֹּהֵן שֶׁזִּינְּתָה וְכוּ׳. אָמַר רַב יוֹס
sanhedrin_55,34,33,2,1,1,Sanhedrin 55b,2,3,2,"לָא, סֵיפָא תַּקָּלָה וְקָלוֹן. רֵישָׁא הָא קָא מַשְׁמַע לַן: דַּאֲפִילּוּ קָלוֹן בְּלֹא תַּקָּלָה נ"
sanhedrin_6,25,7,2,1,1,Sanhedrin 6a,2,3,2,"גּוּפָא, אָמַר רַבִּי אֲבָהוּ: שְׁנַיִם שֶׁדָּנוּ דִּינֵי מָמוֹנוֹת – לְדִבְרֵי הַכֹּל אֵין דִּינֵיה"
sanhedrin_61,42,31,2,1,1,Sanhedrin 61a,17,1,2,"בְּמַאי קָמִיפַּלְגִי? בְּמֵסִית לְעַצְמוֹ וְאָמְרִי לֵיהּ ״אִין״ קָמִיפַּלְגִי. מָר סָבַר, מֵסִית ל"
sanhedrin_7,38,16,2,1,1,Sanhedrin 7a,9,10,2,הָהוּא דַּהֲוָה קָאָמַר וְאָזֵיל: אַתַּרְתֵּי תְּלָת גַּנָּבָא לָא מִיקְּטַל. אֲמַר לֵיהּ שְׁמוּאֵל 
sanhedrin_71,45,27,2,1,1,Sanhedrin 71a,2,3,2,אֵינוֹ נַעֲשֶׂה בֵּן סוֹרֵר וּמוֹרֶה עַד שֶׁיֹּאכַל בָּשָׂר וְיִשְׁתֶּה יַיִן. תָּנוּ רַבָּנַן: אָכַ
sanhedrin_9,15,15,2,1,1,Sanhedrin 9b,7,8,2,וְאָמַר רַב יוֹסֵף: ״פְּלוֹנִי רְבָעוֹ לְאוֹנְסוֹ״ – הוּא וְאַחֵר מִצְטָרְפִין לְהׇרְגוֹ.
sanhedrin_96,30,28,2,1,1,Sanhedrin 96b,8,9,2,"תָּנוּ רַבָּנַן: נַעֲמָן - גֵּר תּוֹשָׁב הָיָה, נְבוּזַר אֲדָן - גֵּר צֶדֶק הָיָה. מִבְּנֵי בָנָיו ש"
shabbat_126,25,8,2,1,1,Shabbat 126b,14,15,2,"חֲבִילֵי קַשׁ וַחֲבִילֵי עֵצִים וַחֲבִילֵי זְרָדִים, אִם הִתְקִינָן לְמַאֲכַל בְּהֵמָה — מְטַלְטְלִי"
shabbat_130,27,26,2,1,1,Shabbat 130a,8,9,2,תָּא שְׁמַע: וּבַסַּכָּנָה מְכַסֵּהוּ עַל פִּי עֵדִים. אִי אָמְרַתְּ בִּשְׁלָמָא הוּא וּתְרֵי — שַׁפ
shabbat_139,41,34,2,1,1,Shabbat 139a,7,8,2,אִי בָּטְלִי יְהִירֵי בָּטְלִי אַמְגּוּשֵׁי — דִּכְתִיב: ״וְאֶצְרוֹף כַּבּוֹר סִיגָיִךְ״.
shabbat_15,19,18,2,1,1,Shabbat 15b,2,3,2,לְמֵימְרָא דַּחֲדָא גְּזֵירְתָא הֲוָה לִשְׂרֵיפָה? וְהָאָמַר אִילְפָא: יָדַיִם תְּחִלַּת גְּזֵירָתָן
shabbat_36,12,10,2,1,1,Shabbat 36b,1,2,2,לְמַאי נָפְקָא מִינָּה — לְגִיטֵּי נָשִׁים.
shabbat_70,12,12,2,1,1,Shabbat 70a,2,3,2,"חַיָּיב עַל כׇּל מְלָאכָה וּמְלָאכָה: חִילּוּק מְלָאכוֹת מְנָלַן? אָמַר שְׁמוּאֵל, אָמַר קְרָא: ״מְח"
shabbat_74,17,7,2,1,1,Shabbat 74a,3,4,2,"אֶלָּא אָמַר רַב חִסְדָּא: בּוֹרֵר וְאוֹכֵל פָּחוֹת מִכְּשִׁיעוּר, בּוֹרֵר וּמַנִּיחַ פָּחוֹת מִכְּש"
shabbat_77,20,19,2,1,1,Shabbat 77a,2,3,2,"אָמַר אַבָּיֵי: שְׁתֵּי תְּשׁוּבוֹת בַּדָּבָר — חֲדָא, דִּתְנַן: וְהַמָּזוּג שְׁנֵי חֶלְקֵי מַיִם וְ"
shabbat_89,16,15,2,1,1,Shabbat 89a,5,6,2,וְאָמַר רַבִּי יְהוֹשֻׁעַ בֶּן לֵוִי: בְּשָׁעָה שֶׁעָלָה מֹשֶׁה לַמָּרוֹם מְצָאוֹ לְהַקָּדוֹשׁ בָּרו
shevuot_20,27,19,2,1,1,Shevuot 20a,11,12,2,הֵיכָן הִטִּילוֹ? ״וְאִם בֵּית אִישָׁהּ נָדָרָה אוֹ אָסְרָה אִסָּר עַל נַפְשָׁהּ בִּשְׁבֻעָה וְגוֹ׳״
shevuot_28,22,21,2,1,1,Shevuot 28b,10,11,2,"״שְׁבוּעָה שֶׁלֹּא אוֹכַל תֵּשַׁע וְעֶשֶׂר״, מַהוּ? חַיָּיב עַל כׇּל אַחַת וְאַחַת. אֲמַר לֵיהּ: אִי"
shevuot_36,48,32,2,1,1,Shevuot 36b,1,2,2,אֶלָּא אֵיפוֹךְ – אֲפִילּוּ בְּאִיסּוּרָא לֵית לֵיהּ.
sotah_31,40,26,2,1,1,Sotah 31b,9,10,2,"עֵד אוֹמֵר נִטְמֵאת. טַעְמָא דְּקָא מַכְחֵישׁ לֵיהּ, הָא לָא קָא מַכְחֵישׁ לֵיהּ — עֵד אֶחָד מְהֵימַ"
sukkah_11,31,28,2,1,1,Sukkah 11a,14,15,2,וְסָבַר שְׁמוּאֵל לָא אָמְרִינַן פְּסִיקָתָן זוֹ הִיא עֲשִׂיָּיתָן? וְהָא תָּנֵי שְׁמוּאֵל מִשּׁוּם 
sukkah_2,33,33,2,1,1,Sukkah 2b,10,11,2,"בִּשְׁלָמָא דְּרַבִּי יֹאשִׁיָּה פְּלִיגָא אַדְּרַב הוּנָא וְרַב חָנָן בַּר רַבָּה, דְּאִינְהוּ קָא "
yevamot_22,34,28,2,1,1,Yevamot 22b,5,6,2,חוּץ מִמִּי שֶׁיֵּשׁ לוֹ אָח מִן הַשִּׁפְחָה וּמִן הַגּוֹיָה. מַאי טַעְמָא? אָמַר קְרָא: ״הָאִשָּׁה 
yevamot_37,46,35,2,1,1,Yevamot 37b,15,16,2,"וְהָכָא אִיפְּכָא. הָתָם אָמְרִי לֵיהּ: אַיְיתִי רְאָיָה וּשְׁקוֹל,"
yevamot_89,27,27,2,1,1,Yevamot 89b,11,12,2,דְּאָמַר רַבִּי יִצְחָק: מִנַּיִן שֶׁהֶפְקֵר בֵּית דִּין הֶפְקֵר — שֶׁנֶּאֱמַר: ״כֹּל אֲשֶׁר לֹא יָב
yoma_28,27,20,2,1,1,Yoma 28a,8,9,2,"הָךְ דְּלֵית לַהּ תַּקַּנְתָּא — קָתָנֵי, הָךְ דְּאִית לַהּ תַּקַּנְתָּא — לָא קָתָנֵי."
yoma_88,12,11,2,1,1,Yoma 88a,9,10,2,"תָּנוּ רַבָּנַן: הָרוֹאֶה קֶרִי בְּיוֹם הַכִּפּוּרִים — יוֹרֵד וְטוֹבֵל, וְלָעֶרֶב יְשַׁפְשֵׁף. לְעֶ"
zevachim_117,20,20,2,1,1,Zevachim 117b,3,4,2,"אָמַר לָהֶן מֹשֶׁה לְיִשְׂרָאֵל: כִּי עָיְילִיתוּ לָאָרֶץ ישראל – יְשָׁרוֹת תַּקְרִיבוּ, חוֹבוֹת לֹא"
zevachim_17,17,16,2,1,1,Zevachim 17a,4,5,2,"אֵימָא: תְּנֵהוּ עִנְיָן לְקוֹרֵחַ קׇרְחָה, וּלְמַשְׁחִית פְּאַת זָקָן!"
zevachim_45,34,33,2,1,1,Zevachim 45a,15,16,2,אָמַר רַבִּי יוֹסֵי: רוֹאֶה אֲנִי בְּכוּלָּן לְהַחְמִיר. בַּמֶּה דְּבָרִים אֲמוּרִים – בְּקׇדְשֵׁי מ
zevachim_86,22,21,2,1,1,Zevachim 86a,4,5,2,"רַבִּי אוֹמֵר, כָּתוּב אֶחָד אוֹמֵר: ״וְהִקְטִיר הַכֹּהֵן אֶת הַכֹּל הַמִּזְבֵּחָה״ – רִיבָּה, וְכָת"
zevachim_98,23,18,2,1,1,Zevachim 98b,5,6,2,הֲדַרַן עֲלָךְ דַּם חַטָּאת
zevachim_99,39,37,2,1,1,Zevachim 99a,5,6,2,"וְאֵימָא: ״כׇּל זָכָר״ – לְרַבּוֹת טְבוּל יוֹם! מִסְתַּבְּרָא בַּעַל מוּם הֲוָה לֵיהּ לְרַבּוֹיֵי, ש"
